arm,task,density,condition,n,acc,acc_lo,acc_hi,f1,hit_cap_rate,parsed_rate,constant_gold,vs_none_delta,vs_none_fixed,vs_none_broke,vs_none_p,vs_none_lo,vs_none_hi,vs_filler_delta,vs_filler_fixed,vs_filler_broke,vs_filler_churn,vs_filler_p,vs_filler_lo,vs_filler_hi,vs_none_churn,vs_none_q,vs_filler_q
qwen3-1.7b,node_count,0.1,none,100,0.02,0.005501852234968185,0.07001316294199365,0.02,0.0,1.0,1,0.0,0,0,,,,-0.14,2,16,18.0,0.001312255859375,-0.22,-0.06,,,0.0022495814732142855
qwen3-1.7b,node_count,0.1,filler,100,0.16,0.10095202349473717,0.24420444558894414,0.16,0.0,1.0,1,0.14,16,2,0.001312255859375,0.06,0.22,0.0,0,0,,,,,18.0,0.0019683837890625,
qwen3-1.7b,node_count,0.1,degree,100,0.03,0.010254338223414816,0.08452078080402699,0.03,0.0,1.0,1,0.009999999999999998,3,2,1.0,-0.03,0.050249999999998636,-0.13,3,16,19.0,0.004425048828125,-0.21,-0.05,5.0,1.0,0.007080078125
qwen3-1.7b,node_count,0.1,clustering,100,0.95,0.8882480347279118,0.9784566385436864,0.95,0.0,1.0,1,0.9299999999999999,93,0,2.0194839173657902e-28,0.88,0.98,0.7899999999999999,79,0,79.0,3.308722450212111e-24,0.7,0.87,93.0,2.4233807008389483e-27,7.940933880509066e-23
qwen3-1.7b,node_count,0.1,rwse,100,0.32,0.2366901081545688,0.4166280225367919,0.32,0.0,1.0,1,0.3,31,1,1.5366822481155396e-08,0.2,0.39024999999999865,0.16,24,8,32.0,0.0070003666914999485,0.05,0.26,32.0,3.073364496231079e-08,0.010500550037249923
qwen3-1.7b,node_count,0.1,components,100,0.19,0.1251465399270426,0.27779024070807856,0.19,0.0,1.0,1,0.17,19,2,0.00022125244140625,0.09,0.26,0.03,16,13,29.0,0.711071103811264,-0.08,0.13,21.0,0.00035400390625,0.8126526900700161
qwen3-1.7b,node_count,0.1,all,100,0.7,0.6041496156718804,0.7810524613377188,0.7,0.0,1.0,1,0.6799999999999999,68,0,6.776263578034403e-21,0.59,0.77,0.5399999999999999,58,4,62.0,2.5917592724744587e-13,0.43,0.65,68.0,2.710505431213761e-20,6.91135805993189e-13
qwen3-1.7b,node_count,0.2,none,100,0.0,0.0,0.03699480747600191,0.0,0.0,1.0,1,0.0,0,0,,,,-0.7,0,70,70.0,1.6940658945086007e-21,-0.79,-0.61,,,1.0164395367051604e-20
qwen3-1.7b,node_count,0.2,filler,100,0.7,0.6041496156718804,0.7810524613377188,0.7,0.0,1.0,1,0.7,70,0,1.6940658945086007e-21,0.6,0.79,0.0,0,0,,,,,70.0,8.131516293641283e-21,
qwen3-1.7b,node_count,0.2,degree,100,0.05,0.02154336145631356,0.11175196527208817,0.05,0.0,1.0,1,0.05,5,0,0.0625,0.01,0.1,-0.6499999999999999,3,68,71.0,5.057803134644878e-17,-0.75,-0.54,5.0,0.07894736842105263,2.4277455046295413e-16
qwen3-1.7b,node_count,0.2,clustering,100,1.0,0.9630051925239981,0.9999999999999999,1.0,0.0,1.0,1,1.0,100,0,1.5777218104420236e-30,1.0,1.0,0.30000000000000004,30,0,30.0,1.862645149230957e-09,0.21,0.39,100.0,3.7865323450608567e-29,4.470348358154297e-09
qwen3-1.7b,node_count,0.2,rwse,100,0.17,0.10893476059773155,0.25548181233642975,0.17,0.0,1.0,1,0.17,17,0,1.52587890625e-05,0.1,0.25,-0.5299999999999999,1,54,55.0,3.1086244689504383e-15,-0.63,-0.43,17.0,2.8170072115384617e-05,1.0658141036401503e-14
qwen3-1.7b,node_count,0.2,components,100,0.41,0.31867157095664655,0.5079874943890338,0.41,0.0,1.0,1,0.41,41,0,9.094947017729282e-13,0.32,0.51,-0.29,11,40,51.0,5.703811637403078e-05,-0.42,-0.16,41.0,2.1827872842550277e-12,0.00010530113792128759
qwen3-1.7b,node_count,0.2,all,100,0.52,0.4231640509017654,0.6153561567991945,0.52,0.0,1.0,1,0.52,52,0,4.440892098500626e-16,0.42,0.62,-0.17999999999999994,14,32,46.0,0.011351591436778108,-0.31,-0.05,52.0,1.1842378929335002e-15,0.016025776146039682
qwen3-1.7b,node_count,0.35,none,100,0.28,0.2013955916759837,0.37488212361345724,0.28,0.0,1.0,1,0.0,0,0,,,,-0.71,0,71,71.0,8.470329472543003e-22,-0.8,-0.62,,,1.0164395367051604e-20
qwen3-1.7b,node_count,0.35,filler,100,0.99,0.9455124752390653,0.9982326134344526,0.99,0.0,1.0,1,0.71,71,0,8.470329472543003e-22,0.62,0.8,0.0,0,0,,,,,71.0,5.082197683525802e-21,
qwen3-1.7b,node_count,0.35,degree,100,0.45,0.3561437510640346,0.5475557296835656,0.45,0.0,1.0,1,0.16999999999999998,31,14,0.016094360031274846,0.049750000000000016,0.29,-0.54,1,55,56.0,1.582067810090848e-15,-0.64,-0.44,45.0,0.02145914670836646,6.328271240363392e-15
qwen3-1.7b,node_count,0.35,clustering,100,1.0,0.9630051925239981,0.9999999999999999,1.0,0.0,1.0,1,0.72,72,0,4.235164736271502e-22,0.63,0.81,0.010000000000000009,1,0,1.0,1.0,0.0,0.03,72.0,3.3881317890172014e-21,1.0
qwen3-1.7b,node_count,0.35,rwse,100,0.55,0.45244427031643447,0.6438562489359654,0.55,0.0,1.0,1,0.27,38,11,0.00014197068519905542,0.14,0.39,-0.43999999999999995,0,44,44.0,1.1368683772161603e-13,-0.54,-0.34,49.0,0.00024337831748409502,3.410605131648481e-13
qwen3-1.7b,node_count,0.35,components,100,0.7,0.6041496156718804,0.7810524613377188,0.7,0.0,1.0,1,0.41999999999999993,49,7,7.455210310203242e-09,0.3,0.54,-0.29000000000000004,1,30,31.0,2.9802322387695312e-08,-0.39,-0.2,56.0,1.62659134040798e-08,6.502324884588068e-08
qwen3-1.7b,node_count,0.35,all,100,0.94,0.8752303146877748,0.9722142547333433,0.94,0.0,1.0,1,0.6599999999999999,69,3,2.6371947296289014e-17,0.56,0.76,-0.050000000000000044,1,6,7.0,0.125,-0.1,0.0,72.0,7.911584188886704e-17,0.15789473684210525
qwen3-1.7b,node_count,0.5,none,100,0.96,0.9016278276739262,0.984336949448152,0.96,0.0,1.0,1,0.0,0,0,,,,-0.040000000000000036,0,4,4.0,0.125,-0.08,-0.01,,,0.15789473684210525
qwen3-1.7b,node_count,0.5,filler,100,1.0,0.9630051925239981,0.9999999999999999,1.0,0.0,1.0,1,0.040000000000000036,4,0,0.125,0.01,0.08,0.0,0,0,,,,,4.0,0.13636363636363635,
qwen3-1.7b,node_count,0.5,degree,100,1.0,0.9630051925239981,0.9999999999999999,1.0,0.0,1.0,1,0.040000000000000036,4,0,0.125,0.01,0.08,0.0,0,0,0.0,1.0,0.0,0.0,4.0,0.13636363636363635,1.0
qwen3-1.7b,node_count,0.5,clustering,100,1.0,0.9630051925239981,0.9999999999999999,1.0,0.0,1.0,1,0.040000000000000036,4,0,0.125,0.01,0.08,0.0,0,0,0.0,1.0,0.0,0.0,4.0,0.13636363636363635,1.0
qwen3-1.7b,node_count,0.5,rwse,100,0.3,0.21894753866228117,0.39585038432811953,0.3,0.0,1.0,1,-0.6599999999999999,1,67,4.675621868843738e-19,-0.76,-0.57,-0.7,0,70,70.0,1.6940658945086007e-21,-0.78,-0.61,68.0,1.6030703550321388e-18,1.0164395367051604e-20
qwen3-1.7b,node_count,0.5,components,100,0.81,0.7222097592919214,0.8748534600729574,0.81,0.0,1.0,1,-0.1499999999999999,4,19,0.002599477767944336,-0.25,-0.06,-0.18999999999999995,0,19,19.0,3.814697265625e-06,-0.27,-0.12,23.0,0.0036698509665096506,7.62939453125e-06
qwen3-1.7b,node_count,0.5,all,100,0.98,0.9299868370580063,0.9944981477650318,0.98,0.0,1.0,1,0.020000000000000018,4,2,0.6875,-0.03,0.07,-0.020000000000000018,0,2,2.0,0.5,-0.05,0.0,6.0,0.717391304347826,0.6
qwen3-1.7b,cycle_check,0.1,none,100,0.83,0.7445181876635703,0.8910652394022684,0.83,0.17,0.86,1,0.0,0,0,,,,-0.12,5,17,22.0,0.01690053939819336,-0.21,-0.04,,,0.06760215759277344
qwen3-1.7b,cycle_check,0.1,filler,100,0.95,0.8882480347279118,0.9784566385436864,0.95,0.05,0.96,1,0.12,17,5,0.01690053939819336,0.03,0.21,0.0,0,0,,,,,22.0,0.05070161819458008,
qwen3-1.7b,cycle_check,0.1,degree,100,0.88,0.8018773199709163,0.9300066263473222,0.88,0.11,0.92,1,0.050000000000000044,14,9,0.4048728942871094,-0.04,0.15,-0.06999999999999995,5,12,17.0,0.143463134765625,-0.15,0.01,23.0,0.647796630859375,0.3443115234375
qwen3-1.7b,cycle_check,0.1,clustering,100,0.98,0.9299868370580063,0.9944981477650318,0.98,0.02,0.98,1,0.15000000000000002,16,1,0.000274658203125,0.08,0.23,0.030000000000000027,4,1,5.0,0.375,-0.01,0.08,17.0,0.002197265625,0.7267717633928571
qwen3-1.7b,cycle_check,0.1,rwse,100,0.93,0.8625032899347025,0.965681175635936,0.93,0.07,0.98,1,0.10000000000000009,17,7,0.06391465663909912,0.01,0.2,-0.019999999999999907,4,6,10.0,0.75390625,-0.08,0.04,24.0,0.13945015993985263,1.0
qwen3-1.7b,cycle_check,0.1,components,100,0.91,0.8377362530335634,0.9519280048361151,0.91,0.1,0.95,1,0.08000000000000007,13,5,0.09625244140625,0.0,0.16,-0.039999999999999925,5,9,14.0,0.4239501953125,-0.11,0.03,18.0,0.1925048828125,0.7267717633928571
qwen3-1.7b,cycle_check,0.1,all,100,0.95,0.8882480347279118,0.9784566385436864,0.95,0.03,0.98,1,0.12,15,3,0.007537841796875,0.04,0.2,0.0,4,4,8.0,1.0,-0.05,0.06,18.0,0.037421226501464844,1.0
qwen3-1.7b,cycle_check,0.2,none,100,0.92,0.8500173312059693,0.9589070305141891,0.92,0.09,0.94,1,0.0,0,0,,,,0.020000000000000018,10,8,18.0,0.8145294189453125,-0.06,0.1,,,1.0
qwen3-1.7b,cycle_check,0.2,filler,100,0.9,0.8256326956323347,0.9447714583868639,0.9,0.1,0.91,1,-0.020000000000000018,8,10,0.8145294189453125,-0.1,0.06,0.0,0,0,,,,,18.0,1.0,
qwen3-1.7b,cycle_check,0.2,degree,100,0.78,0.6892946528499969,0.849988254963442,0.78,0.09,0.95,1,-0.14,6,20,0.009355306625366211,-0.24,-0.05,-0.12,9,21,30.0,0.04277394525706768,-0.22,-0.019750000000001364,26.0,0.037421226501464844,0.1466535265956606
qwen3-1.7b,cycle_check,0.2,clustering,100,0.99,0.9455124752390653,0.9982326134344526,0.99,0.01,0.99,1,0.06999999999999995,8,1,0.0390625,0.01,0.13,0.08999999999999997,10,1,11.0,0.01171875,0.03,0.16,9.0,0.09375,0.05625
qwen3-1.7b,cycle_check,0.2,rwse,100,0.94,0.8752303146877748,0.9722142547333433,0.94,0.0,1.0,1,0.019999999999999907,8,6,0.79052734375,-0.05,0.1,0.039999999999999925,9,5,14.0,0.4239501953125,-0.03,0.11,14.0,1.0,0.7267717633928571
qwen3-1.7b,cycle_check,0.2,components,100,0.92,0.8500173312059693,0.9589070305141891,0.92,0.09,0.95,1,0.0,7,7,1.0,-0.07,0.08,0.020000000000000018,10,8,18.0,0.8145294189453125,-0.06,0.1,14.0,1.0,1.0
qwen3-1.7b,cycle_check,0.2,all,100,1.0,0.9630051925239981,0.9999999999999999,1.0,0.0,1.0,1,0.07999999999999996,8,0,0.0078125,0.03,0.14,0.09999999999999998,10,0,10.0,0.001953125,0.05,0.16,8.0,0.037421226501464844,0.015625
qwen3-1.7b,cycle_check,0.35,none,100,0.94,0.8752303146877748,0.9722142547333433,0.94,0.09,0.97,1,0.0,0,0,,,,0.019999999999999907,7,5,12.0,0.7744140625,-0.05,0.09,,,1.0
qwen3-1.7b,cycle_check,0.35,filler,100,0.92,0.8500173312059693,0.9589070305141891,0.92,0.09,0.98,1,-0.019999999999999907,5,7,0.7744140625,-0.09,0.05,0.0,0,0,,,,,12.0,1.0,
qwen3-1.7b,cycle_check,0.35,degree,100,0.63,0.5322034757513312,0.7181778743049083,0.63,0.26,0.8,1,-0.30999999999999994,4,35,3.353161446284503e-07,-0.41024999999999995,-0.21,-0.29000000000000004,7,36,43.0,8.963039363152348e-06,-0.40025,-0.18,39.0,4.023793735541403e-06,0.00010755647235782817
qwen3-1.7b,cycle_check,0.35,clustering,100,1.0,0.9630051925239981,0.9999999999999999,1.0,0.0,1.0,1,0.06000000000000005,6,0,0.03125,0.02,0.11,0.07999999999999996,8,0,8.0,0.0078125,0.03,0.13,6.0,0.08333333333333333,0.046875
qwen3-1.7b,cycle_check,0.35,rwse,100,0.87,0.7901947810519012,0.9224290614158575,0.87,0.0,1.0,1,-0.06999999999999995,5,12,0.143463134765625,-0.15,0.01,-0.050000000000000044,7,12,19.0,0.359283447265625,-0.14,0.03,17.0,0.26485501802884615,0.7267717633928571
qwen3-1.7b,cycle_check,0.35,components,100,0.92,0.8500173312059693,0.9589070305141891,0.92,0.07,0.94,1,-0.019999999999999907,6,8,0.79052734375,-0.09,0.05,0.0,6,6,12.0,1.0,-0.07,0.07,14.0,1.0,1.0
qwen3-1.7b,cycle_check,0.35,all,100,0.98,0.9299868370580063,0.9944981477650318,0.98,0.01,0.99,1,0.040000000000000036,6,2,0.2890625,-0.01,0.1,0.05999999999999994,8,2,10.0,0.109375,0.0,0.12,8.0,0.4955357142857143,0.2916666666666667
qwen3-1.7b,cycle_check,0.5,none,100,1.0,0.9630051925239981,0.9999999999999999,1.0,0.01,1.0,1,0.0,0,0,,,,0.010000000000000009,1,0,1.0,1.0,0.0,0.03,,,1.0
qwen3-1.7b,cycle_check,0.5,filler,100,0.99,0.9455124752390653,0.9982326134344526,0.99,0.01,1.0,1,-0.010000000000000009,0,1,1.0,-0.030249999999999985,0.0,0.0,0,0,,,,,1.0,1.0,
qwen3-1.7b,cycle_check,0.5,degree,100,0.64,0.542352199811621,0.7272892540950986,0.64,0.23,0.81,1,-0.36,0,36,2.9103830456733704e-11,-0.45,-0.27,-0.35,0,35,35.0,5.820766091346741e-11,-0.44,-0.26,36.0,6.984919309616089e-10,1.3969838619232178e-09
qwen3-1.7b,cycle_check,0.5,clustering,100,1.0,0.9630051925239981,0.9999999999999999,1.0,0.0,1.0,1,0.0,0,0,1.0,0.0,0.0,0.010000000000000009,1,0,1.0,1.0,0.0,0.03,0.0,1.0,1.0
qwen3-1.7b,cycle_check,0.5,rwse,100,0.93,0.8625032899347025,0.965681175635936,0.93,0.0,1.0,1,-0.06999999999999995,0,7,0.015625,-0.12,-0.02,-0.05999999999999994,1,7,8.0,0.0703125,-0.12,-0.01,7.0,0.05070161819458008,0.2109375
qwen3-1.7b,cycle_check,0.5,components,100,1.0,0.9630051925239981,0.9999999999999999,1.0,0.0,1.0,1,0.0,0,0,1.0,0.0,0.0,0.010000000000000009,1,0,1.0,1.0,0.0,0.03,0.0,1.0,1.0
qwen3-1.7b,cycle_check,0.5,all,100,0.99,0.9455124752390653,0.9982326134344526,0.99,0.0,1.0,1,-0.010000000000000009,0,1,1.0,-0.03,0.0,0.0,1,1,2.0,1.0,-0.03,0.03,1.0,1.0,1.0
qwen3-1.7b,edge_existence,0.1,none,100,0.89,0.8136853697209698,0.9374586804477487,0.89,0.0,1.0,0,0.0,0,0,,,,0.050000000000000044,9,4,13.0,0.266845703125,-0.02,0.12,,,0.43105844350961536
qwen3-1.7b,edge_existence,0.1,filler,100,0.84,0.7557955544110557,0.8990479765052628,0.84,0.0,1.0,0,-0.050000000000000044,4,9,0.266845703125,-0.13,0.02,0.0,0,0,,,,,13.0,0.5898694490131579,
qwen3-1.7b,edge_existence,0.1,degree,100,0.83,0.7445181876635703,0.8910652394022684,0.83,0.0,1.0,0,-0.06000000000000005,1,7,0.0703125,-0.12,-0.01,-0.010000000000000009,4,5,9.0,1.0,-0.07,0.05,8.0,0.24609375,1.0
qwen3-1.7b,edge_existence,0.1,clustering,100,0.84,0.7557955544110557,0.8990479765052628,0.84,0.0,1.0,0,-0.050000000000000044,4,9,0.266845703125,-0.12,0.02,0.0,5,5,10.0,1.0,-0.06,0.06,13.0,0.5898694490131579,1.0
qwen3-1.7b,edge_existence,0.1,rwse,100,0.91,0.8377362530335634,0.9519280048361151,0.91,0.01,0.99,0,0.020000000000000018,6,4,0.75390625,-0.04,0.08,0.07000000000000006,10,3,13.0,0.09228515625,0.0,0.14,10.0,1.0,0.1845703125
qwen3-1.7b,edge_existence,0.1,components,100,0.86,0.7786263961619276,0.914737342455351,0.86,0.0,1.0,0,-0.030000000000000027,2,5,0.453125,-0.08,0.02,0.020000000000000018,6,4,10.0,0.75390625,-0.04,0.08,7.0,0.79296875,1.0
qwen3-1.7b,edge_existence,0.1,all,100,0.89,0.8136853697209698,0.9374586804477487,0.89,0.0,1.0,0,0.0,6,6,1.0,-0.07,0.07,0.050000000000000044,10,5,15.0,0.3017578125,-0.02,0.13,12.0,1.0,0.4694010416666667
qwen3-1.7b,edge_existence,0.2,none,100,0.73,0.6356769977376873,0.8073053908233518,0.73,0.0,1.0,0,0.0,0,0,,,,0.19999999999999996,25,5,30.0,0.00032491423189640045,0.1,0.3,,,0.001049722903049909
qwen3-1.7b,edge_existence,0.2,filler,100,0.53,0.4328868313724773,0.6248934801789626,0.53,0.0,1.0,0,-0.19999999999999996,5,25,0.00032491423189640045,-0.3,-0.1,0.0,0,0,,,,,30.0,0.003380584716796875,
qwen3-1.7b,edge_existence,0.2,degree,100,0.7,0.6041496156718804,0.7810524613377188,0.7,0.0,1.0,0,-0.030000000000000027,12,15,0.7011080384254456,-0.13,0.08,0.16999999999999993,23,6,29.0,0.002315700054168701,0.07,0.27,27.0,1.0,0.0064839601516723635
qwen3-1.7b,edge_existence,0.2,clustering,100,0.74,0.6462882736813838,0.8159542187301354,0.74,0.0,1.0,0,0.010000000000000009,16,15,1.0,-0.1,0.12,0.20999999999999996,24,3,27.0,4.9233436584472656e-05,0.12,0.31,31.0,1.0,0.00018798221241344106
qwen3-1.7b,edge_existence,0.2,rwse,100,0.68,0.5833719774632081,0.7633098918454312,0.68,0.0,1.0,0,-0.04999999999999993,11,16,0.44206833839416504,-0.15,0.04,0.15000000000000002,22,7,29.0,0.008130058646202087,0.05,0.25,27.0,0.79296875,0.020086027243558097
qwen3-1.7b,edge_existence,0.2,components,100,0.62,0.5220957382071033,0.7090255079986562,0.62,0.0,1.0,0,-0.10999999999999999,6,17,0.03468966484069824,-0.2,-0.02,0.08999999999999997,12,3,15.0,0.03515625,0.02,0.16,23.0,0.1324514475735751,0.07771381578947369
qwen3-1.7b,edge_existence,0.2,all,100,0.81,0.7222097592919214,0.8748534600729574,0.81,0.0,1.0,0,0.08000000000000007,16,8,0.15158963203430176,-0.02,0.18,0.28,32,4,36.0,1.941574737429619e-06,0.18,0.38,24.0,0.4244509696960449,1.0193267371505499e-05
qwen3-1.7b,edge_existence,0.35,none,100,0.66,0.5627754565831095,0.74538620502457,0.66,0.0,1.0,0,0.0,0,0,,,,0.32,33,1,34.0,4.0745362639427185e-09,0.23,0.41,,,2.852175384759903e-08
qwen3-1.7b,edge_existence,0.35,filler,100,0.34,0.25461379497543,0.43722454341689065,0.34,0.0,1.0,0,-0.32,1,33,4.0745362639427185e-09,-0.42,-0.22,0.0,0,0,,,,,34.0,1.7113052308559418e-07,
qwen3-1.7b,edge_existence,0.35,degree,100,0.67,0.5730516033971139,0.7543701620610456,0.67,0.0,1.0,0,0.010000000000000009,11,10,1.0,-0.08,0.1,0.33,33,0,33.0,2.3283064365386963e-10,0.24975000000000003,0.42,21.0,1.0,2.444721758365631e-09
qwen3-1.7b,edge_existence,0.35,clustering,100,0.72,0.6251178763865427,0.7986044083240164,0.72,0.0,1.0,0,0.05999999999999994,14,8,0.28627872467041016,-0.04,0.16,0.37999999999999995,39,1,40.0,7.457856554538012e-11,0.28,0.48,22.0,0.6011853218078613,1.5661498764529824e-09
qwen3-1.7b,edge_existence,0.35,rwse,100,0.76,0.6676748127670786,0.8330878873454004,0.76,0.0,1.0,0,0.09999999999999998,23,13,0.13249816396273673,-0.02,0.21,0.42,45,3,48.0,1.312585595769633e-10,0.31,0.53,36.0,0.3974944918882102,1.8376198340774863e-09
qwen3-1.7b,edge_existence,0.35,components,100,0.5,0.40382982859014716,0.5961701714098528,0.5,0.0,1.0,0,-0.16000000000000003,2,18,0.0004024505615234375,-0.25,-0.08,0.15999999999999998,17,1,18.0,0.00014495849609375,0.09,0.24,20.0,0.003380584716796875,0.000507354736328125
qwen3-1.7b,edge_existence,0.35,all,100,0.78,0.6892946528499969,0.849988254963442,0.78,0.0,1.0,0,0.12,26,14,0.0806904677519924,-0.01,0.24,0.44,45,1,46.0,1.3358203432289883e-12,0.34,0.55,40.0,0.2606922804295139,5.610445441561751e-11
qwen3-1.7b,edge_existence,0.5,none,100,0.54,0.44264685393523856,0.6343935614666815,0.54,0.0,1.0,0,0.0,0,0,,,,0.06000000000000005,6,0,6.0,0.03125,0.02,0.11,,,0.07291666666666667
qwen3-1.7b,edge_existence,0.5,filler,100,0.48,0.38464384320080547,0.5768359490982345,0.48,0.0,1.0,0,-0.06000000000000005,0,6,0.03125,-0.11,-0.02,0.0,0,0,,,,,6.0,0.13125,
qwen3-1.7b,edge_existence,0.5,degree,100,0.78,0.6892946528499969,0.849988254963442,0.78,0.0,1.0,0,0.24,25,1,8.046627044677734e-07,0.16,0.33,0.30000000000000004,31,1,32.0,1.5366822481155396e-08,0.2,0.39,26.0,1.1265277862548828e-05,9.220093488693237e-08
qwen3-1.7b,edge_existence,0.5,clustering,100,0.67,0.5730516033971139,0.7543701620610456,0.67,0.0,1.0,0,0.13,14,1,0.0009765625,0.06,0.2,0.19000000000000006,19,0,19.0,3.814697265625e-06,0.12,0.27,15.0,0.0068359375,1.6021728515625e-05
qwen3-1.7b,edge_existence,0.5,rwse,100,0.67,0.5730516033971139,0.7543701620610456,0.67,0.0,1.0,0,0.13,15,2,0.002349853515625,0.06,0.21,0.19000000000000006,19,0,19.0,3.814697265625e-06,0.12,0.27,17.0,0.01409912109375,1.6021728515625e-05
qwen3-1.7b,edge_existence,0.5,components,100,0.51,0.4134784047743415,0.6057816990761385,0.51,0.0,1.0,0,-0.030000000000000027,1,4,0.375,-0.08,0.01,0.030000000000000027,3,0,3.0,0.25,0.0,0.07,5.0,0.75,0.42
qwen3-1.7b,edge_existence,0.5,all,100,0.8,0.7111690380734977,0.8666340774409013,0.8,0.0,1.0,0,0.26,27,1,2.1606683731079102e-07,0.17,0.35,0.32000000000000006,32,0,32.0,4.656612873077393e-10,0.23,0.41,28.0,4.537403583526611e-06,3.91155481338501e-09
qwen3-1.7b,edge_existence,0.65,none,100,0.68,0.5833719774632081,0.7633098918454312,0.68,0.0,1.0,0,0.0,0,0,,,,0.020000000000000018,2,0,2.0,0.5,0.0,0.05,,,0.7
qwen3-1.7b,edge_existence,0.65,filler,100,0.66,0.5627754565831095,0.74538620502457,0.66,0.0,1.0,0,-0.020000000000000018,0,2,0.5,-0.05,0.0,0.0,0,0,,,,,2.0,0.8076923076923077,
qwen3-1.7b,edge_existence,0.65,degree,100,0.71,0.6146092505999207,0.7898529302601586,0.71,0.0,1.0,0,0.029999999999999916,3,0,0.25,0.0,0.07,0.04999999999999993,5,0,5.0,0.0625,0.01,0.1,3.0,0.5898694490131579,0.13125
qwen3-1.7b,edge_existence,0.65,clustering,100,0.67,0.5730516033971139,0.7543701620610456,0.67,0.0,1.0,0,-0.010000000000000009,1,2,1.0,-0.05,0.02,0.010000000000000009,1,0,1.0,1.0,0.0,0.03,3.0,1.0,1.0
qwen3-1.7b,edge_existence,0.65,rwse,100,0.7,0.6041496156718804,0.7810524613377188,0.7,0.0,1.0,0,0.019999999999999907,4,2,0.6875,-0.03,0.07,0.039999999999999925,4,0,4.0,0.125,0.01,0.08,6.0,1.0,0.22826086956521738
qwen3-1.7b,edge_existence,0.65,components,100,0.66,0.5627754565831095,0.74538620502457,0.66,0.0,1.0,0,-0.020000000000000018,0,2,0.5,-0.05,0.0,0.0,0,0,0.0,1.0,0.0,0.0,2.0,0.8076923076923077,1.0
qwen3-1.7b,edge_existence,0.65,all,100,0.76,0.6676748127670786,0.8330878873454004,0.76,0.0,1.0,0,0.07999999999999996,8,0,0.0078125,0.03,0.14,0.09999999999999998,10,0,10.0,0.001953125,0.05,0.16,8.0,0.041015625,0.005859375
qwen3-1.7b,edge_existence,0.75,none,100,0.77,0.6784543514317231,0.841568452531236,0.77,0.0,1.0,0,0.0,0,0,,,,0.010000000000000009,1,0,1.0,1.0,0.0,0.03,,,1.0
qwen3-1.7b,edge_existence,0.75,filler,100,0.76,0.6676748127670786,0.8330878873454004,0.76,0.0,1.0,0,-0.010000000000000009,0,1,1.0,-0.03,0.0,0.0,0,0,,,,,1.0,1.0,
qwen3-1.7b,edge_existence,0.75,degree,100,0.78,0.6892946528499969,0.849988254963442,0.78,0.04,0.96,0,0.010000000000000009,9,8,1.0,-0.07,0.09,0.020000000000000018,9,7,16.0,0.803619384765625,-0.06,0.1,17.0,1.0,1.0
qwen3-1.7b,edge_existence,0.75,clustering,100,0.82,0.7333246397578691,0.8829986834574896,0.82,0.0,1.0,0,0.04999999999999993,8,3,0.2265625,-0.01,0.12,0.05999999999999994,8,2,10.0,0.109375,0.0,0.12,11.0,0.5898694490131579,0.20880681818181818
qwen3-1.7b,edge_existence,0.75,rwse,100,0.77,0.6784543514317231,0.841568452531236,0.77,0.0,1.0,0,0.0,1,1,1.0,-0.03,0.03,0.010000000000000009,1,0,1.0,1.0,0.0,0.03,2.0,1.0,1.0
qwen3-1.7b,edge_existence,0.75,components,100,0.77,0.6784543514317231,0.841568452531236,0.77,0.0,1.0,0,0.0,0,0,1.0,0.0,0.0,0.010000000000000009,1,0,1.0,1.0,0.0,0.03,0.0,1.0,1.0
qwen3-1.7b,edge_existence,0.75,all,100,0.86,0.7786263961619276,0.914737342455351,0.86,0.0,1.0,0,0.08999999999999997,10,1,0.01171875,0.03,0.15,0.09999999999999998,11,1,12.0,0.00634765625,0.04,0.16,11.0,0.0546875,0.01666259765625
qwen3-1.7b,edge_existence,0.85,none,100,0.86,0.7786263961619276,0.914737342455351,0.86,0.0,1.0,0,0.0,0,0,,,,0.010000000000000009,1,0,1.0,1.0,0.0,0.03,,,1.0
qwen3-1.7b,edge_existence,0.85,filler,100,0.85,0.7671626666784216,0.906940968088377,0.85,0.0,1.0,0,-0.010000000000000009,0,1,1.0,-0.03,0.0,0.0,0,0,,,,,1.0,1.0,
qwen3-1.7b,edge_existence,0.85,degree,100,0.88,0.8018773199709163,0.9300066263473222,0.88,0.0,1.0,0,0.020000000000000018,3,1,0.625,-0.02,0.06,0.030000000000000027,4,1,5.0,0.375,-0.01,0.08,4.0,0.9722222222222222,0.5625
qwen3-1.7b,edge_existence,0.85,clustering,100,0.86,0.7786263961619276,0.914737342455351,0.86,0.0,1.0,0,0.0,0,0,1.0,0.0,0.0,0.010000000000000009,1,0,1.0,1.0,0.0,0.03,0.0,1.0,1.0
qwen3-1.7b,edge_existence,0.85,rwse,100,0.87,0.7901947810519012,0.9224290614158575,0.87,0.0,1.0,0,0.010000000000000009,2,1,1.0,-0.02,0.04,0.020000000000000018,2,0,2.0,0.5,0.0,0.05,3.0,1.0,0.7
qwen3-1.7b,edge_existence,0.85,components,100,0.85,0.7671626666784216,0.906940968088377,0.85,0.0,1.0,0,-0.010000000000000009,0,1,1.0,-0.03,0.0,0.0,0,0,0.0,1.0,0.0,0.0,1.0,1.0,1.0
qwen3-1.7b,edge_existence,0.85,all,100,0.89,0.8136853697209698,0.9374586804477487,0.89,0.0,1.0,0,0.030000000000000027,5,2,0.453125,-0.02,0.08,0.040000000000000036,5,1,6.0,0.21875,0.0,0.09,7.0,0.79296875,0.3828125
qwen3-1.7b,node_degree,0.1,none,100,0.91,0.8377362530335634,0.9519280048361151,0.91,0.0,1.0,0,0.0,0,0,,,,-0.04999999999999993,1,6,7.0,0.125,-0.1,0.0,,,0.3088235294117647
qwen3-1.7b,node_degree,0.1,filler,100,0.96,0.9016278276739262,0.984336949448152,0.96,0.0,1.0,0,0.04999999999999993,6,1,0.125,0.0,0.1,0.0,0,0,,,,,7.0,0.5574396306818182,
qwen3-1.7b,node_degree,0.1,degree,100,0.94,0.8752303146877748,0.9722142547333433,0.94,0.0,1.0,0,0.029999999999999916,5,2,0.453125,-0.02,0.08,-0.020000000000000018,0,2,2.0,0.5,-0.05,0.0,7.0,1.0,0.9130434782608695
qwen3-1.7b,node_degree,0.1,clustering,100,0.93,0.8625032899347025,0.965681175635936,0.93,0.0,1.0,0,0.020000000000000018,6,4,0.75390625,-0.04,0.08,-0.029999999999999916,1,4,5.0,0.375,-0.07,0.01,10.0,1.0,0.75
qwen3-1.7b,node_degree,0.1,rwse,100,0.94,0.8752303146877748,0.9722142547333433,0.94,0.0,1.0,0,0.029999999999999916,6,3,0.5078125,-0.03,0.09,-0.020000000000000018,1,3,4.0,0.625,-0.06,0.01,9.0,1.0,0.984375
qwen3-1.7b,node_degree,0.1,components,100,0.92,0.8500173312059693,0.9589070305141891,0.92,0.0,1.0,0,0.010000000000000009,4,3,1.0,-0.04,0.06,-0.039999999999999925,0,4,4.0,0.125,-0.08,-0.01,7.0,1.0,0.3088235294117647
qwen3-1.7b,node_degree,0.1,all,100,0.97,0.915479219195973,0.9897456617765851,0.97,0.0,1.0,0,0.05999999999999994,9,3,0.14599609375,-0.01,0.13,0.010000000000000009,3,2,5.0,1.0,-0.03,0.06,12.0,0.5574396306818182,1.0
qwen3-1.7b,node_degree,0.2,none,100,0.8,0.7111690380734977,0.8666340774409013,0.8,0.0,1.0,0,0.0,0,0,,,,0.07000000000000006,11,4,15.0,0.11846923828125,0.0,0.15,,,0.3088235294117647
qwen3-1.7b,node_degree,0.2,filler,100,0.73,0.6356769977376873,0.8073053908233518,0.73,0.0,1.0,0,-0.07000000000000006,4,11,0.11846923828125,-0.15,0.01,0.0,0,0,,,,,15.0,0.5574396306818182,
qwen3-1.7b,node_degree,0.2,degree,100,0.9,0.8256326956323347,0.9447714583868639,0.9,0.0,1.0,0,0.09999999999999998,12,2,0.012939453125,0.03,0.17,0.17000000000000004,20,3,23.0,0.00048828125,0.09,0.26,14.0,0.11523275449289941,0.01837158203125
qwen3-1.7b,node_degree,0.2,clustering,100,0.82,0.7333246397578691,0.8829986834574896,0.82,0.0,1.0,0,0.019999999999999907,12,10,0.8318119049072266,-0.07,0.11,0.08999999999999997,20,11,31.0,0.14961278438568115,-0.02,0.2,22.0,1.0,0.34909649689992267
qwen3-1.7b,node_degree,0.2,rwse,100,0.84,0.7557955544110557,0.8990479765052628,0.84,0.0,1.0,0,0.039999999999999925,11,7,0.480682373046875,-0.04,0.12,0.10999999999999999,14,3,17.0,0.012725830078125,0.04,0.19,18.0,1.0,0.06681060791015625
qwen3-1.7b,node_degree,0.2,components,100,0.82,0.7333246397578691,0.8829986834574896,0.82,0.0,1.0,0,0.019999999999999907,7,5,0.7744140625,-0.05,0.09,0.08999999999999997,15,6,21.0,0.0783538818359375,0.0,0.18,12.0,1.0,0.2991693670099432
qwen3-1.7b,node_degree,0.2,all,100,0.9,0.8256326956323347,0.9447714583868639,0.9,0.0,1.0,0,0.09999999999999998,16,6,0.052478790283203125,0.019750000000000014,0.19,0.17000000000000004,21,4,25.0,0.0009105205535888672,0.08,0.26,22.0,0.3673515319824219,0.01837158203125
qwen3-1.7b,node_degree,0.35,none,100,0.41,0.31867157095664655,0.5079874943890338,0.41,0.0,1.0,0,0.0,0,0,,,,0.0,11,11,22.0,1.0,-0.09024999999999998,0.09,,,1.0
qwen3-1.7b,node_degree,0.35,filler,100,0.41,0.31867157095664655,0.5079874943890338,0.41,0.0,1.0,0,0.0,11,11,1.0,-0.1,0.09,0.0,0,0,,,,,22.0,1.0,
qwen3-1.7b,node_degree,0.35,degree,100,0.59,0.4920125056109662,0.6813284290433533,0.59,0.0,1.0,0,0.18,27,9,0.00393317302223295,0.06,0.29,0.18,27,9,36.0,0.00393317302223295,0.06,0.29,36.0,0.092926025390625,0.030975341796875
qwen3-1.7b,node_degree,0.35,clustering,100,0.47,0.3751065198210374,0.5671131686275227,0.47,0.0,1.0,0,0.06,21,15,0.40503224614076316,-0.06,0.18,0.06,18,12,30.0,0.361594608053565,-0.04024999999999999,0.16,36.0,0.9450752409951141,0.75
qwen3-1.7b,node_degree,0.35,rwse,100,0.47,0.3751065198210374,0.5671131686275227,0.47,0.01,1.0,0,0.06,20,14,0.39152830513194203,-0.05,0.17,0.06,22,16,38.0,0.417692190836533,-0.06,0.18,34.0,0.9450752409951141,0.7974123643242902
qwen3-1.7b,node_degree,0.35,components,100,0.44,0.34671865400968327,0.537720722887437,0.44,0.0,1.0,0,0.030000000000000027,13,10,0.6776394844055176,-0.06,0.12,0.030000000000000027,13,10,23.0,0.6776394844055176,-0.07,0.13,23.0,1.0,0.984375
qwen3-1.7b,node_degree,0.35,all,100,0.58,0.4820630799889527,0.672017750814887,0.58,0.0,1.0,0,0.16999999999999998,30,13,0.0137181850586785,0.05,0.29,0.16999999999999998,28,11,39.0,0.009475304279476404,0.05,0.28024999999999867,43.0,0.11523275449289941,0.056851825676858425
qwen3-1.7b,node_degree,0.5,none,100,0.3,0.21894753866228117,0.39585038432811953,0.3,0.0,1.0,0,0.0,0,0,,,,0.0,11,11,22.0,1.0,-0.09,0.09,,,1.0
qwen3-1.7b,node_degree,0.5,filler,100,0.3,0.21894753866228117,0.39585038432811953,0.3,0.0,1.0,0,0.0,11,11,1.0,-0.1,0.09,0.0,0,0,,,,,22.0,1.0,
qwen3-1.7b,node_degree,0.5,degree,100,0.29,0.21014706973984146,0.38539074940007934,0.29,0.0,1.0,0,-0.010000000000000009,13,14,1.0,-0.11,0.1,-0.010000000000000009,14,15,29.0,1.0,-0.11,0.09,27.0,1.0,1.0
qwen3-1.7b,node_degree,0.5,clustering,100,0.32,0.2366901081545688,0.4166280225367919,0.32,0.0,1.0,0,0.020000000000000018,14,12,0.8450189828872681,-0.08,0.12,0.020000000000000018,16,14,30.0,0.855535551905632,-0.08,0.12,26.0,1.0,1.0
qwen3-1.7b,node_degree,0.5,rwse,100,0.33,0.24562983793895452,0.4269483966028862,0.33,0.0,1.0,0,0.030000000000000027,16,13,0.711071103811264,-0.08,0.14,0.030000000000000027,16,13,29.0,0.711071103811264,-0.07,0.14,29.0,1.0,0.984375
qwen3-1.7b,node_degree,0.5,components,100,0.31,0.22779563206132378,0.40626239477955695,0.31,0.0,1.0,0,0.010000000000000009,12,11,1.0,-0.09,0.1,0.010000000000000009,11,10,21.0,1.0,-0.08,0.1,23.0,1.0,1.0
qwen3-1.7b,node_degree,0.5,all,100,0.38,0.2909744920013438,0.47790426179289663,0.38,0.0,1.0,0,0.08000000000000002,22,14,0.2429849540349096,-0.04,0.2,0.08000000000000002,22,14,36.0,0.2429849540349096,-0.04,0.2,36.0,0.7289548621047288,0.5371246352350634
qwen3-1.7b,node_degree,0.65,none,100,0.08,0.04109296948581091,0.14998266879403072,0.08,0.01,1.0,0,0.0,0,0,,,,0.009999999999999995,6,5,11.0,1.0,-0.06,0.07,,,1.0
qwen3-1.7b,node_degree,0.65,filler,100,0.07,0.034318824364064096,0.13749671006529757,0.07,0.0,1.0,0,-0.009999999999999995,5,6,1.0,-0.07,0.05,0.0,0,0,,,,,11.0,1.0,
qwen3-1.7b,node_degree,0.65,degree,100,0.08,0.04109296948581091,0.14998266879403072,0.08,0.0,1.0,0,0.0,7,7,1.0,-0.07,0.07,0.009999999999999995,5,4,9.0,1.0,-0.05,0.07,14.0,1.0,1.0
qwen3-1.7b,node_degree,0.65,clustering,100,0.07,0.034318824364064096,0.13749671006529757,0.07,0.0,1.0,0,-0.009999999999999995,5,6,1.0,-0.07,0.06,0.0,5,5,10.0,1.0,-0.06,0.06,11.0,1.0,1.0
qwen3-1.7b,node_degree,0.65,rwse,100,0.07,0.034318824364064096,0.13749671006529757,0.07,0.0,1.0,0,-0.009999999999999995,4,5,1.0,-0.07,0.05,0.0,5,5,10.0,1.0,-0.06,0.06,9.0,1.0,1.0
qwen3-1.7b,node_degree,0.65,components,100,0.14,0.08526265754464905,0.22137360383807236,0.14,0.0,1.0,0,0.06000000000000001,9,3,0.14599609375,0.0,0.13,0.07,11,4,15.0,0.11846923828125,-0.01,0.14,12.0,0.5574396306818182,0.3088235294117647
qwen3-1.7b,node_degree,0.65,all,100,0.15,0.09305903191162297,0.23283733332157835,0.15,0.0,1.0,0,0.06999999999999999,12,5,0.143463134765625,-0.01,0.15,0.07999999999999999,13,5,18.0,0.09625244140625,0.0,0.16,17.0,0.5574396306818182,0.3088235294117647
qwen3-1.7b,node_degree,0.75,none,100,0.16,0.10095202349473717,0.24420444558894414,0.16,0.0,1.0,0,0.0,0,0,,,,0.13,16,3,19.0,0.004425048828125,0.05,0.21,,,0.030975341796875
qwen3-1.7b,node_degree,0.75,filler,100,0.03,0.010254338223414816,0.08452078080402699,0.03,0.0,1.0,0,-0.13,3,16,0.004425048828125,-0.21,-0.05,0.0,0,0,,,,,19.0,0.092926025390625,
qwen3-1.7b,node_degree,0.75,degree,100,0.15,0.09305903191162297,0.23283733332157835,0.15,0.0,1.0,0,-0.010000000000000009,12,13,1.0,-0.1,0.09,0.12,14,2,16.0,0.004180908203125,0.05,0.2,25.0,1.0,0.030975341796875
qwen3-1.7b,node_degree,0.75,clustering,100,0.11,0.06254131955225126,0.18631463027903022,0.11,0.0,1.0,0,-0.05,8,13,0.38331031799316406,-0.14,0.04,0.08,11,3,14.0,0.057373046875,0.01,0.15,21.0,0.9450752409951141,0.240966796875
qwen3-1.7b,node_degree,0.75,rwse,100,0.05,0.02154336145631356,0.11175196527208817,0.05,0.0,1.0,0,-0.11,3,14,0.012725830078125,-0.19,-0.03,0.020000000000000004,5,3,8.0,0.7265625,-0.03,0.07,17.0,0.11523275449289941,0.984375
qwen3-1.7b,node_degree,0.75,components,100,0.12,0.06999337365267776,0.19812268002908368,0.12,0.0,1.0,0,-0.04000000000000001,4,8,0.3876953125,-0.11,0.03,0.09,11,2,13.0,0.0224609375,0.02,0.16,12.0,0.9450752409951141,0.10481770833333333
qwen3-1.7b,node_degree,0.75,all,100,0.17,0.10893476059773155,0.25548181233642975,0.17,0.0,1.0,0,0.010000000000000009,15,14,1.0,-0.1,0.11024999999999864,0.14,16,2,18.0,0.001312255859375,0.07,0.22,29.0,1.0,0.01837158203125
qwen3-1.7b,node_degree,0.85,none,100,0.05,0.02154336145631356,0.11175196527208817,0.05,0.0,1.0,0,0.0,0,0,,,,0.020000000000000004,5,3,8.0,0.7265625,-0.04,0.07024999999999865,,,0.984375
qwen3-1.7b,node_degree,0.85,filler,100,0.03,0.010254338223414816,0.08452078080402699,0.03,0.0,1.0,0,-0.020000000000000004,3,5,0.7265625,-0.08,0.03,0.0,0,0,,,,,8.0,1.0,
qwen3-1.7b,node_degree,0.85,degree,100,0.07,0.034318824364064096,0.13749671006529757,0.07,0.0,1.0,0,0.020000000000000004,7,5,0.7744140625,-0.05,0.09,0.04000000000000001,4,0,4.0,0.125,0.01,0.08,12.0,1.0,0.3088235294117647
qwen3-1.7b,node_degree,0.85,clustering,100,0.01,0.0017673865655472645,0.0544875247609346,0.01,0.0,1.0,0,-0.04,1,5,0.21875,-0.09,0.0,-0.019999999999999997,1,3,4.0,0.625,-0.06,0.02,6.0,0.7067307692307693,0.984375
qwen3-1.7b,node_degree,0.85,rwse,100,0.01,0.0017673865655472645,0.0544875247609346,0.01,0.0,1.0,0,-0.04,1,5,0.21875,-0.09,0.0,-0.019999999999999997,1,3,4.0,0.625,-0.06,0.02,6.0,0.7067307692307693,0.984375
qwen3-1.7b,node_degree,0.85,components,100,0.04,0.015663050551848016,0.09837217232607373,0.04,0.0,1.0,0,-0.010000000000000002,2,3,1.0,-0.06,0.03,0.010000000000000002,3,2,5.0,1.0,-0.03,0.06,5.0,1.0,1.0
qwen3-1.7b,node_degree,0.85,all,100,0.05,0.02154336145631356,0.11175196527208817,0.05,0.0,1.0,0,0.0,4,4,1.0,-0.05,0.05,0.020000000000000004,4,2,6.0,0.6875,-0.03,0.07,8.0,1.0,0.984375
qwen3-1.7b,connected_nodes,0.1,none,100,0.92,0.8500173312059693,0.9589070305141891,0.970008547008547,0.0,1.0,0,0.0,0,0,,,,0.0,7,7,14.0,1.0,-0.07024999999999999,0.07,,,1.0
qwen3-1.7b,connected_nodes,0.1,filler,100,0.92,0.8500173312059693,0.9589070305141891,0.9685363247863248,0.0,1.0,0,0.0,7,7,1.0,-0.07,0.07,0.0,0,0,,,,,14.0,1.0,
qwen3-1.7b,connected_nodes,0.1,degree,100,0.97,0.915479219195973,0.9897456617765851,0.978,0.0,1.0,0,0.04999999999999993,7,2,0.1796875,-0.01,0.11,0.04999999999999993,5,0,5.0,0.0625,0.01,0.1,9.0,0.71875,0.1179962891798753
qwen3-1.7b,connected_nodes,0.1,clustering,100,0.9,0.8256326956323347,0.9447714583868639,0.9604218559218558,0.0,1.0,0,-0.020000000000000018,6,8,0.79052734375,-0.09,0.06,-0.020000000000000018,4,6,10.0,0.75390625,-0.08,0.04,14.0,1.0,0.929296875
qwen3-1.7b,connected_nodes,0.1,rwse,100,0.98,0.9299868370580063,0.9944981477650318,0.9892307692307692,0.0,1.0,0,0.05999999999999994,7,1,0.0703125,0.01,0.12,0.05999999999999994,6,0,6.0,0.03125,0.02,0.11,8.0,0.421875,0.08333333333333333
qwen3-1.7b,connected_nodes,0.1,components,100,0.92,0.8500173312059693,0.9589070305141891,0.9776312021312021,0.0,1.0,0,0.0,3,3,1.0,-0.05,0.05,0.0,6,6,12.0,1.0,-0.07,0.07,6.0,1.0,1.0
qwen3-1.7b,connected_nodes,0.1,all,100,0.9,0.8256326956323347,0.9447714583868639,0.9503708252531783,0.01,1.0,0,-0.020000000000000018,5,7,0.7744140625,-0.09,0.05,-0.020000000000000018,5,7,12.0,0.7744140625,-0.09,0.05,12.0,1.0,0.929296875
qwen3-1.7b,connected_nodes,0.2,none,100,0.91,0.8377362530335634,0.9519280048361151,0.9869608169608171,0.0,1.0,0,0.0,0,0,,,,0.050000000000000044,8,3,11.0,0.2265625,-0.01,0.12,,,0.33984375
qwen3-1.7b,connected_nodes,0.2,filler,100,0.86,0.7786263961619276,0.914737342455351,0.9820239950108371,0.0,1.0,0,-0.050000000000000044,3,8,0.2265625,-0.11,0.01,0.0,0,0,,,,,11.0,0.7767857142857143,
qwen3-1.7b,connected_nodes,0.2,degree,100,0.92,0.8500173312059693,0.9589070305141891,0.9925871311500601,0.0,1.0,0,0.010000000000000009,6,5,1.0,-0.05,0.07,0.06000000000000005,9,3,12.0,0.14599609375,0.0,0.13,11.0,1.0,0.23359375
qwen3-1.7b,connected_nodes,0.2,clustering,100,0.9,0.8256326956323347,0.9447714583868639,0.9896671949481547,0.0,1.0,0,-0.010000000000000009,6,7,1.0,-0.08,0.06,0.040000000000000036,9,5,14.0,0.4239501953125,-0.03,0.11,13.0,1.0,0.5652669270833334
qwen3-1.7b,connected_nodes,0.2,rwse,100,0.86,0.7786263961619276,0.914737342455351,0.9852874175875723,0.0,1.0,0,-0.050000000000000044,4,9,0.266845703125,-0.12,0.02,0.0,5,5,10.0,1.0,-0.06,0.06,13.0,0.800537109375,1.0
qwen3-1.7b,connected_nodes,0.2,components,100,0.9,0.8256326956323347,0.9447714583868639,0.9823744229626583,0.0,1.0,0,-0.010000000000000009,3,4,1.0,-0.06,0.04,0.040000000000000036,8,4,12.0,0.3876953125,-0.03,0.11,7.0,1.0,0.5473345588235294
qwen3-1.7b,connected_nodes,0.2,all,100,0.84,0.7557955544110557,0.8990479765052628,0.9779183750695395,0.0,1.0,0,-0.07000000000000006,6,13,0.1670684814453125,-0.15,0.01,-0.020000000000000018,9,11,20.0,0.8238029479980469,-0.11,0.06,19.0,0.71875,0.9414890834263393
qwen3-1.7b,connected_nodes,0.35,none,100,0.59,0.4920125056109662,0.6813284290433533,0.9685655134586325,0.0,1.0,0,0.0,0,0,,,,0.09999999999999998,16,6,22.0,0.052478790283203125,0.01,0.19,,,0.11449917879971591
qwen3-1.7b,connected_nodes,0.35,filler,100,0.49,0.3942183009238615,0.5865215952256586,0.9574937567185303,0.0,1.0,0,-0.09999999999999998,6,16,0.052478790283203125,-0.2,-0.01,0.0,0,0,,,,,22.0,0.421875,
qwen3-1.7b,connected_nodes,0.35,degree,100,0.64,0.542352199811621,0.7272892540950986,0.9781835803842975,0.0,1.0,0,0.050000000000000044,16,11,0.44206833839416504,-0.05,0.15,0.15000000000000002,20,5,25.0,0.004077315330505371,0.06,0.24,27.0,1.0,0.024463891983032227
qwen3-1.7b,connected_nodes,0.35,clustering,100,0.63,0.5322034757513312,0.7181778743049083,0.9745576072009761,0.0,1.0,0,0.040000000000000036,15,11,0.557197093963623,-0.06,0.14,0.14,16,2,18.0,0.001312255859375,0.07,0.22,26.0,1.0,0.0157470703125
qwen3-1.7b,connected_nodes,0.35,rwse,100,0.61,0.5120283616749817,0.699832780680298,0.9561281049370934,0.0,1.0,0,0.020000000000000018,15,13,0.8505540192127228,-0.08,0.12,0.12,18,6,24.0,0.022655844688415527,0.03,0.22,28.0,1.0,0.06796753406524658
qwen3-1.7b,connected_nodes,0.35,components,100,0.64,0.542352199811621,0.7272892540950986,0.9678418913997237,0.0,1.0,0,0.050000000000000044,14,9,0.4048728942871094,-0.04,0.15,0.15000000000000002,20,5,25.0,0.004077315330505371,0.05,0.24,23.0,1.0,0.024463891983032227
qwen3-1.7b,connected_nodes,0.35,all,100,0.74,0.6462882736813838,0.8159542187301354,0.9608860368337655,0.0,1.0,0,0.15000000000000002,21,6,0.005924612283706665,0.05,0.25,0.25,27,2,29.0,1.6242265701293945e-06,0.15,0.34024999999999866,27.0,0.14219069480895996,3.898143768310547e-05
qwen3-1.7b,connected_nodes,0.5,none,100,0.48,0.38464384320080547,0.5768359490982345,0.9627404564214893,0.0,1.0,0,0.0,0,0,,,,0.09999999999999998,17,7,24.0,0.06391465663909912,0.01,0.2,,,0.1179962891798753
qwen3-1.7b,connected_nodes,0.5,filler,100,0.38,0.2909744920013438,0.47790426179289663,0.9416478924544179,0.0,1.0,0,-0.09999999999999998,7,17,0.06391465663909912,-0.19,-0.01,0.0,0,0,,,,,24.0,0.421875,
qwen3-1.7b,connected_nodes,0.5,degree,100,0.51,0.4134784047743415,0.6057816990761385,0.9689248738944509,0.0,1.0,0,0.030000000000000027,13,10,0.6776394844055176,-0.06,0.12,0.13,20,7,27.0,0.0191572904586792,0.03,0.23,23.0,1.0,0.06796753406524658
qwen3-1.7b,connected_nodes,0.5,clustering,100,0.52,0.4231640509017654,0.6153561567991945,0.9650133920890278,0.0,1.0,0,0.040000000000000036,14,10,0.5412561893463135,-0.06,0.13,0.14,19,5,24.0,0.006610751152038574,0.05,0.23,24.0,1.0,0.031731605529785156
qwen3-1.7b,connected_nodes,0.5,rwse,100,0.49,0.3942183009238615,0.5865215952256586,0.9502976744442252,0.0,1.0,0,0.010000000000000009,15,14,1.0,-0.1,0.11,0.10999999999999999,19,8,27.0,0.052238985896110535,0.01,0.21,29.0,1.0,0.11449917879971591
qwen3-1.7b,connected_nodes,0.5,components,100,0.47,0.3751065198210374,0.5671131686275227,0.9586939401051923,0.0,1.0,0,-0.010000000000000009,9,10,1.0,-0.09,0.07,0.08999999999999997,18,9,27.0,0.12207812070846558,0.0,0.19,19.0,1.0,0.20927677835736955
qwen3-1.7b,connected_nodes,0.5,all,100,0.5,0.40382982859014716,0.5961701714098528,0.9613245743607568,0.0,1.0,0,0.020000000000000018,18,16,0.8641662404406816,-0.1,0.13,0.12,18,6,24.0,0.022655844688415527,0.03,0.22,34.0,1.0,0.06796753406524658
qwen3-1.7b,edge_count,0.1,none,100,0.03,0.010254338223414816,0.08452078080402699,0.03,0.31,1.0,0,0.0,0,0,,,,0.03,3,0,3.0,0.25,0.0,0.07,,,1.0
qwen3-1.7b,edge_count,0.1,filler,100,0.0,0.0,0.03699480747600191,0.0,0.15,1.0,0,-0.03,0,3,0.25,-0.07,0.0,0.0,0,0,,,,,3.0,0.75,
qwen3-1.7b,edge_count,0.1,degree,100,0.06,0.02778574526665662,0.12476968531222507,0.06,0.1,1.0,0,0.03,6,3,0.5078125,-0.03,0.09,0.06,6,0,6.0,0.03125,0.02,0.11,9.0,1.0,0.375
qwen3-1.7b,edge_count,0.1,clustering,100,0.0,0.0,0.03699480747600191,0.0,0.1,1.0,0,-0.03,0,3,0.25,-0.07,0.0,0.0,0,0,0.0,1.0,0.0,0.0,3.0,0.75,1.0
qwen3-1.7b,edge_count,0.1,rwse,100,0.0,0.0,0.03699480747600191,0.0,0.1,1.0,0,-0.03,0,3,0.25,-0.07,0.0,0.0,0,0,0.0,1.0,0.0,0.0,3.0,0.75,1.0
qwen3-1.7b,edge_count,0.1,components,100,0.0,0.0,0.03699480747600191,0.0,0.2,1.0,0,-0.03,0,3,0.25,-0.07,0.0,0.0,0,0,0.0,1.0,0.0,0.0,3.0,0.75,1.0
qwen3-1.7b,edge_count,0.1,all,100,0.0,0.0,0.03699480747600191,0.0,0.26,1.0,0,-0.03,0,3,0.25,-0.07,0.0,0.0,0,0,0.0,1.0,0.0,0.0,3.0,0.75,1.0
qwen3-1.7b,edge_count,0.2,none,100,0.02,0.005501852234968185,0.07001316294199365,0.02,0.09,1.0,0,0.0,0,0,,,,-0.009999999999999998,1,2,3.0,1.0,-0.05,0.02,,,1.0
qwen3-1.7b,edge_count,0.2,filler,100,0.03,0.010254338223414816,0.08452078080402699,0.03,0.09,1.0,0,0.009999999999999998,2,1,1.0,-0.02,0.05,0.0,0,0,,,,,3.0,1.0,
qwen3-1.7b,edge_count,0.2,degree,100,0.03,0.010254338223414816,0.08452078080402699,0.03,0.06,1.0,0,0.009999999999999998,3,2,1.0,-0.04,0.05,0.0,2,2,4.0,1.0,-0.04,0.04,5.0,1.0,1.0
qwen3-1.7b,edge_count,0.2,clustering,100,0.03,0.010254338223414816,0.08452078080402699,0.03,0.03,1.0,0,0.009999999999999998,3,2,1.0,-0.03,0.05,0.0,1,1,2.0,1.0,-0.03,0.03,5.0,1.0,1.0
qwen3-1.7b,edge_count,0.2,rwse,100,0.02,0.005501852234968185,0.07001316294199365,0.02,0.09,1.0,0,0.0,2,2,1.0,-0.04,0.04,-0.009999999999999998,1,2,3.0,1.0,-0.04,0.02,4.0,1.0,1.0
qwen3-1.7b,edge_count,0.2,components,100,0.01,0.0017673865655472645,0.0544875247609346,0.01,0.2,1.0,0,-0.01,1,2,1.0,-0.05,0.02,-0.019999999999999997,1,3,4.0,0.625,-0.06,0.02,3.0,1.0,1.0
qwen3-1.7b,edge_count,0.2,all,100,0.01,0.0017673865655472645,0.0544875247609346,0.01,0.09,1.0,0,-0.01,1,2,1.0,-0.05,0.02,-0.019999999999999997,1,3,4.0,0.625,-0.06,0.02,3.0,1.0,1.0
qwen3-1.7b,edge_count,0.35,none,100,0.0,0.0,0.03699480747600191,0.0,0.5,1.0,0,0.0,0,0,,,,0.0,0,0,0.0,1.0,0.0,0.0,,,1.0
qwen3-1.7b,edge_count,0.35,filler,100,0.0,0.0,0.03699480747600191,0.0,0.4,1.0,0,0.0,0,0,1.0,0.0,0.0,0.0,0,0,,,,,0.0,1.0,
qwen3-1.7b,edge_count,0.35,degree,100,0.01,0.0017673865655472645,0.0544875247609346,0.01,0.02,1.0,0,0.01,1,0,1.0,0.0,0.03,0.01,1,0,1.0,1.0,0.0,0.03,1.0,1.0,1.0
qwen3-1.7b,edge_count,0.35,clustering,100,0.0,0.0,0.03699480747600191,0.0,0.26,1.0,0,0.0,0,0,1.0,0.0,0.0,0.0,0,0,0.0,1.0,0.0,0.0,0.0,1.0,1.0
qwen3-1.7b,edge_count,0.35,rwse,100,0.0,0.0,0.03699480747600191,0.0,0.21,1.0,0,0.0,0,0,1.0,0.0,0.0,0.0,0,0,0.0,1.0,0.0,0.0,0.0,1.0,1.0
qwen3-1.7b,edge_count,0.35,components,100,0.0,0.0,0.03699480747600191,0.0,0.33,1.0,0,0.0,0,0,1.0,0.0,0.0,0.0,0,0,0.0,1.0,0.0,0.0,0.0,1.0,1.0
qwen3-1.7b,edge_count,0.35,all,100,0.04,0.015663050551848016,0.09837217232607373,0.04,0.33,1.0,0,0.04,4,0,0.125,0.01,0.08,0.04,4,0,4.0,0.125,0.01,0.08,4.0,0.75,1.0
qwen3-1.7b,edge_count,0.5,none,100,0.0,0.0,0.03699480747600191,0.0,0.29,1.0,0,0.0,0,0,,,,0.0,0,0,0.0,1.0,0.0,0.0,,,1.0
qwen3-1.7b,edge_count,0.5,filler,100,0.0,0.0,0.03699480747600191,0.0,0.41,1.0,0,0.0,0,0,1.0,0.0,0.0,0.0,0,0,,,,,0.0,1.0,
qwen3-1.7b,edge_count,0.5,degree,100,0.07,0.034318824364064096,0.13749671006529757,0.07,0.2,1.0,0,0.07,7,0,0.015625,0.02,0.12,0.07,7,0,7.0,0.015625,0.03,0.12,7.0,0.375,0.375
qwen3-1.7b,edge_count,0.5,clustering,100,0.0,0.0,0.03699480747600191,0.0,0.33,1.0,0,0.0,0,0,1.0,0.0,0.0,0.0,0,0,0.0,1.0,0.0,0.0,0.0,1.0,1.0
qwen3-1.7b,edge_count,0.5,rwse,100,0.0,0.0,0.03699480747600191,0.0,0.32,1.0,0,0.0,0,0,1.0,0.0,0.0,0.0,0,0,0.0,1.0,0.0,0.0,0.0,1.0,1.0
qwen3-1.7b,edge_count,0.5,components,100,0.0,0.0,0.03699480747600191,0.0,0.36,1.0,0,0.0,0,0,1.0,0.0,0.0,0.0,0,0,0.0,1.0,0.0,0.0,0.0,1.0,1.0
qwen3-1.7b,edge_count,0.5,all,100,0.03,0.010254338223414816,0.08452078080402699,0.03,0.44,1.0,0,0.03,3,0,0.25,0.0,0.07,0.03,3,0,3.0,0.25,0.0,0.07,3.0,0.75,1.0
qwen3-1.7b-think,node_count,0.1,none,100,0.99,0.9455124752390653,0.9982326134344526,0.99,0.02,1.0,1,0.0,0,0,,,,-0.010000000000000009,0,1,1.0,1.0,-0.03,0.0,,,1.0
qwen3-1.7b-think,node_count,0.1,filler,100,1.0,0.9630051925239981,0.9999999999999999,1.0,0.0,1.0,1,0.010000000000000009,1,0,1.0,0.0,0.03,0.0,0,0,,,,,1.0,1.0,
qwen3-1.7b-think,node_count,0.1,degree,100,0.99,0.9455124752390653,0.9982326134344526,0.99,0.01,1.0,1,0.0,1,1,1.0,-0.03,0.03,-0.010000000000000009,0,1,1.0,1.0,-0.03,0.0,2.0,1.0,1.0
qwen3-1.7b-think,node_count,0.1,clustering,100,1.0,0.9630051925239981,0.9999999999999999,1.0,0.0,1.0,1,0.010000000000000009,1,0,1.0,0.0,0.03,0.0,0,0,0.0,1.0,0.0,0.0,1.0,1.0,1.0
qwen3-1.7b-think,node_count,0.1,rwse,100,1.0,0.9630051925239981,0.9999999999999999,1.0,0.0,1.0,1,0.010000000000000009,1,0,1.0,0.0,0.03,0.0,0,0,0.0,1.0,0.0,0.0,1.0,1.0,1.0
qwen3-1.7b-think,node_count,0.1,components,100,0.98,0.9299868370580063,0.9944981477650318,0.98,0.04,1.0,1,-0.010000000000000009,1,2,1.0,-0.05,0.02,-0.020000000000000018,0,2,2.0,0.5,-0.05,0.0,3.0,1.0,1.0
qwen3-1.7b-think,node_count,0.1,all,100,1.0,0.9630051925239981,0.9999999999999999,1.0,0.0,1.0,1,0.010000000000000009,1,0,1.0,0.0,0.03,0.0,0,0,0.0,1.0,0.0,0.0,1.0,1.0,1.0
qwen3-1.7b-think,node_count,0.2,none,100,0.97,0.915479219195973,0.9897456617765851,0.97,0.03,1.0,1,0.0,0,0,,,,-0.030000000000000027,0,3,3.0,0.25,-0.07,0.0,,,0.8571428571428571
qwen3-1.7b-think,node_count,0.2,filler,100,1.0,0.9630051925239981,0.9999999999999999,1.0,0.0,1.0,1,0.030000000000000027,3,0,0.25,0.0,0.07,0.0,0,0,,,,,3.0,0.4,
qwen3-1.7b-think,node_count,0.2,degree,100,0.99,0.9455124752390653,0.9982326134344526,0.99,0.01,1.0,1,0.020000000000000018,3,1,0.625,-0.02,0.06,-0.010000000000000009,0,1,1.0,1.0,-0.03,0.0,4.0,0.8823529411764706,1.0
qwen3-1.7b-think,node_count,0.2,clustering,100,1.0,0.9630051925239981,0.9999999999999999,1.0,0.0,1.0,1,0.030000000000000027,3,0,0.25,0.0,0.07,0.0,0,0,0.0,1.0,0.0,0.0,3.0,0.4,1.0
qwen3-1.7b-think,node_count,0.2,rwse,100,1.0,0.9630051925239981,0.9999999999999999,1.0,0.0,1.0,1,0.030000000000000027,3,0,0.25,0.0,0.07,0.0,0,0,0.0,1.0,0.0,0.0,3.0,0.4,1.0
qwen3-1.7b-think,node_count,0.2,components,100,0.97,0.915479219195973,0.9897456617765851,0.97,0.06,1.0,1,0.0,3,3,1.0,-0.05,0.05,-0.030000000000000027,0,3,3.0,0.25,-0.06,0.0,6.0,1.0,0.8571428571428571
qwen3-1.7b-think,node_count,0.2,all,100,1.0,0.9630051925239981,0.9999999999999999,1.0,0.0,1.0,1,0.030000000000000027,3,0,0.25,0.0,0.07,0.0,0,0,0.0,1.0,0.0,0.0,3.0,0.4,1.0
qwen3-1.7b-think,node_count,0.35,none,100,0.84,0.7557955544110557,0.8990479765052628,0.84,0.17,1.0,1,0.0,0,0,,,,-0.16000000000000003,0,16,16.0,3.0517578125e-05,-0.23,-0.09,,,0.000732421875
qwen3-1.7b-think,node_count,0.35,filler,100,1.0,0.9630051925239981,0.9999999999999999,1.0,0.0,1.0,1,0.16000000000000003,16,0,3.0517578125e-05,0.09,0.24,0.0,0,0,,,,,16.0,0.00018310546875,
qwen3-1.7b-think,node_count,0.35,degree,100,0.97,0.915479219195973,0.9897456617765851,0.97,0.05,1.0,1,0.13,15,2,0.002349853515625,0.06,0.21,-0.030000000000000027,0,3,3.0,0.25,-0.07,0.0,17.0,0.006266276041666667,0.8571428571428571
qwen3-1.7b-think,node_count,0.35,clustering,100,1.0,0.9630051925239981,0.9999999999999999,1.0,0.0,1.0,1,0.16000000000000003,16,0,3.0517578125e-05,0.09,0.24,0.0,0,0,0.0,1.0,0.0,0.0,16.0,0.00018310546875,1.0
qwen3-1.7b-think,node_count,0.35,rwse,100,1.0,0.9630051925239981,0.9999999999999999,1.0,0.0,1.0,1,0.16000000000000003,16,0,3.0517578125e-05,0.09,0.24,0.0,0,0,0.0,1.0,0.0,0.0,16.0,0.00018310546875,1.0
qwen3-1.7b-think,node_count,0.35,components,100,0.95,0.8882480347279118,0.9784566385436864,0.95,0.05,1.0,1,0.10999999999999999,15,4,0.0192108154296875,0.03,0.19,-0.050000000000000044,0,5,5.0,0.0625,-0.09,-0.01,19.0,0.041914506392045456,0.375
qwen3-1.7b-think,node_count,0.35,all,100,1.0,0.9630051925239981,0.9999999999999999,1.0,0.0,1.0,1,0.16000000000000003,16,0,3.0517578125e-05,0.09,0.24,0.0,0,0,0.0,1.0,0.0,0.0,16.0,0.00018310546875,1.0
qwen3-1.7b-think,node_count,0.5,none,100,0.89,0.8136853697209698,0.9374586804477487,0.89,0.09,1.0,1,0.0,0,0,,,,-0.10999999999999999,0,11,11.0,0.0009765625,-0.17,-0.05,,,0.01171875
qwen3-1.7b-think,node_count,0.5,filler,100,1.0,0.9630051925239981,0.9999999999999999,1.0,0.0,1.0,1,0.10999999999999999,11,0,0.0009765625,0.05,0.17,0.0,0,0,,,,,11.0,0.0029296875,
qwen3-1.7b-think,node_count,0.5,degree,100,0.99,0.9455124752390653,0.9982326134344526,0.99,0.04,1.0,1,0.09999999999999998,11,1,0.00634765625,0.04,0.17,-0.010000000000000009,0,1,1.0,1.0,-0.03,0.0,12.0,0.015234375,1.0
qwen3-1.7b-think,node_count,0.5,clustering,100,1.0,0.9630051925239981,0.9999999999999999,1.0,0.0,1.0,1,0.10999999999999999,11,0,0.0009765625,0.05,0.17,0.0,0,0,0.0,1.0,0.0,0.0,11.0,0.0029296875,1.0
qwen3-1.7b-think,node_count,0.5,rwse,100,1.0,0.9630051925239981,0.9999999999999999,1.0,0.0,1.0,1,0.10999999999999999,11,0,0.0009765625,0.05,0.17,0.0,0,0,0.0,1.0,0.0,0.0,11.0,0.0029296875,1.0
qwen3-1.7b-think,node_count,0.5,components,100,0.92,0.8500173312059693,0.9589070305141891,0.92,0.14,1.0,1,0.030000000000000027,9,6,0.60723876953125,-0.04,0.1,-0.07999999999999996,0,8,8.0,0.0078125,-0.14,-0.03,15.0,0.8823529411764706,0.0625
qwen3-1.7b-think,node_count,0.5,all,100,1.0,0.9630051925239981,0.9999999999999999,1.0,0.0,1.0,1,0.10999999999999999,11,0,0.0009765625,0.05,0.17,0.0,0,0,0.0,1.0,0.0,0.0,11.0,0.0029296875,1.0
qwen3-1.7b-think,cycle_check,0.1,none,100,1.0,0.9630051925239981,0.9999999999999999,1.0,0.01,1.0,1,0.0,0,0,,,,0.0,0,0,0.0,1.0,0.0,0.0,,,1.0
qwen3-1.7b-think,cycle_check,0.1,filler,100,1.0,0.9630051925239981,0.9999999999999999,1.0,0.0,1.0,1,0.0,0,0,1.0,0.0,0.0,0.0,0,0,,,,,0.0,1.0,
qwen3-1.7b-think,cycle_check,0.1,degree,100,0.95,0.8882480347279118,0.9784566385436864,0.95,0.12,1.0,1,-0.050000000000000044,0,5,0.0625,-0.1,-0.01,-0.050000000000000044,0,5,5.0,0.0625,-0.1,-0.01,5.0,0.375,0.375
qwen3-1.7b-think,cycle_check,0.1,clustering,100,0.99,0.9455124752390653,0.9982326134344526,0.99,0.01,1.0,1,-0.010000000000000009,0,1,1.0,-0.03,0.0,-0.010000000000000009,0,1,1.0,1.0,-0.03,0.0,1.0,1.0,1.0
qwen3-1.7b-think,cycle_check,0.1,rwse,100,1.0,0.9630051925239981,0.9999999999999999,1.0,0.0,1.0,1,0.0,0,0,1.0,0.0,0.0,0.0,0,0,0.0,1.0,0.0,0.0,0.0,1.0,1.0
qwen3-1.7b-think,cycle_check,0.1,components,100,0.97,0.915479219195973,0.9897456617765851,0.97,0.14,0.99,1,-0.030000000000000027,0,3,0.25,-0.07,0.0,-0.030000000000000027,0,3,3.0,0.25,-0.07,0.0,3.0,0.8571428571428571,0.75
qwen3-1.7b-think,cycle_check,0.1,all,100,0.98,0.9299868370580063,0.9944981477650318,0.98,0.05,1.0,1,-0.020000000000000018,0,2,0.5,-0.05,0.0,-0.020000000000000018,0,2,2.0,0.5,-0.05,0.0,2.0,1.0,0.8571428571428571
qwen3-1.7b-think,cycle_check,0.2,none,100,0.99,0.9455124752390653,0.9982326134344526,0.99,0.02,1.0,1,0.0,0,0,,,,-0.010000000000000009,0,1,1.0,1.0,-0.03,0.0,,,1.0
qwen3-1.7b-think,cycle_check,0.2,filler,100,1.0,0.9630051925239981,0.9999999999999999,1.0,0.0,1.0,1,0.010000000000000009,1,0,1.0,0.0,0.03,0.0,0,0,,,,,1.0,1.0,
qwen3-1.7b-think,cycle_check,0.2,degree,100,0.81,0.7222097592919214,0.8748534600729574,0.81,0.27,1.0,1,-0.17999999999999994,0,18,7.62939453125e-06,-0.26,-0.11,-0.18999999999999995,0,19,19.0,3.814697265625e-06,-0.27,-0.12,18.0,0.00018310546875,4.57763671875e-05
qwen3-1.7b-think,cycle_check,0.2,clustering,100,1.0,0.9630051925239981,0.9999999999999999,1.0,0.0,1.0,1,0.010000000000000009,1,0,1.0,0.0,0.03,0.0,0,0,0.0,1.0,0.0,0.0,1.0,1.0,1.0
qwen3-1.7b-think,cycle_check,0.2,rwse,100,1.0,0.9630051925239981,0.9999999999999999,1.0,0.01,1.0,1,0.010000000000000009,1,0,1.0,0.0,0.03,0.0,0,0,0.0,1.0,0.0,0.0,1.0,1.0,1.0
qwen3-1.7b-think,cycle_check,0.2,components,100,1.0,0.9630051925239981,0.9999999999999999,1.0,0.04,1.0,1,0.010000000000000009,1,0,1.0,0.0,0.03,0.0,0,0,0.0,1.0,0.0,0.0,1.0,1.0,1.0
qwen3-1.7b-think,cycle_check,0.2,all,100,0.99,0.9455124752390653,0.9982326134344526,0.99,0.04,1.0,1,0.0,1,1,1.0,-0.03,0.03,-0.010000000000000009,0,1,1.0,1.0,-0.03,0.0,2.0,1.0,1.0
qwen3-1.7b-think,cycle_check,0.35,none,100,0.97,0.915479219195973,0.9897456617765851,0.97,0.05,1.0,1,0.0,0,0,,,,-0.030000000000000027,0,3,3.0,0.25,-0.07,0.0,,,0.75
qwen3-1.7b-think,cycle_check,0.35,filler,100,1.0,0.9630051925239981,0.9999999999999999,1.0,0.0,1.0,1,0.030000000000000027,3,0,0.25,0.0,0.07,0.0,0,0,,,,,3.0,0.8571428571428571,
qwen3-1.7b-think,cycle_check,0.35,degree,100,0.79,0.7001985069803768,0.8583445046835422,0.79,0.34,1.0,1,-0.17999999999999994,2,20,0.00012111663818359375,-0.27,-0.1,-0.20999999999999996,0,21,21.0,9.5367431640625e-07,-0.29,-0.13,22.0,0.001453399658203125,2.288818359375e-05
qwen3-1.7b-think,cycle_check,0.35,clustering,100,0.98,0.9299868370580063,0.9944981477650318,0.98,0.07,0.99,1,0.010000000000000009,3,2,1.0,-0.03,0.06,-0.020000000000000018,0,2,2.0,0.5,-0.05,0.0,5.0,1.0,0.8571428571428571
qwen3-1.7b-think,cycle_check,0.35,rwse,100,1.0,0.9630051925239981,0.9999999999999999,1.0,0.0,1.0,1,0.030000000000000027,3,0,0.25,0.0,0.07,0.0,0,0,0.0,1.0,0.0,0.0,3.0,0.8571428571428571,1.0
qwen3-1.7b-think,cycle_check,0.35,components,100,0.96,0.9016278276739262,0.984336949448152,0.96,0.13,1.0,1,-0.010000000000000009,3,4,1.0,-0.06,0.04,-0.040000000000000036,0,4,4.0,0.125,-0.08,-0.01,7.0,1.0,0.6
qwen3-1.7b-think,cycle_check,0.35,all,100,0.98,0.9299868370580063,0.9944981477650318,0.98,0.02,1.0,1,0.010000000000000009,3,2,1.0,-0.03,0.05,-0.020000000000000018,0,2,2.0,0.5,-0.05,0.0,5.0,1.0,0.8571428571428571
qwen3-1.7b-think,cycle_check,0.5,none,100,0.98,0.9299868370580063,0.9944981477650318,0.98,0.04,1.0,1,0.0,0,0,,,,-0.020000000000000018,0,2,2.0,0.5,-0.05,0.0,,,0.8571428571428571
qwen3-1.7b-think,cycle_check,0.5,filler,100,1.0,0.9630051925239981,0.9999999999999999,1.0,0.0,1.0,1,0.020000000000000018,2,0,0.5,0.0,0.05,0.0,0,0,,,,,2.0,1.0,
qwen3-1.7b-think,cycle_check,0.5,degree,100,0.88,0.8018773199709163,0.9300066263473222,0.88,0.24,0.99,1,-0.09999999999999998,2,12,0.012939453125,-0.18,-0.03,-0.12,0,12,12.0,0.00048828125,-0.19,-0.06,14.0,0.103515625,0.00390625
qwen3-1.7b-think,cycle_check,0.5,clustering,100,0.98,0.9299868370580063,0.9944981477650318,0.98,0.06,1.0,1,0.0,2,2,1.0,-0.04,0.04,-0.020000000000000018,0,2,2.0,0.5,-0.05,0.0,4.0,1.0,0.8571428571428571
qwen3-1.7b-think,cycle_check,0.5,rwse,100,0.99,0.9455124752390653,0.9982326134344526,0.99,0.02,1.0,1,0.010000000000000009,2,1,1.0,-0.02,0.05,-0.010000000000000009,0,1,1.0,1.0,-0.03,0.0,3.0,1.0,1.0
qwen3-1.7b-think,cycle_check,0.5,components,100,0.97,0.915479219195973,0.9897456617765851,0.97,0.11,1.0,1,-0.010000000000000009,2,3,1.0,-0.05,0.03,-0.030000000000000027,0,3,3.0,0.25,-0.07,0.0,5.0,1.0,0.75
qwen3-1.7b-think,cycle_check,0.5,all,100,0.98,0.9299868370580063,0.9944981477650318,0.98,0.04,1.0,1,0.0,2,2,1.0,-0.04,0.04,-0.020000000000000018,0,2,2.0,0.5,-0.05,0.0,4.0,1.0,0.8571428571428571
qwen3-1.7b-think,edge_existence,0.1,none,100,1.0,0.9630051925239981,0.9999999999999999,1.0,0.01,1.0,0,0.0,0,0,,,,0.030000000000000027,3,0,3.0,0.25,0.0,0.07,,,1.0
qwen3-1.7b-think,edge_existence,0.1,filler,100,0.97,0.915479219195973,0.9897456617765851,0.97,0.0,1.0,0,-0.030000000000000027,0,3,0.25,-0.060249999999999984,0.0,0.0,0,0,,,,,3.0,0.9545454545454546,
qwen3-1.7b-think,edge_existence,0.1,degree,100,0.97,0.915479219195973,0.9897456617765851,0.97,0.01,1.0,0,-0.030000000000000027,0,3,0.25,-0.07,0.0,0.0,2,2,4.0,1.0,-0.04,0.04,3.0,0.9545454545454546,1.0
qwen3-1.7b-think,edge_existence,0.1,clustering,100,0.98,0.9299868370580063,0.9944981477650318,0.98,0.01,1.0,0,-0.020000000000000018,0,2,0.5,-0.05,0.0,0.010000000000000009,2,1,3.0,1.0,-0.02,0.04,2.0,1.0,1.0
qwen3-1.7b-think,edge_existence,0.1,rwse,100,1.0,0.9630051925239981,0.9999999999999999,1.0,0.0,1.0,0,0.0,0,0,1.0,0.0,0.0,0.030000000000000027,3,0,3.0,0.25,0.0,0.07,0.0,1.0,1.0
qwen3-1.7b-think,edge_existence,0.1,components,100,0.99,0.9455124752390653,0.9982326134344526,0.99,0.01,1.0,0,-0.010000000000000009,0,1,1.0,-0.03,0.0,0.020000000000000018,2,0,2.0,0.5,0.0,0.05,1.0,1.0,1.0
qwen3-1.7b-think,edge_existence,0.1,all,100,0.96,0.9016278276739262,0.984336949448152,0.96,0.0,1.0,0,-0.040000000000000036,0,4,0.125,-0.08,-0.01,-0.010000000000000009,2,3,5.0,1.0,-0.05,0.03,4.0,0.9545454545454546,1.0
qwen3-1.7b-think,edge_existence,0.2,none,100,1.0,0.9630051925239981,0.9999999999999999,1.0,0.0,1.0,0,0.0,0,0,,,,0.020000000000000018,2,0,2.0,0.5,0.0,0.05,,,1.0
qwen3-1.7b-think,edge_existence,0.2,filler,100,0.98,0.9299868370580063,0.9944981477650318,0.98,0.0,1.0,0,-0.020000000000000018,0,2,0.5,-0.05,0.0,0.0,0,0,,,,,2.0,1.0,
qwen3-1.7b-think,edge_existence,0.2,degree,100,0.95,0.8882480347279118,0.9784566385436864,0.95,0.0,1.0,0,-0.050000000000000044,0,5,0.0625,-0.09024999999999998,-0.01,-0.030000000000000027,2,5,7.0,0.453125,-0.08,0.02,5.0,0.9545454545454546,1.0
qwen3-1.7b-think,edge_existence,0.2,clustering,100,0.98,0.9299868370580063,0.9944981477650318,0.98,0.0,1.0,0,-0.020000000000000018,0,2,0.5,-0.05,0.0,0.0,2,2,4.0,1.0,-0.04,0.04,2.0,1.0,1.0
qwen3-1.7b-think,edge_existence,0.2,rwse,100,0.95,0.8882480347279118,0.9784566385436864,0.95,0.0,1.0,0,-0.050000000000000044,0,5,0.0625,-0.1,-0.01,-0.030000000000000027,1,4,5.0,0.375,-0.08,0.01,5.0,0.9545454545454546,1.0
qwen3-1.7b-think,edge_existence,0.2,components,100,0.97,0.915479219195973,0.9897456617765851,0.97,0.0,1.0,0,-0.030000000000000027,0,3,0.25,-0.07,0.0,-0.010000000000000009,2,3,5.0,1.0,-0.05,0.03,3.0,0.9545454545454546,1.0
qwen3-1.7b-think,edge_existence,0.2,all,100,0.96,0.9016278276739262,0.984336949448152,0.96,0.0,1.0,0,-0.040000000000000036,0,4,0.125,-0.08,-0.01,-0.020000000000000018,2,4,6.0,0.6875,-0.07,0.03,4.0,0.9545454545454546,1.0
qwen3-1.7b-think,edge_existence,0.35,none,100,0.97,0.915479219195973,0.9897456617765851,0.97,0.0,1.0,0,0.0,0,0,,,,-0.030000000000000027,0,3,3.0,0.25,-0.07,0.0,,,1.0
qwen3-1.7b-think,edge_existence,0.35,filler,100,1.0,0.9630051925239981,0.9999999999999999,1.0,0.0,1.0,0,0.030000000000000027,3,0,0.25,0.0,0.07,0.0,0,0,,,,,3.0,0.9545454545454546,
qwen3-1.7b-think,edge_existence,0.35,degree,100,0.97,0.915479219195973,0.9897456617765851,0.97,0.0,1.0,0,0.0,2,2,1.0,-0.04,0.04,-0.030000000000000027,0,3,3.0,0.25,-0.07,0.0,4.0,1.0,1.0
qwen3-1.7b-think,edge_existence,0.35,clustering,100,0.99,0.9455124752390653,0.9982326134344526,0.99,0.0,1.0,0,0.020000000000000018,2,0,0.5,0.0,0.05,-0.010000000000000009,0,1,1.0,1.0,-0.03,0.0,2.0,1.0,1.0
qwen3-1.7b-think,edge_existence,0.35,rwse,100,0.97,0.915479219195973,0.9897456617765851,0.97,0.0,1.0,0,0.0,3,3,1.0,-0.05,0.05,-0.030000000000000027,0,3,3.0,0.25,-0.07,0.0,6.0,1.0,1.0
qwen3-1.7b-think,edge_existence,0.35,components,100,0.98,0.9299868370580063,0.9944981477650318,0.98,0.0,1.0,0,0.010000000000000009,3,2,1.0,-0.03,0.05,-0.020000000000000018,0,2,2.0,0.5,-0.05,0.0,5.0,1.0,1.0
qwen3-1.7b-think,edge_existence,0.35,all,100,0.97,0.915479219195973,0.9897456617765851,0.97,0.0,1.0,0,0.0,2,2,1.0,-0.04,0.04,-0.030000000000000027,0,3,3.0,0.25,-0.07,0.0,4.0,1.0,1.0
qwen3-1.7b-think,edge_existence,0.5,none,100,1.0,0.9630051925239981,0.9999999999999999,1.0,0.0,1.0,0,0.0,0,0,,,,0.010000000000000009,1,0,1.0,1.0,0.0,0.03,,,1.0
qwen3-1.7b-think,edge_existence,0.5,filler,100,0.99,0.9455124752390653,0.9982326134344526,0.99,0.0,1.0,0,-0.010000000000000009,0,1,1.0,-0.03,0.0,0.0,0,0,,,,,1.0,1.0,
qwen3-1.7b-think,edge_existence,0.5,degree,100,0.99,0.9455124752390653,0.9982326134344526,0.99,0.01,1.0,0,-0.010000000000000009,0,1,1.0,-0.03,0.0,0.0,1,1,2.0,1.0,-0.03,0.03,1.0,1.0,1.0
qwen3-1.7b-think,edge_existence,0.5,clustering,100,0.98,0.9299868370580063,0.9944981477650318,0.98,0.0,1.0,0,-0.020000000000000018,0,2,0.5,-0.05,0.0,-0.010000000000000009,1,2,3.0,1.0,-0.05,0.02,2.0,1.0,1.0
qwen3-1.7b-think,edge_existence,0.5,rwse,100,1.0,0.9630051925239981,0.9999999999999999,1.0,0.01,1.0,0,0.0,0,0,1.0,0.0,0.0,0.010000000000000009,1,0,1.0,1.0,0.0,0.03,0.0,1.0,1.0
qwen3-1.7b-think,edge_existence,0.5,components,100,1.0,0.9630051925239981,0.9999999999999999,1.0,0.0,1.0,0,0.0,0,0,1.0,0.0,0.0,0.010000000000000009,1,0,1.0,1.0,0.0,0.03,0.0,1.0,1.0
qwen3-1.7b-think,edge_existence,0.5,all,100,1.0,0.9630051925239981,0.9999999999999999,1.0,0.0,1.0,0,0.0,0,0,1.0,0.0,0.0,0.010000000000000009,1,0,1.0,1.0,0.0,0.03,0.0,1.0,1.0
qwen3-1.7b-think,edge_existence,0.65,none,100,0.99,0.9455124752390653,0.9982326134344526,0.99,0.0,1.0,0,0.0,0,0,,,,0.0,1,1,2.0,1.0,-0.03,0.03,,,1.0
qwen3-1.7b-think,edge_existence,0.65,filler,100,0.99,0.9455124752390653,0.9982326134344526,0.99,0.0,1.0,0,0.0,1,1,1.0,-0.03,0.03,0.0,0,0,,,,,2.0,1.0,
qwen3-1.7b-think,edge_existence,0.65,degree,100,1.0,0.9630051925239981,0.9999999999999999,1.0,0.0,1.0,0,0.010000000000000009,1,0,1.0,0.0,0.03,0.010000000000000009,1,0,1.0,1.0,0.0,0.03,1.0,1.0,1.0
qwen3-1.7b-think,edge_existence,0.65,clustering,100,0.99,0.9455124752390653,0.9982326134344526,0.99,0.0,1.0,0,0.0,1,1,1.0,-0.03,0.03,0.0,1,1,2.0,1.0,-0.03,0.03,2.0,1.0,1.0
qwen3-1.7b-think,edge_existence,0.65,rwse,100,1.0,0.9630051925239981,0.9999999999999999,1.0,0.0,1.0,0,0.010000000000000009,1,0,1.0,0.0,0.03,0.010000000000000009,1,0,1.0,1.0,0.0,0.03,1.0,1.0,1.0
qwen3-1.7b-think,edge_existence,0.65,components,100,0.99,0.9455124752390653,0.9982326134344526,0.99,0.0,1.0,0,0.0,1,1,1.0,-0.03,0.03,0.0,0,0,0.0,1.0,0.0,0.0,2.0,1.0,1.0
qwen3-1.7b-think,edge_existence,0.65,all,100,0.97,0.915479219195973,0.9897456617765851,0.97,0.0,1.0,0,-0.020000000000000018,1,3,0.625,-0.06,0.02,-0.020000000000000018,1,3,4.0,0.625,-0.06,0.02,4.0,1.0,1.0
qwen3-1.7b-think,edge_existence,0.75,none,100,0.98,0.9299868370580063,0.9944981477650318,0.98,0.0,1.0,0,0.0,0,0,,,,-0.010000000000000009,0,1,1.0,1.0,-0.03,0.0,,,1.0
qwen3-1.7b-think,edge_existence,0.75,filler,100,0.99,0.9455124752390653,0.9982326134344526,0.99,0.0,1.0,0,0.010000000000000009,1,0,1.0,0.0,0.03,0.0,0,0,,,,,1.0,1.0,
qwen3-1.7b-think,edge_existence,0.75,degree,100,0.98,0.9299868370580063,0.9944981477650318,0.98,0.0,1.0,0,0.0,2,2,1.0,-0.04,0.04,-0.010000000000000009,1,2,3.0,1.0,-0.05,0.02,4.0,1.0,1.0
qwen3-1.7b-think,edge_existence,0.75,clustering,100,1.0,0.9630051925239981,0.9999999999999999,1.0,0.0,1.0,0,0.020000000000000018,2,0,0.5,0.0,0.05,0.010000000000000009,1,0,1.0,1.0,0.0,0.03,2.0,1.0,1.0
qwen3-1.7b-think,edge_existence,0.75,rwse,100,0.99,0.9455124752390653,0.9982326134344526,0.99,0.0,1.0,0,0.010000000000000009,2,1,1.0,-0.02,0.05,0.0,1,1,2.0,1.0,-0.03,0.03,3.0,1.0,1.0
qwen3-1.7b-think,edge_existence,0.75,components,100,0.98,0.9299868370580063,0.9944981477650318,0.98,0.0,1.0,0,0.0,1,1,1.0,-0.03,0.03,-0.010000000000000009,0,1,1.0,1.0,-0.03,0.0,2.0,1.0,1.0
qwen3-1.7b-think,edge_existence,0.75,all,100,0.99,0.9455124752390653,0.9982326134344526,0.99,0.0,1.0,0,0.010000000000000009,2,1,1.0,-0.02,0.05,0.0,1,1,2.0,1.0,-0.03,0.03,3.0,1.0,1.0
qwen3-1.7b-think,edge_existence,0.85,none,100,1.0,0.9630051925239981,0.9999999999999999,1.0,0.0,1.0,0,0.0,0,0,,,,0.030000000000000027,3,0,3.0,0.25,0.0,0.07,,,1.0
qwen3-1.7b-think,edge_existence,0.85,filler,100,0.97,0.915479219195973,0.9897456617765851,0.97,0.0,1.0,0,-0.030000000000000027,0,3,0.25,-0.07,0.0,0.0,0,0,,,,,3.0,0.9545454545454546,
qwen3-1.7b-think,edge_existence,0.85,degree,100,0.97,0.915479219195973,0.9897456617765851,0.97,0.0,1.0,0,-0.030000000000000027,0,3,0.25,-0.07,0.0,0.0,1,1,2.0,1.0,-0.03,0.03,3.0,0.9545454545454546,1.0
qwen3-1.7b-think,edge_existence,0.85,clustering,100,0.97,0.915479219195973,0.9897456617765851,0.97,0.0,1.0,0,-0.030000000000000027,0,3,0.25,-0.07,0.0,0.0,2,2,4.0,1.0,-0.04,0.04,3.0,0.9545454545454546,1.0
qwen3-1.7b-think,edge_existence,0.85,rwse,100,0.99,0.9455124752390653,0.9982326134344526,0.99,0.0,1.0,0,-0.010000000000000009,0,1,1.0,-0.03,0.0,0.020000000000000018,2,0,2.0,0.5,0.0,0.05,1.0,1.0,1.0
qwen3-1.7b-think,edge_existence,0.85,components,100,1.0,0.9630051925239981,0.9999999999999999,1.0,0.0,1.0,0,0.0,0,0,1.0,0.0,0.0,0.030000000000000027,3,0,3.0,0.25,0.0,0.07,0.0,1.0,1.0
qwen3-1.7b-think,edge_existence,0.85,all,100,0.99,0.9455124752390653,0.9982326134344526,0.99,0.0,1.0,0,-0.010000000000000009,0,1,1.0,-0.03,0.0,0.020000000000000018,3,1,4.0,0.625,-0.02,0.06,1.0,1.0,1.0
qwen3-1.7b-think,node_degree,0.1,none,100,0.9,0.8256326956323347,0.9447714583868639,0.9,0.03,1.0,0,0.0,0,0,,,,-0.06999999999999995,2,9,11.0,0.0654296875,-0.13,-0.01,,,0.15266927083333334
qwen3-1.7b-think,node_degree,0.1,filler,100,0.97,0.915479219195973,0.9897456617765851,0.97,0.01,1.0,0,0.06999999999999995,9,2,0.0654296875,0.01,0.13024999999999864,0.0,0,0,,,,,11.0,0.1717529296875,
qwen3-1.7b-think,node_degree,0.1,degree,100,0.98,0.9299868370580063,0.9944981477650318,0.98,0.0,1.0,0,0.07999999999999996,9,1,0.021484375,0.02,0.14,0.010000000000000009,2,1,3.0,1.0,-0.02,0.05,10.0,0.0694110576923077,1.0
qwen3-1.7b-think,node_degree,0.1,clustering,100,0.94,0.8752303146877748,0.9722142547333433,0.94,0.01,1.0,0,0.039999999999999925,8,4,0.3876953125,-0.020249999999999987,0.11,-0.030000000000000027,2,5,7.0,0.453125,-0.08,0.02,12.0,0.5614897629310345,0.6157718781502016
qwen3-1.7b-think,node_degree,0.1,rwse,100,0.96,0.9016278276739262,0.984336949448152,0.96,0.0,1.0,0,0.05999999999999994,8,2,0.109375,0.0,0.12,-0.010000000000000009,2,3,5.0,1.0,-0.05,0.03,10.0,0.23138674688525498,1.0
qwen3-1.7b-think,node_degree,0.1,components,100,0.92,0.8500173312059693,0.9589070305141891,0.92,0.02,1.0,0,0.020000000000000018,4,2,0.6875,-0.03,0.07,-0.04999999999999993,2,7,9.0,0.1796875,-0.11,0.01,6.0,0.8020833333333334,0.314453125
qwen3-1.7b-think,node_degree,0.1,all,100,0.98,0.9299868370580063,0.9944981477650318,0.98,0.0,1.0,0,0.07999999999999996,8,0,0.0078125,0.03,0.14,0.010000000000000009,2,1,3.0,1.0,-0.02,0.05,8.0,0.0328125,1.0
qwen3-1.7b-think,node_degree,0.2,none,100,0.95,0.8882480347279118,0.9784566385436864,0.95,0.0,1.0,0,0.0,0,0,,,,0.09999999999999998,12,2,14.0,0.012939453125,0.03,0.18,,,0.03623046875
qwen3-1.7b-think,node_degree,0.2,filler,100,0.85,0.7671626666784216,0.906940968088377,0.85,0.0,1.0,0,-0.09999999999999998,2,12,0.012939453125,-0.17,-0.03,0.0,0,0,,,,,14.0,0.0452880859375,
qwen3-1.7b-think,node_degree,0.2,degree,100,0.94,0.8752303146877748,0.9722142547333433,0.94,0.02,1.0,0,-0.010000000000000009,3,4,1.0,-0.06,0.04,0.08999999999999997,12,3,15.0,0.03515625,0.02,0.17,7.0,1.0,0.08685661764705882
qwen3-1.7b-think,node_degree,0.2,clustering,100,0.97,0.915479219195973,0.9897456617765851,0.97,0.0,1.0,0,0.020000000000000018,3,1,0.625,-0.02,0.06,0.12,12,0,12.0,0.00048828125,0.06,0.19,4.0,0.7720588235294118,0.001864346590909091
qwen3-1.7b-think,node_degree,0.2,rwse,100,0.91,0.8377362530335634,0.9519280048361151,0.91,0.02,1.0,0,-0.039999999999999925,3,7,0.34375,-0.1,0.02,0.06000000000000005,11,5,16.0,0.210113525390625,-0.02,0.14,10.0,0.5347222222222222,0.35299072265625
qwen3-1.7b-think,node_degree,0.2,components,100,0.89,0.8136853697209698,0.9374586804477487,0.89,0.0,1.0,0,-0.05999999999999994,1,7,0.0703125,-0.12,-0.01,0.040000000000000036,11,7,18.0,0.480682373046875,-0.04,0.12,8.0,0.17371323529411764,0.6308956146240234
qwen3-1.7b-think,node_degree,0.2,all,100,0.97,0.915479219195973,0.9897456617765851,0.97,0.01,1.0,0,0.020000000000000018,4,2,0.6875,-0.03,0.07,0.12,14,2,16.0,0.004180908203125,0.05,0.2,6.0,0.8020833333333334,0.013507549579326924
qwen3-1.7b-think,node_degree,0.35,none,100,0.6,0.5020007846184025,0.6906002538863971,0.6,0.0,1.0,0,0.0,0,0,,,,0.039999999999999925,10,6,16.0,0.454498291015625,-0.04,0.12,,,0.6157718781502016
qwen3-1.7b-think,node_degree,0.35,filler,100,0.56,0.4622792771125631,0.6532813459903167,0.56,0.0,1.0,0,-0.039999999999999925,6,10,0.454498291015625,-0.11,0.04,0.0,0,0,,,,,16.0,0.6014640445355326,
qwen3-1.7b-think,node_degree,0.35,degree,100,0.83,0.7445181876635703,0.8910652394022684,0.83,0.08,1.0,0,0.22999999999999998,27,4,3.39532271027565e-05,0.13,0.33024999999999866,0.2699999999999999,32,5,37.0,7.427530363202095e-06,0.16,0.37,31.0,0.00035650888457894325,5.1992712542414665e-05
qwen3-1.7b-think,node_degree,0.35,clustering,100,0.61,0.5120283616749817,0.699832780680298,0.61,0.0,1.0,0,0.010000000000000009,9,8,1.0,-0.07,0.09,0.04999999999999993,13,8,21.0,0.38331031799316406,-0.04,0.14,17.0,1.0,0.5749654769897461
qwen3-1.7b-think,node_degree,0.35,rwse,100,0.65,0.5525426042919797,0.7363589534652197,0.65,0.0,1.0,0,0.050000000000000044,17,12,0.45825831964612007,-0.05,0.16,0.08999999999999997,17,8,25.0,0.10775214433670044,0.0,0.19,29.0,0.6014640445355326,0.21035158807750454
qwen3-1.7b-think,node_degree,0.35,components,100,0.62,0.5220957382071033,0.7090255079986562,0.62,0.0,1.0,0,0.020000000000000018,8,6,0.79052734375,-0.05,0.09,0.05999999999999994,15,9,24.0,0.30745625495910645,-0.04,0.16,14.0,0.8973553631756757,0.47826528549194336
qwen3-1.7b-think,node_degree,0.35,all,100,0.82,0.7333246397578691,0.8829986834574896,0.82,0.0,1.0,0,0.21999999999999997,29,7,0.00031255115754902363,0.11,0.33,0.2599999999999999,31,5,36.0,1.2913485988974571e-05,0.16,0.36,36.0,0.0026254297234117987,7.748091593384743e-05
qwen3-1.7b-think,node_degree,0.5,none,100,0.6,0.5020007846184025,0.6906002538863971,0.6,0.0,1.0,0,0.0,0,0,,,,0.04999999999999993,15,10,25.0,0.42435622215270996,-0.05,0.14024999999999865,,,0.6145848734625454
qwen3-1.7b-think,node_degree,0.5,filler,100,0.55,0.45244427031643447,0.6438562489359654,0.55,0.0,1.0,0,-0.04999999999999993,10,15,0.42435622215270996,-0.15,0.05,0.0,0,0,,,,,25.0,0.594098711013794,
qwen3-1.7b-think,node_degree,0.5,degree,100,0.79,0.7001985069803768,0.8583445046835422,0.79,0.11,1.0,0,0.19000000000000006,30,11,0.00432400493446039,0.06,0.31,0.24,31,7,38.0,0.00011616700794547796,0.13,0.35,41.0,0.02017868969414849,0.0005421127037455639
qwen3-1.7b-think,node_degree,0.5,clustering,100,0.59,0.4920125056109662,0.6813284290433533,0.59,0.0,1.0,0,-0.010000000000000009,14,15,1.0,-0.12,0.09,0.039999999999999925,15,11,26.0,0.557197093963623,-0.06,0.14,29.0,1.0,0.7091599377718839
qwen3-1.7b-think,node_degree,0.5,rwse,100,0.64,0.542352199811621,0.7272892540950986,0.64,0.01,1.0,0,0.040000000000000036,16,12,0.5715881884098053,-0.06,0.14,0.08999999999999997,16,7,23.0,0.0931396484375,0.0,0.18,28.0,0.727475876157934,0.19559326171875
qwen3-1.7b-think,node_degree,0.5,components,100,0.58,0.4820630799889527,0.672017750814887,0.58,0.0,1.0,0,-0.020000000000000018,9,11,0.8238029479980469,-0.11,0.07,0.029999999999999916,12,9,21.0,0.6636238098144531,-0.06,0.12,20.0,0.910519047787315,0.7963485717773438
qwen3-1.7b-think,node_degree,0.5,all,100,0.78,0.6892946528499969,0.849988254963442,0.78,0.0,1.0,0,0.18000000000000005,26,8,0.0029350556433200836,0.07,0.29,0.22999999999999998,28,5,33.0,6.618769839406013e-05,0.13,0.33,34.0,0.015409042127430439,0.0003474854165688157
qwen3-1.7b-think,node_degree,0.65,none,100,0.52,0.4231640509017654,0.6153561567991945,0.52,0.0,1.0,0,0.0,0,0,,,,0.17000000000000004,28,11,39.0,0.009475304279476404,0.04,0.28,,,0.028425912838429213
qwen3-1.7b-think,node_degree,0.65,filler,100,0.35,0.2636410465347802,0.4474573957080203,0.35,0.01,1.0,0,-0.17000000000000004,11,28,0.009475304279476404,-0.29,-0.05,0.0,0,0,,,,,39.0,0.03617843452163718,
qwen3-1.7b-think,node_degree,0.65,degree,100,0.73,0.6356769977376873,0.8073053908233518,0.73,0.14,1.0,0,0.20999999999999996,30,9,0.0010650196345523,0.09,0.32,0.38,48,10,58.0,4.5166191631196284e-07,0.24,0.51,39.0,0.0074551374418661,4.74245012127561e-06
qwen3-1.7b-think,node_degree,0.65,clustering,100,0.39,0.300167219319702,0.48797163832501844,0.39,0.0,1.0,0,-0.13,14,27,0.05958388801809633,-0.25,-0.009750000000001365,0.040000000000000036,22,18,40.0,0.6358280026288412,-0.09,0.16,41.0,0.16683488645066974,0.7854345914826862
qwen3-1.7b-think,node_degree,0.65,rwse,100,0.43,0.3373313900052838,0.5278478830413564,0.43,0.0,1.0,0,-0.09000000000000002,13,22,0.17546524899080396,-0.21,0.03,0.08000000000000002,21,13,34.0,0.22948101302608848,-0.04,0.19,35.0,0.33497911170971667,0.37070009796521985
qwen3-1.7b-think,node_degree,0.65,components,100,0.46,0.36560643853331865,0.5573531460647615,0.46,0.01,1.0,0,-0.06,6,12,0.237884521484375,-0.14,0.02,0.11000000000000004,23,12,35.0,0.0895310789346695,-0.01,0.22,18.0,0.41629791259765625,0.19559326171875
qwen3-1.7b-think,node_degree,0.65,all,100,0.82,0.7333246397578691,0.8829986834574896,0.82,0.0,1.0,0,0.29999999999999993,39,9,1.5221826110689562e-05,0.17,0.42,0.47,51,4,55.0,2.0474233419776056e-11,0.36,0.58,48.0,0.00021310556554965387,4.2995890181529717e-10
qwen3-1.7b-think,node_degree,0.75,none,100,0.45,0.3561437510640346,0.5475557296835656,0.45,0.04,1.0,0,0.0,0,0,,,,0.09000000000000002,19,10,29.0,0.13604594767093658,-0.01,0.2,,,0.24843173052953638
qwen3-1.7b-think,node_degree,0.75,filler,100,0.36,0.2727107459049014,0.45764780018837914,0.36,0.01,1.0,0,-0.09000000000000002,10,19,0.13604594767093658,-0.2,0.01,0.0,0,0,,,,,29.0,0.27209189534187317,
qwen3-1.7b-think,node_degree,0.75,degree,100,0.73,0.6356769977376873,0.8073053908233518,0.73,0.12,1.0,0,0.27999999999999997,33,5,4.255962267052382e-06,0.17,0.39,0.37,39,2,41.0,7.839844329282641e-10,0.27,0.47,38.0,8.937520760810003e-05,1.0975782060995698e-08
qwen3-1.7b-think,node_degree,0.75,clustering,100,0.38,0.2909744920013438,0.47790426179289663,0.38,0.01,1.0,0,-0.07,12,19,0.28104151505976915,-0.18,0.04,0.020000000000000018,12,10,22.0,0.8318119049072266,-0.07024999999999999,0.11,31.0,0.4721497453004122,0.9193710527921978
qwen3-1.7b-think,node_degree,0.75,rwse,100,0.39,0.300167219319702,0.48797163832501844,0.39,0.0,1.0,0,-0.06,13,19,0.37708558747544885,-0.17,0.05,0.030000000000000027,17,14,31.0,0.720100131817162,-0.08,0.13,32.0,0.5614897629310345,0.8174109604411028
qwen3-1.7b-think,node_degree,0.75,components,100,0.38,0.2909744920013438,0.47790426179289663,0.38,0.02,1.0,0,-0.07,7,14,0.18924713134765625,-0.16,0.02,0.020000000000000018,16,14,30.0,0.855535551905632,-0.08,0.13,21.0,0.3455817181131114,0.921345978975296
qwen3-1.7b-think,node_degree,0.75,all,100,0.67,0.5730516033971139,0.7543701620610456,0.67,0.04,1.0,0,0.22000000000000003,33,11,0.0012600338162656044,0.1,0.35,0.31000000000000005,38,7,45.0,3.1213096463034162e-06,0.19,0.42,44.0,0.007560202897593626,2.6219001028948696e-05
qwen3-1.7b-think,node_degree,0.85,none,100,0.42,0.327982249185113,0.5179369200110473,0.42,0.01,1.0,0,0.0,0,0,,,,0.09999999999999998,21,11,32.0,0.11018416518345475,-0.01,0.21,,,0.21035158807750454
qwen3-1.7b-think,node_degree,0.85,filler,100,0.32,0.2366901081545688,0.4166280225367919,0.32,0.0,1.0,0,-0.09999999999999998,11,21,0.11018416518345475,-0.22,0.01,0.0,0,0,,,,,32.0,0.23138674688525498,
qwen3-1.7b-think,node_degree,0.85,degree,100,0.85,0.7671626666784216,0.906940968088377,0.85,0.06,1.0,0,0.43,47,4,2.4163071543625847e-10,0.31,0.53,0.53,57,4,61.0,4.85494457136415e-13,0.42,0.64,51.0,1.0148490048322856e-08,2.039076719972943e-11
qwen3-1.7b-think,node_degree,0.85,clustering,100,0.35,0.2636410465347802,0.4474573957080203,0.35,0.0,1.0,0,-0.07,15,22,0.3240086000878364,-0.19,0.05,0.02999999999999997,15,12,27.0,0.7011080384254456,-0.07,0.13,37.0,0.5233985078341973,0.8174109604411028
qwen3-1.7b-think,node_degree,0.85,rwse,100,0.44,0.34671865400968327,0.537720722887437,0.44,0.01,1.0,0,0.020000000000000018,19,17,0.8679394004284404,-0.1,0.13,0.12,18,6,24.0,0.022655844688415527,0.03,0.21,36.0,0.9347039696921666,0.05947159230709076
qwen3-1.7b-think,node_degree,0.85,components,100,0.51,0.4134784047743415,0.6057816990761385,0.51,0.03,1.0,0,0.09000000000000002,15,6,0.0783538818359375,0.0,0.18,0.19,28,9,37.0,0.0025632079923525453,0.08,0.30024999999999863,21.0,0.18282572428385416,0.008971227973233908
qwen3-1.7b-think,node_degree,0.85,all,100,0.58,0.4820630799889527,0.672017750814887,0.58,0.01,1.0,0,0.15999999999999998,33,17,0.032839137564268484,0.02,0.29,0.25999999999999995,38,12,50.0,0.00030586400160359517,0.14,0.39,50.0,0.09851741269280545,0.0012846288067350996
qwen3-1.7b-think,connected_nodes,0.1,none,100,0.92,0.8500173312059693,0.9589070305141891,0.9589956709956711,0.03,1.0,0,0.0,0,0,,,,-0.029999999999999916,2,5,7.0,0.453125,-0.09,0.02,,,0.76171875
qwen3-1.7b-think,connected_nodes,0.1,filler,100,0.95,0.8882480347279118,0.9784566385436864,0.9713333333333333,0.01,1.0,0,0.029999999999999916,5,2,0.453125,-0.02,0.08024999999999864,0.0,0,0,,,,,7.0,0.9166666666666666,
qwen3-1.7b-think,connected_nodes,0.1,degree,100,0.92,0.8500173312059693,0.9589070305141891,0.9692581862581864,0.02,1.0,0,0.0,4,4,1.0,-0.06,0.06,-0.029999999999999916,3,6,9.0,0.5078125,-0.09,0.03,8.0,1.0,0.76171875
qwen3-1.7b-think,connected_nodes,0.1,clustering,100,0.95,0.8882480347279118,0.9784566385436864,0.9904615384615384,0.01,1.0,0,0.029999999999999916,6,3,0.5078125,-0.02,0.09,0.0,3,3,6.0,1.0,-0.05,0.05,9.0,0.9166666666666666,1.0
qwen3-1.7b-think,connected_nodes,0.1,rwse,100,0.98,0.9299868370580063,0.9944981477650318,0.9833333333333334,0.0,1.0,0,0.05999999999999994,6,0,0.03125,0.02,0.11,0.030000000000000027,4,1,5.0,0.375,-0.01,0.08,6.0,0.15,0.6923076923076923
qwen3-1.7b-think,connected_nodes,0.1,components,100,0.94,0.8752303146877748,0.9722142547333433,0.9815597735597735,0.03,1.0,0,0.019999999999999907,4,2,0.6875,-0.03,0.07,-0.010000000000000009,3,4,7.0,1.0,-0.06,0.04,6.0,0.9166666666666666,1.0
qwen3-1.7b-think,connected_nodes,0.1,all,100,1.0,0.9630051925239981,0.9999999999999999,1.0,0.0,1.0,0,0.07999999999999996,8,0,0.0078125,0.03,0.14,0.050000000000000044,5,0,5.0,0.0625,0.01,0.1,8.0,0.0625,0.375
qwen3-1.7b-think,connected_nodes,0.2,none,100,0.96,0.9016278276739262,0.984336949448152,0.997107671138631,0.0,1.0,0,0.0,0,0,,,,-0.010000000000000009,2,3,5.0,1.0,-0.06,0.03,,,1.0
qwen3-1.7b-think,connected_nodes,0.2,filler,100,0.97,0.915479219195973,0.9897456617765851,0.9965736842105264,0.01,1.0,0,0.010000000000000009,3,2,1.0,-0.03,0.05,0.0,0,0,,,,,5.0,1.0,
qwen3-1.7b-think,connected_nodes,0.2,degree,100,0.92,0.8500173312059693,0.9589070305141891,0.9622804693549074,0.03,1.0,0,-0.039999999999999925,1,5,0.21875,-0.09,0.0,-0.04999999999999993,2,7,9.0,0.1796875,-0.11,0.0,6.0,0.525,0.660769502321879
qwen3-1.7b-think,connected_nodes,0.2,clustering,100,0.96,0.9016278276739262,0.984336949448152,0.996875882012724,0.0,1.0,0,0.0,3,3,1.0,-0.05,0.05,-0.010000000000000009,1,2,3.0,1.0,-0.04,0.02,6.0,1.0,1.0
qwen3-1.7b-think,connected_nodes,0.2,rwse,100,0.88,0.8018773199709163,0.9300066263473222,0.9634388677198276,0.0,1.0,0,-0.07999999999999996,2,10,0.03857421875,-0.14,-0.02,-0.08999999999999997,1,10,11.0,0.01171875,-0.15,-0.03,12.0,0.154296875,0.140625
qwen3-1.7b-think,connected_nodes,0.2,components,100,0.94,0.8752303146877748,0.9722142547333433,0.980549494949495,0.01,1.0,0,-0.020000000000000018,2,4,0.6875,-0.07,0.03,-0.030000000000000027,1,4,5.0,0.375,-0.08,0.01,6.0,0.9166666666666666,0.6923076923076923
qwen3-1.7b-think,connected_nodes,0.2,all,100,0.94,0.8752303146877748,0.9722142547333433,0.9778777246145667,0.02,1.0,0,-0.020000000000000018,2,4,0.6875,-0.07,0.03,-0.030000000000000027,1,4,5.0,0.375,-0.07,0.01,6.0,0.9166666666666666,0.6923076923076923
qwen3-1.7b-think,connected_nodes,0.35,none,100,0.68,0.5833719774632081,0.7633098918454312,0.9744865301227305,0.02,1.0,0,0.0,0,0,,,,-0.039999999999999925,7,11,18.0,0.480682373046875,-0.12,0.040249999999998634,,,0.76171875
qwen3-1.7b-think,connected_nodes,0.35,filler,100,0.72,0.6251178763865427,0.7986044083240164,0.983822769388025,0.0,1.0,0,0.039999999999999925,11,7,0.480682373046875,-0.04,0.12,0.0,0,0,,,,,18.0,0.9166666666666666,
qwen3-1.7b-think,connected_nodes,0.35,degree,100,0.81,0.7222097592919214,0.8748534600729574,0.9810777431240706,0.0,1.0,0,0.13,17,4,0.007197380065917969,0.05,0.22,0.09000000000000008,13,4,17.0,0.049041748046875,0.01,0.17,21.0,0.0625,0.375
qwen3-1.7b-think,connected_nodes,0.35,clustering,100,0.66,0.5627754565831095,0.74538620502457,0.9732906612432747,0.0,1.0,0,-0.020000000000000018,12,14,0.8450189828872681,-0.12,0.08,-0.05999999999999994,6,12,18.0,0.237884521484375,-0.14,0.02,26.0,1.0,0.660769502321879
qwen3-1.7b-think,connected_nodes,0.35,rwse,100,0.72,0.6251178763865427,0.7986044083240164,0.9714908212539624,0.0,1.0,0,0.039999999999999925,14,10,0.5412561893463135,-0.05,0.13,0.0,9,9,18.0,1.0,-0.08,0.08,24.0,0.9166666666666666,1.0
qwen3-1.7b-think,connected_nodes,0.35,components,100,0.71,0.6146092505999207,0.7898529302601586,0.9812449978085798,0.0,1.0,0,0.029999999999999916,9,6,0.60723876953125,-0.05,0.11,-0.010000000000000009,8,9,17.0,1.0,-0.09,0.07,15.0,0.9166666666666666,1.0
qwen3-1.7b-think,connected_nodes,0.35,all,100,0.78,0.6892946528499969,0.849988254963442,0.9826372084936374,0.0,1.0,0,0.09999999999999998,14,4,0.0308837890625,0.02,0.18,0.06000000000000005,11,5,16.0,0.210113525390625,-0.01,0.14,18.0,0.15,0.660769502321879
qwen3-1.7b-think,connected_nodes,0.5,none,100,0.59,0.4920125056109662,0.6813284290433533,0.977041758904126,0.0,1.0,0,0.0,0,0,,,,-0.020000000000000018,11,13,24.0,0.8388197422027588,-0.12,0.08,,,1.0
qwen3-1.7b-think,connected_nodes,0.5,filler,100,0.61,0.5120283616749817,0.699832780680298,0.9634959225353192,0.0,1.0,0,0.020000000000000018,13,11,0.8388197422027588,-0.07,0.11,0.0,0,0,,,,,24.0,1.0,
qwen3-1.7b-think,connected_nodes,0.5,degree,100,0.75,0.6569535362992417,0.8245490599627573,0.9545493015746139,0.01,1.0,0,0.16000000000000003,23,7,0.005222879350185394,0.05,0.27,0.14,20,6,26.0,0.009355306625366211,0.05,0.24,30.0,0.0625,0.140625
qwen3-1.7b-think,connected_nodes,0.5,clustering,100,0.67,0.5730516033971139,0.7543701620610456,0.9815498408267241,0.0,1.0,0,0.08000000000000007,18,10,0.1849333420395851,-0.02,0.18,0.06000000000000005,14,8,22.0,0.28627872467041016,-0.03,0.15,28.0,0.493155578772227,0.6870689392089844
qwen3-1.7b-think,connected_nodes,0.5,rwse,100,0.58,0.4820630799889527,0.672017750814887,0.927188599688571,0.02,1.0,0,-0.010000000000000009,11,12,1.0,-0.11,0.09,-0.030000000000000027,12,15,27.0,0.7011080384254456,-0.13,0.07,23.0,1.0,0.9897995836594525
qwen3-1.7b-think,connected_nodes,0.5,components,100,0.67,0.5730516033971139,0.7543701620610456,0.9724442584575417,0.0,1.0,0,0.08000000000000007,14,6,0.11531829833984375,-0.01,0.17,0.06000000000000005,10,4,14.0,0.1795654296875,-0.01,0.13,20.0,0.3953770228794643,0.660769502321879
qwen3-1.7b-think,connected_nodes,0.5,all,100,0.68,0.5833719774632081,0.7633098918454312,0.9370465231651047,0.01,1.0,0,0.09000000000000008,21,12,0.16275565745308995,-0.02,0.2,0.07000000000000006,17,10,27.0,0.24778856337070465,-0.03,0.17,33.0,0.48826697235926986,0.660769502321879
qwen3-1.7b-think,edge_count,0.1,none,100,0.67,0.5730516033971139,0.7543701620610456,0.67,0.5,1.0,0,0.0,0,0,,,,-0.04999999999999993,17,22,39.0,0.5223973804968409,-0.17,0.07,,,0.895538366566013
qwen3-1.7b-think,edge_count,0.1,filler,100,0.72,0.6251178763865427,0.7986044083240164,0.72,0.58,1.0,0,0.04999999999999993,22,17,0.5223973804968409,-0.07,0.17,0.0,0,0,,,,,39.0,1.0,
qwen3-1.7b-think,edge_count,0.1,degree,100,0.24,0.16691211265459965,0.3323251872329213,0.24,0.8,1.0,0,-0.43000000000000005,12,55,1.0273195443541005e-07,-0.57,-0.29,-0.48,8,56,64.0,5.562672242319724e-10,-0.6,-0.36,67.0,8.218556354832804e-07,1.1175870895385742e-08
qwen3-1.7b-think,edge_count,0.1,clustering,100,0.64,0.542352199811621,0.7272892540950986,0.64,0.66,1.0,0,-0.030000000000000027,22,25,0.7708669945730264,-0.17,0.1,-0.07999999999999996,14,22,36.0,0.2429849540349096,-0.2,0.04,47.0,1.0,0.5831638896837831
qwen3-1.7b-think,edge_count,0.1,rwse,100,0.55,0.45244427031643447,0.6438562489359654,0.55,0.6,1.0,0,-0.12,17,29,0.10380535550410741,-0.25,0.01,-0.16999999999999993,20,37,57.0,0.033143967787505446,-0.31,-0.02,46.0,0.3559040760140825,0.11363646098573296
qwen3-1.7b-think,edge_count,0.1,components,100,0.59,0.4920125056109662,0.6813284290433533,0.59,0.56,1.0,0,-0.08000000000000007,14,22,0.2429849540349096,-0.2,0.04,-0.13,16,29,45.0,0.07245426016254441,-0.26,0.0,36.0,0.7289548621047288,0.21736278048763324
qwen3-1.7b-think,edge_count,0.1,all,100,0.4,0.3093997461136028,0.4979992153815976,0.4,0.7,1.0,0,-0.27,9,36,6.57466324582856e-05,-0.4,-0.15,-0.31999999999999995,15,47,62.0,5.778372004920304e-05,-0.46,-0.18,45.0,0.0003155838357997709,0.0002773618562361746
qwen3-1.7b-think,edge_count,0.2,none,100,0.31,0.22779563206132378,0.40626239477955695,0.31,0.77,1.0,0,0.0,0,0,,,,0.0,17,17,34.0,1.0,-0.12,0.12,,,1.0
qwen3-1.7b-think,edge_count,0.2,filler,100,0.31,0.22779563206132378,0.40626239477955695,0.31,0.76,1.0,0,0.0,17,17,1.0,-0.11,0.12,0.0,0,0,,,,,34.0,1.0,
qwen3-1.7b-think,edge_count,0.2,degree,100,0.26,0.18404578126986462,0.35371172631861636,0.26,0.77,1.0,0,-0.04999999999999999,19,24,0.542384011856484,-0.18,0.08,-0.04999999999999999,16,21,37.0,0.5113757815852296,-0.17,0.07,43.0,1.0,0.895538366566013
qwen3-1.7b-think,edge_count,0.2,clustering,100,0.3,0.21894753866228117,0.39585038432811953,0.3,0.68,1.0,0,-0.010000000000000009,18,19,1.0,-0.13,0.11,-0.010000000000000009,17,18,35.0,1.0,-0.13,0.11,37.0,1.0,1.0
qwen3-1.7b-think,edge_count,0.2,rwse,100,0.29,0.21014706973984146,0.38539074940007934,0.29,0.87,1.0,0,-0.020000000000000018,16,18,0.8641662404406816,-0.13,0.1,-0.020000000000000018,15,17,32.0,0.860050065908581,-0.13,0.09,34.0,1.0,1.0
qwen3-1.7b-think,edge_count,0.2,components,100,0.28,0.2013955916759837,0.37488212361345724,0.28,0.73,1.0,0,-0.02999999999999997,18,21,0.7492586247608415,-0.15,0.09,-0.02999999999999997,14,17,31.0,0.720100131817162,-0.13,0.08,39.0,1.0,1.0
qwen3-1.7b-think,edge_count,0.2,all,100,0.28,0.2013955916759837,0.37488212361345724,0.28,0.78,1.0,0,-0.02999999999999997,16,19,0.7358788008568808,-0.14,0.09,-0.02999999999999997,18,21,39.0,0.7492586247608415,-0.16,0.09,35.0,1.0,1.0
qwen3-1.7b-think,edge_count,0.35,none,100,0.03,0.010254338223414816,0.08452078080402699,0.03,1.0,1.0,0,0.0,0,0,,,,-0.03,3,6,9.0,0.5078125,-0.09,0.03,,,0.895538366566013
qwen3-1.7b-think,edge_count,0.35,filler,100,0.06,0.02778574526665662,0.12476968531222507,0.06,0.98,1.0,0,0.03,6,3,0.5078125,-0.03,0.09,0.0,0,0,,,,,9.0,1.0,
qwen3-1.7b-think,edge_count,0.35,degree,100,0.2,0.1333659225590988,0.28883096192650237,0.2,0.83,1.0,0,0.17,20,3,0.00048828125,0.09,0.26,0.14,18,4,22.0,0.004343509674072266,0.05,0.23,23.0,0.001953125,0.017374038696289062
qwen3-1.7b-think,edge_count,0.35,clustering,100,0.05,0.02154336145631356,0.11175196527208817,0.05,0.96,1.0,0,0.020000000000000004,4,2,0.6875,-0.03,0.07,-0.009999999999999995,5,6,11.0,1.0,-0.07,0.06,6.0,1.0,1.0
qwen3-1.7b-think,edge_count,0.35,rwse,100,0.01,0.0017673865655472645,0.0544875247609346,0.01,1.0,1.0,0,-0.019999999999999997,1,3,0.625,-0.06,0.02,-0.049999999999999996,1,6,7.0,0.125,-0.1,0.0,4.0,1.0,0.3333333333333333
qwen3-1.7b-think,edge_count,0.35,components,100,0.03,0.010254338223414816,0.08452078080402699,0.03,1.0,1.0,0,0.0,3,3,1.0,-0.05,0.05,-0.03,3,6,9.0,0.5078125,-0.09,0.02,6.0,1.0,0.895538366566013
qwen3-1.7b-think,edge_count,0.35,all,100,0.38,0.2909744920013438,0.47790426179289663,0.38,0.67,1.0,0,0.35,36,1,5.529727786779404e-10,0.25,0.45,0.32,37,5,42.0,4.4337048166198656e-07,0.21,0.43,37.0,1.1175870895385742e-08,3.5469638532958925e-06
qwen3-1.7b-think,edge_count,0.5,none,100,0.0,0.0,0.03699480747600191,0.0,1.0,1.0,0,0.0,0,0,,,,0.0,0,0,0.0,1.0,0.0,0.0,,,1.0
qwen3-1.7b-think,edge_count,0.5,filler,100,0.0,0.0,0.03699480747600191,0.0,1.0,1.0,0,0.0,0,0,1.0,0.0,0.0,0.0,0,0,,,,,0.0,1.0,
qwen3-1.7b-think,edge_count,0.5,degree,100,0.17,0.10893476059773155,0.25548181233642975,0.17,0.84,1.0,0,0.17,17,0,1.52587890625e-05,0.1,0.25,0.17,17,0,17.0,1.52587890625e-05,0.09975000000000002,0.25,17.0,9.1552734375e-05,9.1552734375e-05
qwen3-1.7b-think,edge_count,0.5,clustering,100,0.0,0.0,0.03699480747600191,0.0,1.0,1.0,0,0.0,0,0,1.0,0.0,0.0,0.0,0,0,0.0,1.0,0.0,0.0,0.0,1.0,1.0
qwen3-1.7b-think,edge_count,0.5,rwse,100,0.0,0.0,0.03699480747600191,0.0,1.0,1.0,0,0.0,0,0,1.0,0.0,0.0,0.0,0,0,0.0,1.0,0.0,0.0,0.0,1.0,1.0
qwen3-1.7b-think,edge_count,0.5,components,100,0.01,0.0017673865655472645,0.0544875247609346,0.01,1.0,1.0,0,0.01,1,0,1.0,0.0,0.03,0.01,1,0,1.0,1.0,0.0,0.03,1.0,1.0,1.0
qwen3-1.7b-think,edge_count,0.5,all,100,0.31,0.22779563206132378,0.40626239477955695,0.31,0.63,1.0,0,0.31,31,0,9.313225746154785e-10,0.22,0.4,0.31,31,0,31.0,9.313225746154785e-10,0.22,0.4,31.0,1.1175870895385742e-08,1.1175870895385742e-08
qwen3-4b,node_count,0.1,none,100,0.92,0.8500173312059693,0.9589070305141891,0.92,0.0,1.0,1,0.0,0,0,,,,-0.05999999999999994,0,6,6.0,0.03125,-0.11,-0.02,,,0.375
qwen3-4b,node_count,0.1,filler,100,0.98,0.9299868370580063,0.9944981477650318,0.98,0.0,1.0,1,0.05999999999999994,6,0,0.03125,0.02,0.11,0.0,0,0,,,,,6.0,0.09375,
qwen3-4b,node_count,0.1,degree,100,0.94,0.8752303146877748,0.9722142547333433,0.94,0.0,1.0,1,0.019999999999999907,6,4,0.75390625,-0.04,0.08,-0.040000000000000036,1,5,6.0,0.21875,-0.09,0.0,10.0,1.0,1.0
qwen3-4b,node_count,0.1,clustering,100,0.97,0.915479219195973,0.9897456617765851,0.97,0.0,1.0,1,0.04999999999999993,7,2,0.1796875,0.0,0.11,-0.010000000000000009,2,3,5.0,1.0,-0.05,0.03,9.0,0.39204545454545453,1.0
qwen3-4b,node_count,0.1,rwse,100,0.98,0.9299868370580063,0.9944981477650318,0.98,0.0,1.0,1,0.05999999999999994,8,2,0.109375,0.0,0.12,0.0,2,2,4.0,1.0,-0.04,0.04,10.0,0.2916666666666667,1.0
qwen3-4b,node_count,0.1,components,100,0.97,0.915479219195973,0.9897456617765851,0.97,0.0,1.0,1,0.04999999999999993,6,1,0.125,0.0,0.1,-0.010000000000000009,1,2,3.0,1.0,-0.04,0.02,7.0,0.3,1.0
qwen3-4b,node_count,0.1,all,100,1.0,0.9630051925239981,0.9999999999999999,1.0,0.0,1.0,1,0.07999999999999996,8,0,0.0078125,0.03,0.14,0.020000000000000018,2,0,2.0,0.5,0.0,0.05,8.0,0.026785714285714284,1.0
qwen3-4b,node_count,0.2,none,100,0.69,0.5937376052204429,0.7722043679386762,0.69,0.0,1.0,1,0.0,0,0,,,,-0.31000000000000005,0,31,31.0,9.313225746154785e-10,-0.4,-0.22,,,2.2351741790771484e-08
qwen3-4b,node_count,0.2,filler,100,1.0,0.9630051925239981,0.9999999999999999,1.0,0.0,1.0,1,0.31000000000000005,31,0,9.313225746154785e-10,0.22,0.4,0.0,0,0,,,,,31.0,5.587935447692871e-09,
qwen3-4b,node_count,0.2,degree,100,0.99,0.9455124752390653,0.9982326134344526,0.99,0.0,1.0,1,0.30000000000000004,31,1,1.5366822481155396e-08,0.2,0.4,-0.010000000000000009,0,1,1.0,1.0,-0.03,0.0,32.0,6.146728992462158e-08,1.0
qwen3-4b,node_count,0.2,clustering,100,0.99,0.9455124752390653,0.9982326134344526,0.99,0.0,1.0,1,0.30000000000000004,31,1,1.5366822481155396e-08,0.2,0.4,-0.010000000000000009,0,1,1.0,1.0,-0.03,0.0,32.0,6.146728992462158e-08,1.0
qwen3-4b,node_count,0.2,rwse,100,1.0,0.9630051925239981,0.9999999999999999,1.0,0.0,1.0,1,0.31000000000000005,31,0,9.313225746154785e-10,0.22,0.4,0.0,0,0,0.0,1.0,0.0,0.0,31.0,5.587935447692871e-09,1.0
qwen3-4b,node_count,0.2,components,100,1.0,0.9630051925239981,0.9999999999999999,1.0,0.0,1.0,1,0.31000000000000005,31,0,9.313225746154785e-10,0.22,0.4,0.0,0,0,0.0,1.0,0.0,0.0,31.0,5.587935447692871e-09,1.0
qwen3-4b,node_count,0.2,all,100,1.0,0.9630051925239981,0.9999999999999999,1.0,0.0,1.0,1,0.31000000000000005,31,0,9.313225746154785e-10,0.22,0.4,0.0,0,0,0.0,1.0,0.0,0.0,31.0,5.587935447692871e-09,1.0
qwen3-4b,node_count,0.35,none,100,1.0,0.9630051925239981,0.9999999999999999,1.0,0.0,1.0,1,0.0,0,0,,,,0.0,0,0,0.0,1.0,0.0,0.0,,,1.0
qwen3-4b,node_count,0.35,filler,100,1.0,0.9630051925239981,0.9999999999999999,1.0,0.0,1.0,1,0.0,0,0,1.0,0.0,0.0,0.0,0,0,,,,,0.0,1.0,
qwen3-4b,node_count,0.35,degree,100,1.0,0.9630051925239981,0.9999999999999999,1.0,0.0,1.0,1,0.0,0,0,1.0,0.0,0.0,0.0,0,0,0.0,1.0,0.0,0.0,0.0,1.0,1.0
qwen3-4b,node_count,0.35,clustering,100,1.0,0.9630051925239981,0.9999999999999999,1.0,0.0,1.0,1,0.0,0,0,1.0,0.0,0.0,0.0,0,0,0.0,1.0,0.0,0.0,0.0,1.0,1.0
qwen3-4b,node_count,0.35,rwse,100,1.0,0.9630051925239981,0.9999999999999999,1.0,0.0,1.0,1,0.0,0,0,1.0,0.0,0.0,0.0,0,0,0.0,1.0,0.0,0.0,0.0,1.0,1.0
qwen3-4b,node_count,0.35,components,100,1.0,0.9630051925239981,0.9999999999999999,1.0,0.0,1.0,1,0.0,0,0,1.0,0.0,0.0,0.0,0,0,0.0,1.0,0.0,0.0,0.0,1.0,1.0
qwen3-4b,node_count,0.35,all,100,1.0,0.9630051925239981,0.9999999999999999,1.0,0.0,1.0,1,0.0,0,0,1.0,0.0,0.0,0.0,0,0,0.0,1.0,0.0,0.0,0.0,1.0,1.0
qwen3-4b,node_count,0.5,none,100,1.0,0.9630051925239981,0.9999999999999999,1.0,0.0,1.0,1,0.0,0,0,,,,0.0,0,0,0.0,1.0,0.0,0.0,,,1.0
qwen3-4b,node_count,0.5,filler,100,1.0,0.9630051925239981,0.9999999999999999,1.0,0.0,1.0,1,0.0,0,0,1.0,0.0,0.0,0.0,0,0,,,,,0.0,1.0,
qwen3-4b,node_count,0.5,degree,100,1.0,0.9630051925239981,0.9999999999999999,1.0,0.0,1.0,1,0.0,0,0,1.0,0.0,0.0,0.0,0,0,0.0,1.0,0.0,0.0,0.0,1.0,1.0
qwen3-4b,node_count,0.5,clustering,100,1.0,0.9630051925239981,0.9999999999999999,1.0,0.0,1.0,1,0.0,0,0,1.0,0.0,0.0,0.0,0,0,0.0,1.0,0.0,0.0,0.0,1.0,1.0
qwen3-4b,node_count,0.5,rwse,100,1.0,0.9630051925239981,0.9999999999999999,1.0,0.0,1.0,1,0.0,0,0,1.0,0.0,0.0,0.0,0,0,0.0,1.0,0.0,0.0,0.0,1.0,1.0
qwen3-4b,node_count,0.5,components,100,1.0,0.9630051925239981,0.9999999999999999,1.0,0.0,1.0,1,0.0,0,0,1.0,0.0,0.0,0.0,0,0,0.0,1.0,0.0,0.0,0.0,1.0,1.0
qwen3-4b,node_count,0.5,all,100,1.0,0.9630051925239981,0.9999999999999999,1.0,0.0,1.0,1,0.0,0,0,1.0,0.0,0.0,0.0,0,0,0.0,1.0,0.0,0.0,0.0,1.0,1.0
qwen3-4b,cycle_check,0.1,none,100,0.99,0.9455124752390653,0.9982326134344526,0.99,0.0,1.0,1,0.0,0,0,,,,0.010000000000000009,2,1,3.0,1.0,-0.02,0.04,,,1.0
qwen3-4b,cycle_check,0.1,filler,100,0.98,0.9299868370580063,0.9944981477650318,0.98,0.04,1.0,1,-0.010000000000000009,1,2,1.0,-0.05,0.02,0.0,0,0,,,,,3.0,1.0,
qwen3-4b,cycle_check,0.1,degree,100,0.96,0.9016278276739262,0.984336949448152,0.96,0.03,0.99,1,-0.030000000000000027,0,3,0.25,-0.07,0.0,-0.020000000000000018,2,4,6.0,0.6875,-0.07,0.03,3.0,1.0,1.0
qwen3-4b,cycle_check,0.1,clustering,100,0.98,0.9299868370580063,0.9944981477650318,0.98,0.02,0.98,1,-0.010000000000000009,1,2,1.0,-0.05,0.02,0.0,2,2,4.0,1.0,-0.04,0.04,3.0,1.0,1.0
qwen3-4b,cycle_check,0.1,rwse,100,1.0,0.9630051925239981,0.9999999999999999,1.0,0.04,1.0,1,0.010000000000000009,1,0,1.0,0.0,0.03,0.020000000000000018,2,0,2.0,0.5,0.0,0.05,1.0,1.0,1.0
qwen3-4b,cycle_check,0.1,components,100,0.94,0.8752303146877748,0.9722142547333433,0.94,0.03,0.97,1,-0.050000000000000044,1,6,0.125,-0.1,0.0,-0.040000000000000036,2,6,8.0,0.2890625,-0.1,0.01,7.0,1.0,1.0
qwen3-4b,cycle_check,0.1,all,100,1.0,0.9630051925239981,0.9999999999999999,1.0,0.02,1.0,1,0.010000000000000009,1,0,1.0,0.0,0.03,0.020000000000000018,2,0,2.0,0.5,0.0,0.05,1.0,1.0,1.0
qwen3-4b,cycle_check,0.2,none,100,1.0,0.9630051925239981,0.9999999999999999,1.0,0.03,1.0,1,0.0,0,0,,,,0.0,0,0,0.0,1.0,0.0,0.0,,,1.0
qwen3-4b,cycle_check,0.2,filler,100,1.0,0.9630051925239981,0.9999999999999999,1.0,0.0,1.0,1,0.0,0,0,1.0,0.0,0.0,0.0,0,0,,,,,0.0,1.0,
qwen3-4b,cycle_check,0.2,degree,100,0.99,0.9455124752390653,0.9982326134344526,0.99,0.0,1.0,1,-0.010000000000000009,0,1,1.0,-0.03,0.0,-0.010000000000000009,0,1,1.0,1.0,-0.03,0.0,1.0,1.0,1.0
qwen3-4b,cycle_check,0.2,clustering,100,1.0,0.9630051925239981,0.9999999999999999,1.0,0.0,1.0,1,0.0,0,0,1.0,0.0,0.0,0.0,0,0,0.0,1.0,0.0,0.0,0.0,1.0,1.0
qwen3-4b,cycle_check,0.2,rwse,100,1.0,0.9630051925239981,0.9999999999999999,1.0,0.01,1.0,1,0.0,0,0,1.0,0.0,0.0,0.0,0,0,0.0,1.0,0.0,0.0,0.0,1.0,1.0
qwen3-4b,cycle_check,0.2,components,100,0.99,0.9455124752390653,0.9982326134344526,0.99,0.03,1.0,1,-0.010000000000000009,0,1,1.0,-0.03,0.0,-0.010000000000000009,0,1,1.0,1.0,-0.03,0.0,1.0,1.0,1.0
qwen3-4b,cycle_check,0.2,all,100,1.0,0.9630051925239981,0.9999999999999999,1.0,0.0,1.0,1,0.0,0,0,1.0,0.0,0.0,0.0,0,0,0.0,1.0,0.0,0.0,0.0,1.0,1.0
qwen3-4b,cycle_check,0.35,none,100,1.0,0.9630051925239981,0.9999999999999999,1.0,0.0,1.0,1,0.0,0,0,,,,0.0,0,0,0.0,1.0,0.0,0.0,,,1.0
qwen3-4b,cycle_check,0.35,filler,100,1.0,0.9630051925239981,0.9999999999999999,1.0,0.01,1.0,1,0.0,0,0,1.0,0.0,0.0,0.0,0,0,,,,,0.0,1.0,
qwen3-4b,cycle_check,0.35,degree,100,0.95,0.8882480347279118,0.9784566385436864,0.95,0.02,0.98,1,-0.050000000000000044,0,5,0.0625,-0.09,-0.01,-0.050000000000000044,0,5,5.0,0.0625,-0.1,-0.01,5.0,1.0,1.0
qwen3-4b,cycle_check,0.35,clustering,100,1.0,0.9630051925239981,0.9999999999999999,1.0,0.0,1.0,1,0.0,0,0,1.0,0.0,0.0,0.0,0,0,0.0,1.0,0.0,0.0,0.0,1.0,1.0
qwen3-4b,cycle_check,0.35,rwse,100,1.0,0.9630051925239981,0.9999999999999999,1.0,0.0,1.0,1,0.0,0,0,1.0,0.0,0.0,0.0,0,0,0.0,1.0,0.0,0.0,0.0,1.0,1.0
qwen3-4b,cycle_check,0.35,components,100,1.0,0.9630051925239981,0.9999999999999999,1.0,0.0,1.0,1,0.0,0,0,1.0,0.0,0.0,0.0,0,0,0.0,1.0,0.0,0.0,0.0,1.0,1.0
qwen3-4b,cycle_check,0.35,all,100,1.0,0.9630051925239981,0.9999999999999999,1.0,0.0,1.0,1,0.0,0,0,1.0,0.0,0.0,0.0,0,0,0.0,1.0,0.0,0.0,0.0,1.0,1.0
qwen3-4b,cycle_check,0.5,none,100,1.0,0.9630051925239981,0.9999999999999999,1.0,0.0,1.0,1,0.0,0,0,,,,0.0,0,0,0.0,1.0,0.0,0.0,,,1.0
qwen3-4b,cycle_check,0.5,filler,100,1.0,0.9630051925239981,0.9999999999999999,1.0,0.0,1.0,1,0.0,0,0,1.0,0.0,0.0,0.0,0,0,,,,,0.0,1.0,
qwen3-4b,cycle_check,0.5,degree,100,0.97,0.915479219195973,0.9897456617765851,0.97,0.01,0.99,1,-0.030000000000000027,0,3,0.25,-0.07,0.0,-0.030000000000000027,0,3,3.0,0.25,-0.07,0.0,3.0,1.0,1.0
qwen3-4b,cycle_check,0.5,clustering,100,1.0,0.9630051925239981,0.9999999999999999,1.0,0.0,1.0,1,0.0,0,0,1.0,0.0,0.0,0.0,0,0,0.0,1.0,0.0,0.0,0.0,1.0,1.0
qwen3-4b,cycle_check,0.5,rwse,100,1.0,0.9630051925239981,0.9999999999999999,1.0,0.0,1.0,1,0.0,0,0,1.0,0.0,0.0,0.0,0,0,0.0,1.0,0.0,0.0,0.0,1.0,1.0
qwen3-4b,cycle_check,0.5,components,100,0.98,0.9299868370580063,0.9944981477650318,0.98,0.0,1.0,1,-0.020000000000000018,0,2,0.5,-0.05,0.0,-0.020000000000000018,0,2,2.0,0.5,-0.05,0.0,2.0,1.0,1.0
qwen3-4b,cycle_check,0.5,all,100,0.97,0.915479219195973,0.9897456617765851,0.97,0.0,1.0,1,-0.030000000000000027,0,3,0.25,-0.07,0.0,-0.030000000000000027,0,3,3.0,0.25,-0.07,0.0,3.0,1.0,1.0
qwen3-4b,edge_existence,0.1,none,100,0.96,0.9016278276739262,0.984336949448152,0.96,0.0,1.0,0,0.0,0,0,,,,0.0,1,1,2.0,1.0,-0.03,0.03,,,1.0
qwen3-4b,edge_existence,0.1,filler,100,0.96,0.9016278276739262,0.984336949448152,0.96,0.0,1.0,0,0.0,1,1,1.0,-0.03,0.03,0.0,0,0,,,,,2.0,1.0,
qwen3-4b,edge_existence,0.1,degree,100,0.99,0.9455124752390653,0.9982326134344526,0.99,0.0,1.0,0,0.030000000000000027,3,0,0.25,0.0,0.07,0.030000000000000027,3,0,3.0,0.25,0.0,0.07,3.0,0.45652173913043476,0.525
qwen3-4b,edge_existence,0.1,clustering,100,0.97,0.915479219195973,0.9897456617765851,0.97,0.0,1.0,0,0.010000000000000009,2,1,1.0,-0.02,0.04,0.010000000000000009,2,1,3.0,1.0,-0.02,0.04,3.0,1.0,1.0
qwen3-4b,edge_existence,0.1,rwse,100,0.96,0.9016278276739262,0.984336949448152,0.96,0.0,1.0,0,0.0,1,1,1.0,-0.03,0.03,0.0,1,1,2.0,1.0,-0.03,0.03,2.0,1.0,1.0
qwen3-4b,edge_existence,0.1,components,100,0.99,0.9455124752390653,0.9982326134344526,0.99,0.0,1.0,0,0.030000000000000027,3,0,0.25,0.0,0.07,0.030000000000000027,3,0,3.0,0.25,0.0,0.07,3.0,0.45652173913043476,0.525
qwen3-4b,edge_existence,0.1,all,100,0.95,0.8882480347279118,0.9784566385436864,0.95,0.01,1.0,0,-0.010000000000000009,3,4,1.0,-0.06,0.04,-0.010000000000000009,3,4,7.0,1.0,-0.06,0.04,7.0,1.0,1.0
qwen3-4b,edge_existence,0.2,none,100,0.93,0.8625032899347025,0.965681175635936,0.93,0.0,1.0,0,0.0,0,0,,,,0.09000000000000008,12,3,15.0,0.03515625,0.02,0.17,,,0.123046875
qwen3-4b,edge_existence,0.2,filler,100,0.84,0.7557955544110557,0.8990479765052628,0.84,0.0,1.0,0,-0.09000000000000008,3,12,0.03515625,-0.16024999999999998,-0.02,0.0,0,0,,,,,15.0,0.13423295454545456,
qwen3-4b,edge_existence,0.2,degree,100,0.91,0.8377362530335634,0.9519280048361151,0.91,0.01,1.0,0,-0.020000000000000018,4,6,0.75390625,-0.08,0.04,0.07000000000000006,11,4,15.0,0.11846923828125,0.0,0.15,10.0,0.989501953125,0.3317138671875
qwen3-4b,edge_existence,0.2,clustering,100,0.98,0.9299868370580063,0.9944981477650318,0.98,0.0,1.0,0,0.04999999999999993,6,1,0.125,0.0,0.1,0.14,14,0,14.0,0.0001220703125,0.08,0.21,7.0,0.2916666666666667,0.0025634765625
qwen3-4b,edge_existence,0.2,rwse,100,0.89,0.8136853697209698,0.9374586804477487,0.89,0.0,1.0,0,-0.040000000000000036,5,9,0.4239501953125,-0.11,0.03,0.050000000000000044,12,7,19.0,0.359283447265625,-0.04,0.14,14.0,0.6594780815972222,0.6287460327148438
qwen3-4b,edge_existence,0.2,components,100,0.94,0.8752303146877748,0.9722142547333433,0.94,0.0,1.0,0,0.009999999999999898,5,4,1.0,-0.05,0.07,0.09999999999999998,11,1,12.0,0.00634765625,0.04,0.17,9.0,1.0,0.028780850497159092
qwen3-4b,edge_existence,0.2,all,100,0.84,0.7557955544110557,0.8990479765052628,0.84,0.0,1.0,0,-0.09000000000000008,3,12,0.03515625,-0.16,-0.02,0.0,7,7,14.0,1.0,-0.07,0.07,15.0,0.13423295454545456,1.0
qwen3-4b,edge_existence,0.35,none,100,0.83,0.7445181876635703,0.8910652394022684,0.83,0.0,1.0,0,0.0,0,0,,,,0.07999999999999996,16,8,24.0,0.15158963203430176,-0.01,0.18,,,0.3745155614965102
qwen3-4b,edge_existence,0.35,filler,100,0.75,0.6569535362992417,0.8245490599627573,0.75,0.0,1.0,0,-0.07999999999999996,8,16,0.15158963203430176,-0.18,0.02,0.0,0,0,,,,,24.0,0.3183382272720337,
qwen3-4b,edge_existence,0.35,degree,100,0.79,0.7001985069803768,0.8583445046835422,0.79,0.0,1.0,0,-0.039999999999999925,6,10,0.454498291015625,-0.12,0.04,0.040000000000000036,12,8,20.0,0.5034446716308594,-0.05,0.13,16.0,0.6817474365234375,0.7354525862068966
qwen3-4b,edge_existence,0.35,clustering,100,0.89,0.8136853697209698,0.9374586804477487,0.89,0.0,1.0,0,0.06000000000000005,12,6,0.237884521484375,-0.02,0.14,0.14,19,5,24.0,0.006610751152038574,0.05,0.23,18.0,0.45652173913043476,0.028780850497159092
qwen3-4b,edge_existence,0.35,rwse,100,0.7,0.6041496156718804,0.7810524613377188,0.7,0.0,1.0,0,-0.13,7,20,0.0191572904586792,-0.23,-0.03,-0.050000000000000044,8,13,21.0,0.38331031799316406,-0.14,0.03,27.0,0.1149437427520752,0.6439613342285156
qwen3-4b,edge_existence,0.35,components,100,0.75,0.6569535362992417,0.8245490599627573,0.75,0.0,1.0,0,-0.07999999999999996,5,13,0.09625244140625,-0.16,0.0,0.0,11,11,22.0,1.0,-0.09,0.09,18.0,0.23780014935661764,1.0
qwen3-4b,edge_existence,0.35,all,100,0.7,0.6041496156718804,0.7810524613377188,0.7,0.0,1.0,0,-0.13,7,20,0.0191572904586792,-0.23,-0.03,-0.050000000000000044,10,15,25.0,0.42435622215270996,-0.15,0.04,27.0,0.1149437427520752,0.6854985127082238
qwen3-4b,edge_existence,0.5,none,100,0.9,0.8256326956323347,0.9447714583868639,0.9,0.0,1.0,0,0.0,0,0,,,,0.10999999999999999,13,2,15.0,0.00738525390625,0.04,0.18,,,0.028780850497159092
qwen3-4b,edge_existence,0.5,filler,100,0.79,0.7001985069803768,0.8583445046835422,0.79,0.0,1.0,0,-0.10999999999999999,2,13,0.00738525390625,-0.19,-0.04,0.0,0,0,,,,,15.0,0.0620361328125,
qwen3-4b,edge_existence,0.5,degree,100,0.74,0.6462882736813838,0.8159542187301354,0.74,0.01,1.0,0,-0.16000000000000003,2,18,0.0004024505615234375,-0.25,-0.08,-0.050000000000000044,5,10,15.0,0.3017578125,-0.13,0.02,20.0,0.005126953125,0.5760830965909091
qwen3-4b,edge_existence,0.5,clustering,100,0.94,0.8752303146877748,0.9722142547333433,0.94,0.0,1.0,0,0.039999999999999925,8,4,0.3876953125,-0.03,0.11,0.1499999999999999,17,2,19.0,0.000728607177734375,0.07,0.23,12.0,0.6262770432692307,0.0076503753662109375
qwen3-4b,edge_existence,0.5,rwse,100,0.67,0.5730516033971139,0.7543701620610456,0.67,0.0,1.0,0,-0.22999999999999998,0,23,2.384185791015625e-07,-0.32,-0.15,-0.12,3,15,18.0,0.007537841796875,-0.2,-0.04,23.0,1.0013580322265625e-05,0.028780850497159092
qwen3-4b,edge_existence,0.5,components,100,0.83,0.7445181876635703,0.8910652394022684,0.83,0.0,1.0,0,-0.07000000000000006,3,10,0.09228515625,-0.14,0.0,0.039999999999999925,5,1,6.0,0.21875,0.0,0.09,13.0,0.23780014935661764,0.5104166666666666
qwen3-4b,edge_existence,0.5,all,100,0.73,0.6356769977376873,0.8073053908233518,0.73,0.0,1.0,0,-0.17000000000000004,2,19,0.00022125244140625,-0.26,-0.09,-0.06000000000000005,3,9,12.0,0.14599609375,-0.13,0.0,21.0,0.00464630126953125,0.3745155614965102
qwen3-4b,edge_existence,0.65,none,100,0.87,0.7901947810519012,0.9224290614158575,0.87,0.0,1.0,0,0.0,0,0,,,,0.12,12,0,12.0,0.00048828125,0.06,0.18024999999999863,,,0.0068359375
qwen3-4b,edge_existence,0.65,filler,100,0.75,0.6569535362992417,0.8245490599627573,0.75,0.0,1.0,0,-0.12,0,12,0.00048828125,-0.19,-0.06,0.0,0,0,,,,,12.0,0.005126953125,
qwen3-4b,edge_existence,0.65,degree,100,0.81,0.7222097592919214,0.8748534600729574,0.81,0.01,1.0,0,-0.05999999999999994,3,9,0.14599609375,-0.13,0.0,0.06000000000000005,8,2,10.0,0.109375,0.0,0.12,12.0,0.3183382272720337,0.328125
qwen3-4b,edge_existence,0.65,clustering,100,0.95,0.8882480347279118,0.9784566385436864,0.95,0.0,1.0,0,0.07999999999999996,11,3,0.057373046875,0.01,0.15,0.19999999999999996,21,1,22.0,1.0967254638671875e-05,0.12,0.28,14.0,0.18535907451923078,0.00046062469482421875
qwen3-4b,edge_existence,0.65,rwse,100,0.9,0.8256326956323347,0.9447714583868639,0.9,0.0,1.0,0,0.030000000000000027,9,6,0.60723876953125,-0.04024999999999999,0.1,0.15000000000000002,19,4,23.0,0.002599477767944336,0.06,0.24,15.0,0.879449252424569,0.02183561325073242
qwen3-4b,edge_existence,0.65,components,100,0.79,0.7001985069803768,0.8583445046835422,0.79,0.0,1.0,0,-0.07999999999999996,2,10,0.03857421875,-0.15,-0.02,0.040000000000000036,6,2,8.0,0.2890625,-0.01,0.1,12.0,0.135009765625,0.5760830965909091
qwen3-4b,edge_existence,0.65,all,100,0.88,0.8018773199709163,0.9300066263473222,0.88,0.0,1.0,0,0.010000000000000009,9,8,1.0,-0.07,0.09,0.13,17,4,21.0,0.007197380065917969,0.05,0.22,17.0,1.0,0.028780850497159092
qwen3-4b,edge_existence,0.75,none,100,0.87,0.7901947810519012,0.9224290614158575,0.87,0.0,1.0,0,0.0,0,0,,,,0.020000000000000018,5,3,8.0,0.7265625,-0.03,0.08,,,0.95361328125
qwen3-4b,edge_existence,0.75,filler,100,0.85,0.7671626666784216,0.906940968088377,0.85,0.0,1.0,0,-0.020000000000000018,3,5,0.7265625,-0.08,0.04,0.0,0,0,,,,,8.0,0.984375,
qwen3-4b,edge_existence,0.75,degree,100,0.87,0.7901947810519012,0.9224290614158575,0.87,0.0,1.0,0,0.0,4,4,1.0,-0.06,0.06,0.020000000000000018,5,3,8.0,0.7265625,-0.03,0.08,8.0,1.0,0.95361328125
qwen3-4b,edge_existence,0.75,clustering,100,0.96,0.9016278276739262,0.984336949448152,0.96,0.0,1.0,0,0.08999999999999997,11,2,0.0224609375,0.02,0.16,0.10999999999999999,12,1,13.0,0.00341796875,0.04,0.18,13.0,0.117919921875,0.02392578125
qwen3-4b,edge_existence,0.75,rwse,100,0.88,0.8018773199709163,0.9300066263473222,0.88,0.0,1.0,0,0.010000000000000009,7,6,1.0,-0.06,0.08,0.030000000000000027,6,3,9.0,0.5078125,-0.03,0.09,13.0,1.0,0.7354525862068966
qwen3-4b,edge_existence,0.75,components,100,0.88,0.8018773199709163,0.9300066263473222,0.88,0.01,1.0,0,0.010000000000000009,6,5,1.0,-0.05,0.07,0.030000000000000027,6,3,9.0,0.5078125,-0.03,0.09,11.0,1.0,0.7354525862068966
qwen3-4b,edge_existence,0.75,all,100,0.85,0.7671626666784216,0.906940968088377,0.85,0.01,1.0,0,-0.020000000000000018,3,5,0.7265625,-0.08,0.03,0.0,3,3,6.0,1.0,-0.05,0.05,8.0,0.984375,1.0
qwen3-4b,edge_existence,0.85,none,100,0.96,0.9016278276739262,0.984336949448152,0.96,0.0,1.0,0,0.0,0,0,,,,0.04999999999999993,5,0,5.0,0.0625,0.01,0.1,,,0.20192307692307693
qwen3-4b,edge_existence,0.85,filler,100,0.91,0.8377362530335634,0.9519280048361151,0.91,0.0,1.0,0,-0.04999999999999993,0,5,0.0625,-0.1,-0.01,0.0,0,0,,,,,5.0,0.1875,
qwen3-4b,edge_existence,0.85,degree,100,0.92,0.8500173312059693,0.9589070305141891,0.92,0.0,1.0,0,-0.039999999999999925,2,6,0.2890625,-0.1,0.01,0.010000000000000009,5,4,9.0,1.0,-0.05,0.07,8.0,0.505859375,1.0
qwen3-4b,edge_existence,0.85,clustering,100,0.95,0.8882480347279118,0.9784566385436864,0.95,0.0,1.0,0,-0.010000000000000009,4,5,1.0,-0.07,0.05,0.039999999999999925,7,3,10.0,0.34375,-0.02,0.1,9.0,1.0,0.6277173913043478
qwen3-4b,edge_existence,0.85,rwse,100,0.9,0.8256326956323347,0.9447714583868639,0.9,0.0,1.0,0,-0.05999999999999994,1,7,0.0703125,-0.12,-0.01,-0.010000000000000009,3,4,7.0,1.0,-0.06,0.04,8.0,0.196875,1.0
qwen3-4b,edge_existence,0.85,components,100,0.93,0.8625032899347025,0.965681175635936,0.93,0.0,1.0,0,-0.029999999999999916,1,4,0.375,-0.08,0.01,0.020000000000000018,4,2,6.0,0.6875,-0.03,0.07,5.0,0.6262770432692307,0.95361328125
qwen3-4b,edge_existence,0.85,all,100,0.9,0.8256326956323347,0.9447714583868639,0.9,0.0,1.0,0,-0.05999999999999994,0,6,0.03125,-0.11,-0.02,-0.010000000000000009,2,3,5.0,1.0,-0.06,0.03,6.0,0.13423295454545456,1.0
qwen3-4b,node_degree,0.1,none,100,1.0,0.9630051925239981,0.9999999999999999,1.0,0.0,1.0,0,0.0,0,0,,,,0.0,0,0,0.0,1.0,0.0,0.0,,,1.0
qwen3-4b,node_degree,0.1,filler,100,1.0,0.9630051925239981,0.9999999999999999,1.0,0.0,1.0,0,0.0,0,0,1.0,0.0,0.0,0.0,0,0,,,,,0.0,1.0,
qwen3-4b,node_degree,0.1,degree,100,0.94,0.8752303146877748,0.9722142547333433,0.94,0.0,1.0,0,-0.06000000000000005,0,6,0.03125,-0.11,-0.02,-0.06000000000000005,0,6,6.0,0.03125,-0.11,-0.02,6.0,0.11931818181818182,0.13125
qwen3-4b,node_degree,0.1,clustering,100,1.0,0.9630051925239981,0.9999999999999999,1.0,0.0,1.0,0,0.0,0,0,1.0,0.0,0.0,0.0,0,0,0.0,1.0,0.0,0.0,0.0,1.0,1.0
qwen3-4b,node_degree,0.1,rwse,100,1.0,0.9630051925239981,0.9999999999999999,1.0,0.0,1.0,0,0.0,0,0,1.0,0.0,0.0,0.0,0,0,0.0,1.0,0.0,0.0,0.0,1.0,1.0
qwen3-4b,node_degree,0.1,components,100,1.0,0.9630051925239981,0.9999999999999999,1.0,0.0,1.0,0,0.0,0,0,1.0,0.0,0.0,0.0,0,0,0.0,1.0,0.0,0.0,0.0,1.0,1.0
qwen3-4b,node_degree,0.1,all,100,0.93,0.8625032899347025,0.965681175635936,0.93,0.0,1.0,0,-0.06999999999999995,0,7,0.015625,-0.12,-0.02,-0.06999999999999995,0,7,7.0,0.015625,-0.12,-0.02,7.0,0.065625,0.07291666666666667
qwen3-4b,node_degree,0.2,none,100,0.99,0.9455124752390653,0.9982326134344526,0.99,0.0,1.0,0,0.0,0,0,,,,0.0,1,1,2.0,1.0,-0.03,0.03,,,1.0
qwen3-4b,node_degree,0.2,filler,100,0.99,0.9455124752390653,0.9982326134344526,0.99,0.0,1.0,0,0.0,1,1,1.0,-0.03,0.03,0.0,0,0,,,,,2.0,1.0,
qwen3-4b,node_degree,0.2,degree,100,0.98,0.9299868370580063,0.9944981477650318,0.98,0.0,1.0,0,-0.010000000000000009,1,2,1.0,-0.04,0.02,-0.010000000000000009,1,2,3.0,1.0,-0.04,0.02,3.0,1.0,1.0
qwen3-4b,node_degree,0.2,clustering,100,1.0,0.9630051925239981,0.9999999999999999,1.0,0.0,1.0,0,0.010000000000000009,1,0,1.0,0.0,0.03,0.010000000000000009,1,0,1.0,1.0,0.0,0.03,1.0,1.0,1.0
qwen3-4b,node_degree,0.2,rwse,100,0.97,0.915479219195973,0.9897456617765851,0.97,0.0,1.0,0,-0.020000000000000018,1,3,0.625,-0.06,0.02,-0.020000000000000018,1,3,4.0,0.625,-0.06,0.02,4.0,0.9722222222222222,0.9722222222222222
qwen3-4b,node_degree,0.2,components,100,0.99,0.9455124752390653,0.9982326134344526,0.99,0.0,1.0,0,0.0,0,0,1.0,0.0,0.0,0.0,1,1,2.0,1.0,-0.03,0.03,0.0,1.0,1.0
qwen3-4b,node_degree,0.2,all,100,0.96,0.9016278276739262,0.984336949448152,0.96,0.0,1.0,0,-0.030000000000000027,1,4,0.375,-0.07,0.01,-0.030000000000000027,1,4,5.0,0.375,-0.08,0.01,5.0,0.6847826086956522,0.7159090909090909
qwen3-4b,node_degree,0.35,none,100,0.99,0.9455124752390653,0.9982326134344526,0.99,0.0,1.0,0,0.0,0,0,,,,0.0,1,1,2.0,1.0,-0.03,0.03,,,1.0
qwen3-4b,node_degree,0.35,filler,100,0.99,0.9455124752390653,0.9982326134344526,0.99,0.0,1.0,0,0.0,1,1,1.0,-0.03,0.03,0.0,0,0,,,,,2.0,1.0,
qwen3-4b,node_degree,0.35,degree,100,0.92,0.8500173312059693,0.9589070305141891,0.92,0.0,1.0,0,-0.06999999999999995,1,8,0.0390625,-0.13,-0.01,-0.06999999999999995,1,8,9.0,0.0390625,-0.13,-0.02,9.0,0.12620192307692307,0.13671875
qwen3-4b,node_degree,0.35,clustering,100,0.99,0.9455124752390653,0.9982326134344526,0.99,0.0,1.0,0,0.0,1,1,1.0,-0.03,0.03,0.0,1,1,2.0,1.0,-0.03,0.03,2.0,1.0,1.0
qwen3-4b,node_degree,0.35,rwse,100,0.96,0.9016278276739262,0.984336949448152,0.96,0.0,1.0,0,-0.030000000000000027,0,3,0.25,-0.06,0.0,-0.030000000000000027,1,4,5.0,0.375,-0.08,0.01,3.0,0.5833333333333334,0.7159090909090909
qwen3-4b,node_degree,0.35,components,100,0.99,0.9455124752390653,0.9982326134344526,0.99,0.0,1.0,0,0.0,0,0,1.0,0.0,0.0,0.0,1,1,2.0,1.0,-0.03,0.03,0.0,1.0,1.0
qwen3-4b,node_degree,0.35,all,100,0.92,0.8500173312059693,0.9589070305141891,0.92,0.0,1.0,0,-0.06999999999999995,0,7,0.015625,-0.12,-0.03,-0.06999999999999995,1,8,9.0,0.0390625,-0.13,-0.02,7.0,0.065625,0.13671875
qwen3-4b,node_degree,0.5,none,100,0.99,0.9455124752390653,0.9982326134344526,0.99,0.0,1.0,0,0.0,0,0,,,,0.020000000000000018,3,1,4.0,0.625,-0.02,0.06,,,0.9722222222222222
qwen3-4b,node_degree,0.5,filler,100,0.97,0.915479219195973,0.9897456617765851,0.97,0.0,1.0,0,-0.020000000000000018,1,3,0.625,-0.06,0.02,0.0,0,0,,,,,4.0,0.9722222222222222,
qwen3-4b,node_degree,0.5,degree,100,0.87,0.7901947810519012,0.9224290614158575,0.87,0.0,1.0,0,-0.12,1,13,0.0018310546875,-0.19,-0.05,-0.09999999999999998,2,12,14.0,0.012939453125,-0.17,-0.03,14.0,0.015380859375,0.06793212890625
qwen3-4b,node_degree,0.5,clustering,100,0.96,0.9016278276739262,0.984336949448152,0.96,0.0,1.0,0,-0.030000000000000027,1,4,0.375,-0.08,0.01,-0.010000000000000009,1,2,3.0,1.0,-0.05,0.02,5.0,0.6847826086956522,1.0
qwen3-4b,node_degree,0.5,rwse,100,0.95,0.8882480347279118,0.9784566385436864,0.95,0.0,1.0,0,-0.040000000000000036,1,5,0.21875,-0.09,0.0,-0.020000000000000018,3,5,8.0,0.7265625,-0.08,0.03,6.0,0.5404411764705882,1.0
qwen3-4b,node_degree,0.5,components,100,1.0,0.9630051925239981,0.9999999999999999,1.0,0.0,1.0,0,0.010000000000000009,1,0,1.0,0.0,0.03,0.030000000000000027,3,0,3.0,0.25,0.0,0.07,1.0,1.0,0.6176470588235294
qwen3-4b,node_degree,0.5,all,100,0.84,0.7557955544110557,0.8990479765052628,0.84,0.0,1.0,0,-0.15000000000000002,1,16,0.000274658203125,-0.23,-0.08,-0.13,0,13,13.0,0.000244140625,-0.2,-0.07,17.0,0.005767822265625,0.005126953125
qwen3-4b,node_degree,0.65,none,100,0.82,0.7333246397578691,0.8829986834574896,0.82,0.0,1.0,0,0.0,0,0,,,,-0.040000000000000036,3,7,10.0,0.34375,-0.1,0.02,,,0.7159090909090909
qwen3-4b,node_degree,0.65,filler,100,0.86,0.7786263961619276,0.914737342455351,0.86,0.0,1.0,0,0.040000000000000036,7,3,0.34375,-0.02,0.11,0.0,0,0,,,,,10.0,0.6847826086956522,
qwen3-4b,node_degree,0.65,degree,100,0.76,0.6676748127670786,0.8330878873454004,0.76,0.0,1.0,0,-0.05999999999999994,14,20,0.39152830513194203,-0.17,0.05,-0.09999999999999998,9,19,28.0,0.08715855330228806,-0.2,0.0,34.0,0.6851745339808986,0.26147565990686417
qwen3-4b,node_degree,0.65,clustering,100,0.89,0.8136853697209698,0.9374586804477487,0.89,0.0,1.0,0,0.07000000000000006,8,1,0.0390625,0.02,0.13,0.030000000000000027,7,4,11.0,0.548828125,-0.03,0.09024999999999864,9.0,0.12620192307692307,0.96044921875
qwen3-4b,node_degree,0.65,rwse,100,0.82,0.7333246397578691,0.8829986834574896,0.82,0.0,1.0,0,0.0,5,5,1.0,-0.06,0.06,-0.040000000000000036,5,9,14.0,0.4239501953125,-0.11,0.03,10.0,1.0,0.774169921875
qwen3-4b,node_degree,0.65,components,100,0.74,0.6462882736813838,0.8159542187301354,0.74,0.0,1.0,0,-0.07999999999999996,0,8,0.0078125,-0.13,-0.03,-0.12,2,14,16.0,0.004180908203125,-0.2,-0.05,8.0,0.041015625,0.0438995361328125
qwen3-4b,node_degree,0.65,all,100,0.45,0.3561437510640346,0.5475557296835656,0.45,0.0,1.0,0,-0.36999999999999994,5,42,2.4579776436439715e-08,-0.48,-0.25,-0.41,4,45,49.0,8.225455871979648e-10,-0.52,-0.3,47.0,1.032350610330468e-06,3.454691466231452e-08
qwen3-4b,node_degree,0.75,none,100,0.5,0.40382982859014716,0.5961701714098528,0.5,0.0,1.0,0,0.0,0,0,,,,0.010000000000000009,7,6,13.0,1.0,-0.06,0.08,,,1.0
qwen3-4b,node_degree,0.75,filler,100,0.49,0.3942183009238615,0.5865215952256586,0.49,0.0,1.0,0,-0.010000000000000009,6,7,1.0,-0.08,0.06,0.0,0,0,,,,,13.0,1.0,
qwen3-4b,node_degree,0.75,degree,100,0.57,0.4721521169586435,0.6626686099947162,0.57,0.0,1.0,0,0.06999999999999995,26,19,0.3712980344710104,-0.06,0.2,0.07999999999999996,29,21,50.0,0.3222363203575469,-0.06,0.22,45.0,0.6847826086956522,0.7159090909090909
qwen3-4b,node_degree,0.75,clustering,100,0.59,0.4920125056109662,0.6813284290433533,0.59,0.0,1.0,0,0.08999999999999997,15,6,0.0783538818359375,0.01,0.18,0.09999999999999998,18,8,26.0,0.07551869750022888,0.0,0.19,21.0,0.20567893981933594,0.2439834842315087
qwen3-4b,node_degree,0.75,rwse,100,0.63,0.5322034757513312,0.7181778743049083,0.63,0.0,1.0,0,0.13,17,4,0.007197380065917969,0.04,0.21024999999999863,0.14,20,6,26.0,0.009355306625366211,0.05,0.23024999999999865,21.0,0.041015625,0.057359273139809375
qwen3-4b,node_degree,0.75,components,100,0.46,0.36560643853331865,0.5573531460647615,0.46,0.0,1.0,0,-0.03999999999999998,6,10,0.454498291015625,-0.12,0.04,-0.02999999999999997,5,8,13.0,0.5810546875,-0.1,0.04,16.0,0.76355712890625,0.9722222222222222
qwen3-4b,node_degree,0.75,all,100,0.31,0.22779563206132378,0.40626239477955695,0.31,0.0,1.0,0,-0.19,13,32,0.00660882284228137,-0.32,-0.06975000000000137,-0.18,13,31,44.0,0.009559878856634896,-0.3,-0.05,45.0,0.041015625,0.057359273139809375
qwen3-4b,node_degree,0.85,none,100,0.33,0.24562983793895452,0.4269483966028862,0.33,0.0,1.0,0,0.0,0,0,,,,-0.02999999999999997,13,16,29.0,0.711071103811264,-0.14,0.08,,,1.0
qwen3-4b,node_degree,0.85,filler,100,0.36,0.2727107459049014,0.45764780018837914,0.36,0.0,1.0,0,0.02999999999999997,16,13,0.711071103811264,-0.08,0.14,0.0,0,0,,,,,29.0,1.0,
qwen3-4b,node_degree,0.85,degree,100,0.6,0.5020007846184025,0.6906002538863971,0.6,0.0,1.0,0,0.26999999999999996,42,15,0.00046000500864878946,0.14,0.41,0.24,39,15,54.0,0.0014962588853935088,0.1,0.38,57.0,0.0064400701210830524,0.020947624395509123
qwen3-4b,node_degree,0.85,clustering,100,0.51,0.4134784047743415,0.6057816990761385,0.51,0.0,1.0,0,0.18,23,5,0.0009122341871261597,0.08,0.27024999999999866,0.15000000000000002,21,6,27.0,0.005924612283706665,0.05,0.25,28.0,0.009578458964824677,0.04976674318313599
qwen3-4b,node_degree,0.85,rwse,100,0.43,0.3373313900052838,0.5278478830413564,0.43,0.0,1.0,0,0.09999999999999998,18,8,0.07551869750022888,0.0,0.2,0.07,16,9,25.0,0.2295229434967041,-0.03,0.17,26.0,0.20567893981933594,0.6024977266788483
qwen3-4b,node_degree,0.85,components,100,0.42,0.327982249185113,0.5179369200110473,0.42,0.0,1.0,0,0.08999999999999997,15,6,0.0783538818359375,0.01,0.18,0.06,16,10,26.0,0.32693958282470703,-0.04,0.16,21.0,0.20567893981933594,0.7159090909090909
qwen3-4b,node_degree,0.85,all,100,0.25,0.1754509400372426,0.3430464637007583,0.25,0.0,1.0,0,-0.08000000000000002,16,24,0.26818725105476915,-0.2,0.04,-0.10999999999999999,14,25,39.0,0.10812902140605729,-0.23,0.01,40.0,0.5928349760158055,0.3027612599369604
qwen3-4b,connected_nodes,0.1,none,100,0.93,0.8625032899347025,0.965681175635936,0.9850707070707071,0.0,1.0,0,0.0,0,0,,,,0.21000000000000008,24,3,27.0,4.9233436584472656e-05,0.12,0.3,,,0.00029540061950683594
qwen3-4b,connected_nodes,0.1,filler,100,0.72,0.6251178763865427,0.7986044083240164,0.9427376512376513,0.0,1.0,0,-0.21000000000000008,3,24,4.9233436584472656e-05,-0.3,-0.12,0.0,0,0,,,,,27.0,0.0011816024780273438,
qwen3-4b,connected_nodes,0.1,degree,100,0.86,0.7786263961619276,0.914737342455351,0.9547544677544678,0.0,1.0,0,-0.07000000000000006,2,9,0.0654296875,-0.13,-0.01,0.14,20,6,26.0,0.009355306625366211,0.04,0.23,11.0,0.130859375,0.018710613250732422
qwen3-4b,connected_nodes,0.1,clustering,100,0.85,0.7671626666784216,0.906940968088377,0.9585263625263626,0.0,1.0,0,-0.08000000000000007,1,9,0.021484375,-0.14,-0.02,0.13,17,4,21.0,0.007197380065917969,0.04,0.21,10.0,0.064453125,0.01570337468927557
qwen3-4b,connected_nodes,0.1,rwse,100,0.83,0.7445181876635703,0.8910652394022684,0.9587586857586858,0.0,1.0,0,-0.10000000000000009,4,14,0.0308837890625,-0.18,-0.02,0.10999999999999999,14,3,17.0,0.012725830078125,0.03,0.19,18.0,0.08235677083333333,0.021815708705357144
qwen3-4b,connected_nodes,0.1,components,100,1.0,0.9630051925239981,0.9999999999999999,1.0,0.0,1.0,0,0.06999999999999995,7,0,0.015625,0.02,0.12,0.28,28,0,28.0,7.450580596923828e-09,0.19,0.37,7.0,0.0625,1.7881393432617188e-07
qwen3-4b,connected_nodes,0.1,all,100,0.82,0.7333246397578691,0.8829986834574896,0.9459491619491618,0.0,1.0,0,-0.1100000000000001,3,14,0.012725830078125,-0.19,-0.03,0.09999999999999998,19,9,28.0,0.08715855330228806,0.0,0.2,17.0,0.062109375,0.11009501469762702
qwen3-4b,connected_nodes,0.2,none,100,0.88,0.8018773199709163,0.9300066263473222,0.9855737148987924,0.0,1.0,0,0.0,0,0,,,,0.14,19,5,24.0,0.006610751152038574,0.05,0.23,,,0.01570337468927557
qwen3-4b,connected_nodes,0.2,filler,100,0.74,0.6462882736813838,0.8159542187301354,0.9608578081616141,0.0,1.0,0,-0.14,5,19,0.006610751152038574,-0.23,-0.05,0.0,0,0,,,,,24.0,0.052886009216308594,
qwen3-4b,connected_nodes,0.2,degree,100,0.9,0.8256326956323347,0.9447714583868639,0.9815253090562689,0.0,1.0,0,0.020000000000000018,9,7,0.803619384765625,-0.06,0.1,0.16000000000000003,20,4,24.0,0.001543879508972168,0.07,0.25,16.0,0.867977639903193,0.004631638526916504
qwen3-4b,connected_nodes,0.2,clustering,100,0.97,0.915479219195973,0.9897456617765851,0.9975935828877005,0.0,1.0,0,0.08999999999999997,12,3,0.03515625,0.02,0.17,0.22999999999999998,25,2,27.0,5.647540092468262e-06,0.14,0.32,15.0,0.084375,4.5180320739746094e-05
qwen3-4b,connected_nodes,0.2,rwse,100,0.83,0.7445181876635703,0.8910652394022684,0.9618302296258952,0.0,1.0,0,-0.050000000000000044,7,12,0.359283447265625,-0.13,0.03,0.08999999999999997,14,5,19.0,0.063568115234375,0.0,0.18,19.0,0.5072236902573529,0.08974322150735294
qwen3-4b,connected_nodes,0.2,components,100,0.99,0.9455124752390653,0.9982326134344526,0.9988888888888888,0.0,1.0,0,0.10999999999999999,12,1,0.00341796875,0.05,0.18,0.25,26,1,27.0,4.172325134277344e-07,0.16,0.34,13.0,0.041015625,5.0067901611328125e-06
qwen3-4b,connected_nodes,0.2,all,100,0.88,0.8018773199709163,0.9300066263473222,0.9772503400639085,0.0,1.0,0,0.0,9,9,1.0,-0.08,0.08,0.14,18,4,22.0,0.004343509674072266,0.05,0.23,18.0,1.0,0.011582692464192709
qwen3-4b,connected_nodes,0.35,none,100,0.84,0.7557955544110557,0.8990479765052628,0.9848883101989588,0.0,1.0,0,0.0,0,0,,,,0.05999999999999994,13,7,20.0,0.26317596435546875,-0.03,0.15,,,0.3007725306919643
qwen3-4b,connected_nodes,0.35,filler,100,0.78,0.6892946528499969,0.849988254963442,0.9793700426637665,0.0,1.0,0,-0.05999999999999994,7,13,0.26317596435546875,-0.14,0.02,0.0,0,0,,,,,20.0,0.45115879603794645,
qwen3-4b,connected_nodes,0.35,degree,100,0.8,0.7111690380734977,0.8666340774409013,0.9826796693881092,0.0,1.0,0,-0.039999999999999925,7,11,0.480682373046875,-0.12,0.05,0.020000000000000018,14,12,26.0,0.8450189828872681,-0.07,0.12,18.0,0.6409098307291666,0.8450189828872681
qwen3-4b,connected_nodes,0.35,clustering,100,0.89,0.8136853697209698,0.9374586804477487,0.9926143766335717,0.0,1.0,0,0.050000000000000044,10,5,0.3017578125,-0.02,0.13,0.10999999999999999,16,5,21.0,0.02660369873046875,0.02,0.2,15.0,0.45263671875,0.04256591796875
qwen3-4b,connected_nodes,0.35,rwse,100,0.89,0.8136853697209698,0.9374586804477487,0.9939931635695787,0.0,1.0,0,0.050000000000000044,10,5,0.3017578125,-0.02,0.13,0.10999999999999999,14,3,17.0,0.012725830078125,0.04,0.19,15.0,0.45263671875,0.021815708705357144
qwen3-4b,connected_nodes,0.35,components,100,0.94,0.8752303146877748,0.9722142547333433,0.996369807694885,0.0,1.0,0,0.09999999999999998,12,2,0.012939453125,0.03,0.18,0.15999999999999992,18,2,20.0,0.0004024505615234375,0.08,0.25,14.0,0.062109375,0.00160980224609375
qwen3-4b,connected_nodes,0.35,all,100,0.87,0.7901947810519012,0.9224290614158575,0.991453636070635,0.0,1.0,0,0.030000000000000027,10,7,0.629058837890625,-0.05,0.11,0.08999999999999997,13,4,17.0,0.049041748046875,0.01,0.17,17.0,0.7946006373355263,0.0735626220703125
qwen3-4b,connected_nodes,0.5,none,100,0.79,0.7001985069803768,0.8583445046835422,0.9928996441635083,0.0,1.0,0,0.0,0,0,,,,0.09000000000000008,15,6,21.0,0.0783538818359375,0.01,0.18,,,0.10447184244791667
qwen3-4b,connected_nodes,0.5,filler,100,0.7,0.6041496156718804,0.7810524613377188,0.9808405487316821,0.0,1.0,0,-0.09000000000000008,6,15,0.0783538818359375,-0.18,-0.01,0.0,0,0,,,,,21.0,0.1446533203125,
qwen3-4b,connected_nodes,0.5,degree,100,0.76,0.6676748127670786,0.8330878873454004,0.9884120189794006,0.0,1.0,0,-0.030000000000000027,12,15,0.7011080384254456,-0.13,0.08,0.06000000000000005,17,11,28.0,0.34492845088243484,-0.05,0.16,27.0,0.8012663296290806,0.3599253400512364
qwen3-4b,connected_nodes,0.5,clustering,100,0.77,0.6784543514317231,0.841568452531236,0.989197131421477,0.0,1.0,0,-0.020000000000000018,10,12,0.8318119049072266,-0.11,0.07,0.07000000000000006,17,10,27.0,0.24778856337070465,-0.030249999999999985,0.17,22.0,0.867977639903193,0.2973462760448456
qwen3-4b,connected_nodes,0.5,rwse,100,0.89,0.8136853697209698,0.9374586804477487,0.9957649334431412,0.0,1.0,0,0.09999999999999998,13,3,0.021270751953125,0.02,0.18,0.19000000000000006,23,4,27.0,0.000310748815536499,0.1,0.29,16.0,0.064453125,0.0014915943145751953
qwen3-4b,connected_nodes,0.5,components,100,0.88,0.8018773199709163,0.9300066263473222,0.9951213401663681,0.0,1.0,0,0.08999999999999997,13,4,0.049041748046875,0.01,0.17,0.18000000000000005,24,6,30.0,0.001430906355381012,0.08,0.28,17.0,0.10700017755681818,0.004631638526916504
qwen3-4b,connected_nodes,0.5,all,100,0.76,0.6676748127670786,0.8330878873454004,0.9825983900221503,0.0,1.0,0,-0.030000000000000027,10,13,0.6776394844055176,-0.12024999999999998,0.06,0.06000000000000005,17,11,28.0,0.34492845088243484,-0.04024999999999999,0.16,23.0,0.8012663296290806,0.3599253400512364
qwen3-4b,edge_count,0.1,none,100,0.05,0.02154336145631356,0.11175196527208817,0.05,0.0,1.0,0,0.0,0,0,,,,-0.05,2,7,9.0,0.1796875,-0.11,0.00024999999999863575,,,0.39204545454545453
qwen3-4b,edge_count,0.1,filler,100,0.1,0.05522854161313613,0.1743673043676654,0.1,0.0,1.0,0,0.05,7,2,0.1796875,-0.01,0.11,0.0,0,0,,,,,9.0,0.4791666666666667,
qwen3-4b,edge_count,0.1,degree,100,0.27,0.1926946091766482,0.3643230022623127,0.27,0.03,1.0,0,0.22000000000000003,24,2,1.049041748046875e-05,0.13,0.31,0.17,25,8,33.0,0.004551384132355452,0.06,0.28,26.0,6.29425048828125e-05,0.015604745596647263
qwen3-4b,edge_count,0.1,clustering,100,0.0,0.0,0.03699480747600191,0.0,0.01,1.0,0,-0.05,0,5,0.0625,-0.1,-0.01,-0.1,0,10,10.0,0.001953125,-0.16,-0.05,5.0,0.1875,0.009375
qwen3-4b,edge_count,0.1,rwse,100,0.01,0.0017673865655472645,0.0544875247609346,0.01,0.02,1.0,0,-0.04,1,5,0.21875,-0.09,0.0,-0.09000000000000001,1,10,11.0,0.01171875,-0.16,-0.03,6.0,0.525,0.03515625
qwen3-4b,edge_count,0.1,components,100,0.0,0.0,0.03699480747600191,0.0,0.0,1.0,0,-0.05,0,5,0.0625,-0.1,-0.01,-0.1,0,10,10.0,0.001953125,-0.16,-0.05,5.0,0.1875,0.009375
qwen3-4b,edge_count,0.1,all,100,0.03,0.010254338223414816,0.08452078080402699,0.03,0.0,1.0,0,-0.020000000000000004,2,4,0.6875,-0.07,0.03,-0.07,1,8,9.0,0.0390625,-0.13,-0.01,6.0,1.0,0.09375
qwen3-4b,edge_count,0.2,none,100,0.02,0.005501852234968185,0.07001316294199365,0.02,0.0,1.0,0,0.0,0,0,,,,0.0,2,2,4.0,1.0,-0.04,0.04,,,1.0
qwen3-4b,edge_count,0.2,filler,100,0.02,0.005501852234968185,0.07001316294199365,0.02,0.0,1.0,0,0.0,2,2,1.0,-0.04,0.04,0.0,0,0,,,,,4.0,1.0,
qwen3-4b,edge_count,0.2,degree,100,0.32,0.2366901081545688,0.4166280225367919,0.32,0.01,1.0,0,0.3,32,2,6.938353180885315e-08,0.20975000000000002,0.4,0.3,31,1,32.0,1.5366822481155396e-08,0.21,0.39024999999999865,34.0,8.326023817062378e-07,1.8440186977386475e-07
qwen3-4b,edge_count,0.2,clustering,100,0.01,0.0017673865655472645,0.0544875247609346,0.01,0.0,1.0,0,-0.01,1,2,1.0,-0.04,0.02,-0.01,1,2,3.0,1.0,-0.04,0.02,3.0,1.0,1.0
qwen3-4b,edge_count,0.2,rwse,100,0.01,0.0017673865655472645,0.0544875247609346,0.01,0.0,1.0,0,-0.01,0,1,1.0,-0.03,0.0,-0.01,1,2,3.0,1.0,-0.04,0.02,1.0,1.0,1.0
qwen3-4b,edge_count,0.2,components,100,0.01,0.0017673865655472645,0.0544875247609346,0.01,0.0,1.0,0,-0.01,0,1,1.0,-0.03,0.0,-0.01,1,2,3.0,1.0,-0.04,0.02,1.0,1.0,1.0
qwen3-4b,edge_count,0.2,all,100,0.03,0.010254338223414816,0.08452078080402699,0.03,0.0,1.0,0,0.009999999999999998,2,1,1.0,-0.02,0.05,0.009999999999999998,3,2,5.0,1.0,-0.03,0.05,3.0,1.0,1.0
qwen3-4b,edge_count,0.35,none,100,0.01,0.0017673865655472645,0.0544875247609346,0.01,0.0,1.0,0,0.0,0,0,,,,0.0,1,1,2.0,1.0,-0.03,0.03,,,1.0
qwen3-4b,edge_count,0.35,filler,100,0.01,0.0017673865655472645,0.0544875247609346,0.01,0.0,1.0,0,0.0,1,1,1.0,-0.03,0.03,0.0,0,0,,,,,2.0,1.0,
qwen3-4b,edge_count,0.35,degree,100,0.25,0.1754509400372426,0.3430464637007583,0.25,0.01,1.0,0,0.24,25,1,8.046627044677734e-07,0.15,0.33,0.24,25,1,26.0,8.046627044677734e-07,0.15,0.33,26.0,6.4373016357421875e-06,6.4373016357421875e-06
qwen3-4b,edge_count,0.35,clustering,100,0.02,0.005501852234968185,0.07001316294199365,0.02,0.0,1.0,0,0.01,2,1,1.0,-0.02,0.04,0.01,2,1,3.0,1.0,-0.02,0.05,3.0,1.0,1.0
qwen3-4b,edge_count,0.35,rwse,100,0.0,0.0,0.03699480747600191,0.0,0.0,1.0,0,-0.01,0,1,1.0,-0.03,0.0,-0.01,0,1,1.0,1.0,-0.03,0.0,1.0,1.0,1.0
qwen3-4b,edge_count,0.35,components,100,0.02,0.005501852234968185,0.07001316294199365,0.02,0.01,1.0,0,0.01,2,1,1.0,-0.02,0.04,0.01,2,1,3.0,1.0,-0.02,0.05,3.0,1.0,1.0
qwen3-4b,edge_count,0.35,all,100,0.08,0.04109296948581091,0.14998266879403072,0.08,0.01,1.0,0,0.07,8,1,0.0390625,0.02,0.13,0.07,8,1,9.0,0.0390625,0.02,0.13,9.0,0.15625,0.09375
qwen3-4b,edge_count,0.5,none,100,0.0,0.0,0.03699480747600191,0.0,0.0,1.0,0,0.0,0,0,,,,0.0,0,0,0.0,1.0,0.0,0.0,,,1.0
qwen3-4b,edge_count,0.5,filler,100,0.0,0.0,0.03699480747600191,0.0,0.0,1.0,0,0.0,0,0,1.0,0.0,0.0,0.0,0,0,,,,,0.0,1.0,
qwen3-4b,edge_count,0.5,degree,100,0.33,0.24562983793895452,0.4269483966028862,0.33,0.02,1.0,0,0.33,33,0,2.3283064365386963e-10,0.24,0.42,0.33,33,0,33.0,2.3283064365386963e-10,0.24,0.42,33.0,5.587935447692871e-09,5.587935447692871e-09
qwen3-4b,edge_count,0.5,clustering,100,0.0,0.0,0.03699480747600191,0.0,0.0,1.0,0,0.0,0,0,1.0,0.0,0.0,0.0,0,0,0.0,1.0,0.0,0.0,0.0,1.0,1.0
qwen3-4b,edge_count,0.5,rwse,100,0.0,0.0,0.03699480747600191,0.0,0.0,1.0,0,0.0,0,0,1.0,0.0,0.0,0.0,0,0,0.0,1.0,0.0,0.0,0.0,1.0,1.0
qwen3-4b,edge_count,0.5,components,100,0.0,0.0,0.03699480747600191,0.0,0.02,1.0,0,0.0,0,0,1.0,0.0,0.0,0.0,0,0,0.0,1.0,0.0,0.0,0.0,1.0,1.0
qwen3-4b,edge_count,0.5,all,100,0.09,0.04807199516388488,0.16226374696643667,0.09,0.02,1.0,0,0.09,9,0,0.00390625,0.04,0.15,0.09,9,0,9.0,0.00390625,0.04,0.15,9.0,0.01875,0.015604745596647263
qwen3-4b-think,node_count,0.1,none,100,0.98,0.9299868370580063,0.9944981477650318,0.98,0.0,1.0,1,0.0,0,0,,,,-0.020000000000000018,0,2,2.0,0.5,-0.05,0.0,,,1.0
qwen3-4b-think,node_count,0.1,filler,100,1.0,0.9630051925239981,0.9999999999999999,1.0,0.0,1.0,1,0.020000000000000018,2,0,0.5,0.0,0.05,0.0,0,0,,,,,2.0,1.0,
qwen3-4b-think,node_count,0.1,degree,100,1.0,0.9630051925239981,0.9999999999999999,1.0,0.0,1.0,1,0.020000000000000018,2,0,0.5,0.0,0.05,0.0,0,0,0.0,1.0,0.0,0.0,2.0,1.0,1.0
qwen3-4b-think,node_count,0.1,clustering,100,1.0,0.9630051925239981,0.9999999999999999,1.0,0.01,1.0,1,0.020000000000000018,2,0,0.5,0.0,0.05,0.0,0,0,0.0,1.0,0.0,0.0,2.0,1.0,1.0
qwen3-4b-think,node_count,0.1,rwse,100,0.99,0.9455124752390653,0.9982326134344526,0.99,0.01,1.0,1,0.010000000000000009,2,1,1.0,-0.02,0.05,-0.010000000000000009,0,1,1.0,1.0,-0.03,0.0,3.0,1.0,1.0
qwen3-4b-think,node_count,0.1,components,100,0.99,0.9455124752390653,0.9982326134344526,0.99,0.0,1.0,1,0.010000000000000009,2,1,1.0,-0.02,0.05,-0.010000000000000009,0,1,1.0,1.0,-0.03,0.0,3.0,1.0,1.0
qwen3-4b-think,node_count,0.1,all,100,1.0,0.9630051925239981,0.9999999999999999,1.0,0.0,1.0,1,0.020000000000000018,2,0,0.5,0.0,0.05,0.0,0,0,0.0,1.0,0.0,0.0,2.0,1.0,1.0
qwen3-4b-think,node_count,0.2,none,100,1.0,0.9630051925239981,0.9999999999999999,1.0,0.0,1.0,1,0.0,0,0,,,,0.0,0,0,0.0,1.0,0.0,0.0,,,1.0
qwen3-4b-think,node_count,0.2,filler,100,1.0,0.9630051925239981,0.9999999999999999,1.0,0.0,1.0,1,0.0,0,0,1.0,0.0,0.0,0.0,0,0,,,,,0.0,1.0,
qwen3-4b-think,node_count,0.2,degree,100,1.0,0.9630051925239981,0.9999999999999999,1.0,0.0,1.0,1,0.0,0,0,1.0,0.0,0.0,0.0,0,0,0.0,1.0,0.0,0.0,0.0,1.0,1.0
qwen3-4b-think,node_count,0.2,clustering,100,1.0,0.9630051925239981,0.9999999999999999,1.0,0.0,1.0,1,0.0,0,0,1.0,0.0,0.0,0.0,0,0,0.0,1.0,0.0,0.0,0.0,1.0,1.0
qwen3-4b-think,node_count,0.2,rwse,100,1.0,0.9630051925239981,0.9999999999999999,1.0,0.0,1.0,1,0.0,0,0,1.0,0.0,0.0,0.0,0,0,0.0,1.0,0.0,0.0,0.0,1.0,1.0
qwen3-4b-think,node_count,0.2,components,100,1.0,0.9630051925239981,0.9999999999999999,1.0,0.0,1.0,1,0.0,0,0,1.0,0.0,0.0,0.0,0,0,0.0,1.0,0.0,0.0,0.0,1.0,1.0
qwen3-4b-think,node_count,0.2,all,100,1.0,0.9630051925239981,0.9999999999999999,1.0,0.0,1.0,1,0.0,0,0,1.0,0.0,0.0,0.0,0,0,0.0,1.0,0.0,0.0,0.0,1.0,1.0
qwen3-4b-think,node_count,0.35,none,100,1.0,0.9630051925239981,0.9999999999999999,1.0,0.0,1.0,1,0.0,0,0,,,,0.0,0,0,0.0,1.0,0.0,0.0,,,1.0
qwen3-4b-think,node_count,0.35,filler,100,1.0,0.9630051925239981,0.9999999999999999,1.0,0.0,1.0,1,0.0,0,0,1.0,0.0,0.0,0.0,0,0,,,,,0.0,1.0,
qwen3-4b-think,node_count,0.35,degree,100,1.0,0.9630051925239981,0.9999999999999999,1.0,0.0,1.0,1,0.0,0,0,1.0,0.0,0.0,0.0,0,0,0.0,1.0,0.0,0.0,0.0,1.0,1.0
qwen3-4b-think,node_count,0.35,clustering,100,1.0,0.9630051925239981,0.9999999999999999,1.0,0.0,1.0,1,0.0,0,0,1.0,0.0,0.0,0.0,0,0,0.0,1.0,0.0,0.0,0.0,1.0,1.0
qwen3-4b-think,node_count,0.35,rwse,100,1.0,0.9630051925239981,0.9999999999999999,1.0,0.0,1.0,1,0.0,0,0,1.0,0.0,0.0,0.0,0,0,0.0,1.0,0.0,0.0,0.0,1.0,1.0
qwen3-4b-think,node_count,0.35,components,100,1.0,0.9630051925239981,0.9999999999999999,1.0,0.0,1.0,1,0.0,0,0,1.0,0.0,0.0,0.0,0,0,0.0,1.0,0.0,0.0,0.0,1.0,1.0
qwen3-4b-think,node_count,0.35,all,100,1.0,0.9630051925239981,0.9999999999999999,1.0,0.0,1.0,1,0.0,0,0,1.0,0.0,0.0,0.0,0,0,0.0,1.0,0.0,0.0,0.0,1.0,1.0
qwen3-4b-think,node_count,0.5,none,100,1.0,0.9630051925239981,0.9999999999999999,1.0,0.0,1.0,1,0.0,0,0,,,,0.0,0,0,0.0,1.0,0.0,0.0,,,1.0
qwen3-4b-think,node_count,0.5,filler,100,1.0,0.9630051925239981,0.9999999999999999,1.0,0.0,1.0,1,0.0,0,0,1.0,0.0,0.0,0.0,0,0,,,,,0.0,1.0,
qwen3-4b-think,node_count,0.5,degree,100,1.0,0.9630051925239981,0.9999999999999999,1.0,0.01,1.0,1,0.0,0,0,1.0,0.0,0.0,0.0,0,0,0.0,1.0,0.0,0.0,0.0,1.0,1.0
qwen3-4b-think,node_count,0.5,clustering,100,1.0,0.9630051925239981,0.9999999999999999,1.0,0.0,1.0,1,0.0,0,0,1.0,0.0,0.0,0.0,0,0,0.0,1.0,0.0,0.0,0.0,1.0,1.0
qwen3-4b-think,node_count,0.5,rwse,100,1.0,0.9630051925239981,0.9999999999999999,1.0,0.0,1.0,1,0.0,0,0,1.0,0.0,0.0,0.0,0,0,0.0,1.0,0.0,0.0,0.0,1.0,1.0
qwen3-4b-think,node_count,0.5,components,100,0.99,0.9455124752390653,0.9982326134344526,0.99,0.0,1.0,1,-0.010000000000000009,0,1,1.0,-0.03,0.0,-0.010000000000000009,0,1,1.0,1.0,-0.03,0.0,1.0,1.0,1.0
qwen3-4b-think,node_count,0.5,all,100,1.0,0.9630051925239981,0.9999999999999999,1.0,0.0,1.0,1,0.0,0,0,1.0,0.0,0.0,0.0,0,0,0.0,1.0,0.0,0.0,0.0,1.0,1.0
qwen3-4b-think,cycle_check,0.1,none,100,0.98,0.9299868370580063,0.9944981477650318,0.98,0.02,0.99,1,0.0,0,0,,,,-0.020000000000000018,0,2,2.0,0.5,-0.05,0.0,,,1.0
qwen3-4b-think,cycle_check,0.1,filler,100,1.0,0.9630051925239981,0.9999999999999999,1.0,0.01,1.0,1,0.020000000000000018,2,0,0.5,0.0,0.05,0.0,0,0,,,,,2.0,1.0,
qwen3-4b-think,cycle_check,0.1,degree,100,0.95,0.8882480347279118,0.9784566385436864,0.95,0.04,1.0,1,-0.030000000000000027,2,5,0.453125,-0.08,0.02,-0.050000000000000044,0,5,5.0,0.0625,-0.09,-0.01,7.0,1.0,1.0
qwen3-4b-think,cycle_check,0.1,clustering,100,1.0,0.9630051925239981,0.9999999999999999,1.0,0.02,1.0,1,0.020000000000000018,2,0,0.5,0.0,0.05,0.0,0,0,0.0,1.0,0.0,0.0,2.0,1.0,1.0
qwen3-4b-think,cycle_check,0.1,rwse,100,1.0,0.9630051925239981,0.9999999999999999,1.0,0.02,1.0,1,0.020000000000000018,2,0,0.5,0.0,0.05,0.0,0,0,0.0,1.0,0.0,0.0,2.0,1.0,1.0
qwen3-4b-think,cycle_check,0.1,components,100,0.99,0.9455124752390653,0.9982326134344526,0.99,0.01,1.0,1,0.010000000000000009,2,1,1.0,-0.02,0.04,-0.010000000000000009,0,1,1.0,1.0,-0.03,0.0,3.0,1.0,1.0
qwen3-4b-think,cycle_check,0.1,all,100,1.0,0.9630051925239981,0.9999999999999999,1.0,0.0,1.0,1,0.020000000000000018,2,0,0.5,0.0,0.05,0.0,0,0,0.0,1.0,0.0,0.0,2.0,1.0,1.0
qwen3-4b-think,cycle_check,0.2,none,100,1.0,0.9630051925239981,0.9999999999999999,1.0,0.0,1.0,1,0.0,0,0,,,,0.0,0,0,0.0,1.0,0.0,0.0,,,1.0
qwen3-4b-think,cycle_check,0.2,filler,100,1.0,0.9630051925239981,0.9999999999999999,1.0,0.0,1.0,1,0.0,0,0,1.0,0.0,0.0,0.0,0,0,,,,,0.0,1.0,
qwen3-4b-think,cycle_check,0.2,degree,100,0.97,0.915479219195973,0.9897456617765851,0.97,0.03,1.0,1,-0.030000000000000027,0,3,0.25,-0.07,0.0,-0.030000000000000027,0,3,3.0,0.25,-0.07,0.0,3.0,1.0,1.0
qwen3-4b-think,cycle_check,0.2,clustering,100,1.0,0.9630051925239981,0.9999999999999999,1.0,0.01,1.0,1,0.0,0,0,1.0,0.0,0.0,0.0,0,0,0.0,1.0,0.0,0.0,0.0,1.0,1.0
qwen3-4b-think,cycle_check,0.2,rwse,100,1.0,0.9630051925239981,0.9999999999999999,1.0,0.0,1.0,1,0.0,0,0,1.0,0.0,0.0,0.0,0,0,0.0,1.0,0.0,0.0,0.0,1.0,1.0
qwen3-4b-think,cycle_check,0.2,components,100,1.0,0.9630051925239981,0.9999999999999999,1.0,0.0,1.0,1,0.0,0,0,1.0,0.0,0.0,0.0,0,0,0.0,1.0,0.0,0.0,0.0,1.0,1.0
qwen3-4b-think,cycle_check,0.2,all,100,0.99,0.9455124752390653,0.9982326134344526,0.99,0.01,1.0,1,-0.010000000000000009,0,1,1.0,-0.03,0.0,-0.010000000000000009,0,1,1.0,1.0,-0.03,0.0,1.0,1.0,1.0
qwen3-4b-think,cycle_check,0.35,none,100,0.99,0.9455124752390653,0.9982326134344526,0.99,0.01,1.0,1,0.0,0,0,,,,-0.010000000000000009,0,1,1.0,1.0,-0.03,0.0,,,1.0
qwen3-4b-think,cycle_check,0.35,filler,100,1.0,0.9630051925239981,0.9999999999999999,1.0,0.0,1.0,1,0.010000000000000009,1,0,1.0,0.0,0.03,0.0,0,0,,,,,1.0,1.0,
qwen3-4b-think,cycle_check,0.35,degree,100,0.96,0.9016278276739262,0.984336949448152,0.96,0.07,1.0,1,-0.030000000000000027,1,4,0.375,-0.08,0.01,-0.040000000000000036,0,4,4.0,0.125,-0.08,-0.01,5.0,1.0,1.0
qwen3-4b-think,cycle_check,0.35,clustering,100,1.0,0.9630051925239981,0.9999999999999999,1.0,0.0,1.0,1,0.010000000000000009,1,0,1.0,0.0,0.03,0.0,0,0,0.0,1.0,0.0,0.0,1.0,1.0,1.0
qwen3-4b-think,cycle_check,0.35,rwse,100,1.0,0.9630051925239981,0.9999999999999999,1.0,0.0,1.0,1,0.010000000000000009,1,0,1.0,0.0,0.03,0.0,0,0,0.0,1.0,0.0,0.0,1.0,1.0,1.0
qwen3-4b-think,cycle_check,0.35,components,100,0.98,0.9299868370580063,0.9944981477650318,0.98,0.07,1.0,1,-0.010000000000000009,1,2,1.0,-0.04,0.02,-0.020000000000000018,0,2,2.0,0.5,-0.05,0.0,3.0,1.0,1.0
qwen3-4b-think,cycle_check,0.35,all,100,0.99,0.9455124752390653,0.9982326134344526,0.99,0.02,1.0,1,0.0,1,1,1.0,-0.03,0.03,-0.010000000000000009,0,1,1.0,1.0,-0.03,0.0,2.0,1.0,1.0
qwen3-4b-think,cycle_check,0.5,none,100,1.0,0.9630051925239981,0.9999999999999999,1.0,0.0,1.0,1,0.0,0,0,,,,0.0,0,0,0.0,1.0,0.0,0.0,,,1.0
qwen3-4b-think,cycle_check,0.5,filler,100,1.0,0.9630051925239981,0.9999999999999999,1.0,0.0,1.0,1,0.0,0,0,1.0,0.0,0.0,0.0,0,0,,,,,0.0,1.0,
qwen3-4b-think,cycle_check,0.5,degree,100,0.96,0.9016278276739262,0.984336949448152,0.96,0.08,1.0,1,-0.040000000000000036,0,4,0.125,-0.08,-0.01,-0.040000000000000036,0,4,4.0,0.125,-0.08,-0.01,4.0,1.0,1.0
qwen3-4b-think,cycle_check,0.5,clustering,100,1.0,0.9630051925239981,0.9999999999999999,1.0,0.0,1.0,1,0.0,0,0,1.0,0.0,0.0,0.0,0,0,0.0,1.0,0.0,0.0,0.0,1.0,1.0
qwen3-4b-think,cycle_check,0.5,rwse,100,1.0,0.9630051925239981,0.9999999999999999,1.0,0.0,1.0,1,0.0,0,0,1.0,0.0,0.0,0.0,0,0,0.0,1.0,0.0,0.0,0.0,1.0,1.0
qwen3-4b-think,cycle_check,0.5,components,100,0.98,0.9299868370580063,0.9944981477650318,0.98,0.08,0.99,1,-0.020000000000000018,0,2,0.5,-0.05,0.0,-0.020000000000000018,0,2,2.0,0.5,-0.05,0.0,2.0,1.0,1.0
qwen3-4b-think,cycle_check,0.5,all,100,1.0,0.9630051925239981,0.9999999999999999,1.0,0.02,1.0,1,0.0,0,0,1.0,0.0,0.0,0.0,0,0,0.0,1.0,0.0,0.0,0.0,1.0,1.0
qwen3-4b-think,edge_existence,0.1,none,100,1.0,0.9630051925239981,0.9999999999999999,1.0,0.01,1.0,0,0.0,0,0,,,,0.0,0,0,0.0,1.0,0.0,0.0,,,1.0
qwen3-4b-think,edge_existence,0.1,filler,100,1.0,0.9630051925239981,0.9999999999999999,1.0,0.01,1.0,0,0.0,0,0,1.0,0.0,0.0,0.0,0,0,,,,,0.0,1.0,
qwen3-4b-think,edge_existence,0.1,degree,100,1.0,0.9630051925239981,0.9999999999999999,1.0,0.01,1.0,0,0.0,0,0,1.0,0.0,0.0,0.0,0,0,0.0,1.0,0.0,0.0,0.0,1.0,1.0
qwen3-4b-think,edge_existence,0.1,clustering,100,1.0,0.9630051925239981,0.9999999999999999,1.0,0.03,1.0,0,0.0,0,0,1.0,0.0,0.0,0.0,0,0,0.0,1.0,0.0,0.0,0.0,1.0,1.0
qwen3-4b-think,edge_existence,0.1,rwse,100,1.0,0.9630051925239981,0.9999999999999999,1.0,0.04,1.0,0,0.0,0,0,1.0,0.0,0.0,0.0,0,0,0.0,1.0,0.0,0.0,0.0,1.0,1.0
qwen3-4b-think,edge_existence,0.1,components,100,1.0,0.9630051925239981,0.9999999999999999,1.0,0.01,1.0,0,0.0,0,0,1.0,0.0,0.0,0.0,0,0,0.0,1.0,0.0,0.0,0.0,1.0,1.0
qwen3-4b-think,edge_existence,0.1,all,100,1.0,0.9630051925239981,0.9999999999999999,1.0,0.04,1.0,0,0.0,0,0,1.0,0.0,0.0,0.0,0,0,0.0,1.0,0.0,0.0,0.0,1.0,1.0
qwen3-4b-think,edge_existence,0.2,none,100,1.0,0.9630051925239981,0.9999999999999999,1.0,0.0,1.0,0,0.0,0,0,,,,0.0,0,0,0.0,1.0,0.0,0.0,,,1.0
qwen3-4b-think,edge_existence,0.2,filler,100,1.0,0.9630051925239981,0.9999999999999999,1.0,0.0,1.0,0,0.0,0,0,1.0,0.0,0.0,0.0,0,0,,,,,0.0,1.0,
qwen3-4b-think,edge_existence,0.2,degree,100,1.0,0.9630051925239981,0.9999999999999999,1.0,0.0,1.0,0,0.0,0,0,1.0,0.0,0.0,0.0,0,0,0.0,1.0,0.0,0.0,0.0,1.0,1.0
qwen3-4b-think,edge_existence,0.2,clustering,100,1.0,0.9630051925239981,0.9999999999999999,1.0,0.01,1.0,0,0.0,0,0,1.0,0.0,0.0,0.0,0,0,0.0,1.0,0.0,0.0,0.0,1.0,1.0
qwen3-4b-think,edge_existence,0.2,rwse,100,0.99,0.9455124752390653,0.9982326134344526,0.99,0.02,1.0,0,-0.010000000000000009,0,1,1.0,-0.03,0.0,-0.010000000000000009,0,1,1.0,1.0,-0.03,0.0,1.0,1.0,1.0
qwen3-4b-think,edge_existence,0.2,components,100,1.0,0.9630051925239981,0.9999999999999999,1.0,0.01,1.0,0,0.0,0,0,1.0,0.0,0.0,0.0,0,0,0.0,1.0,0.0,0.0,0.0,1.0,1.0
qwen3-4b-think,edge_existence,0.2,all,100,1.0,0.9630051925239981,0.9999999999999999,1.0,0.01,1.0,0,0.0,0,0,1.0,0.0,0.0,0.0,0,0,0.0,1.0,0.0,0.0,0.0,1.0,1.0
qwen3-4b-think,edge_existence,0.35,none,100,1.0,0.9630051925239981,0.9999999999999999,1.0,0.0,1.0,0,0.0,0,0,,,,0.0,0,0,0.0,1.0,0.0,0.0,,,1.0
qwen3-4b-think,edge_existence,0.35,filler,100,1.0,0.9630051925239981,0.9999999999999999,1.0,0.0,1.0,0,0.0,0,0,1.0,0.0,0.0,0.0,0,0,,,,,0.0,1.0,
qwen3-4b-think,edge_existence,0.35,degree,100,1.0,0.9630051925239981,0.9999999999999999,1.0,0.0,1.0,0,0.0,0,0,1.0,0.0,0.0,0.0,0,0,0.0,1.0,0.0,0.0,0.0,1.0,1.0
qwen3-4b-think,edge_existence,0.35,clustering,100,1.0,0.9630051925239981,0.9999999999999999,1.0,0.0,1.0,0,0.0,0,0,1.0,0.0,0.0,0.0,0,0,0.0,1.0,0.0,0.0,0.0,1.0,1.0
qwen3-4b-think,edge_existence,0.35,rwse,100,1.0,0.9630051925239981,0.9999999999999999,1.0,0.0,1.0,0,0.0,0,0,1.0,0.0,0.0,0.0,0,0,0.0,1.0,0.0,0.0,0.0,1.0,1.0
qwen3-4b-think,edge_existence,0.35,components,100,1.0,0.9630051925239981,0.9999999999999999,1.0,0.0,1.0,0,0.0,0,0,1.0,0.0,0.0,0.0,0,0,0.0,1.0,0.0,0.0,0.0,1.0,1.0
qwen3-4b-think,edge_existence,0.35,all,100,1.0,0.9630051925239981,0.9999999999999999,1.0,0.0,1.0,0,0.0,0,0,1.0,0.0,0.0,0.0,0,0,0.0,1.0,0.0,0.0,0.0,1.0,1.0
qwen3-4b-think,edge_existence,0.5,none,100,1.0,0.9630051925239981,0.9999999999999999,1.0,0.0,1.0,0,0.0,0,0,,,,0.0,0,0,0.0,1.0,0.0,0.0,,,1.0
qwen3-4b-think,edge_existence,0.5,filler,100,1.0,0.9630051925239981,0.9999999999999999,1.0,0.0,1.0,0,0.0,0,0,1.0,0.0,0.0,0.0,0,0,,,,,0.0,1.0,
qwen3-4b-think,edge_existence,0.5,degree,100,1.0,0.9630051925239981,0.9999999999999999,1.0,0.0,1.0,0,0.0,0,0,1.0,0.0,0.0,0.0,0,0,0.0,1.0,0.0,0.0,0.0,1.0,1.0
qwen3-4b-think,edge_existence,0.5,clustering,100,1.0,0.9630051925239981,0.9999999999999999,1.0,0.0,1.0,0,0.0,0,0,1.0,0.0,0.0,0.0,0,0,0.0,1.0,0.0,0.0,0.0,1.0,1.0
qwen3-4b-think,edge_existence,0.5,rwse,100,1.0,0.9630051925239981,0.9999999999999999,1.0,0.0,1.0,0,0.0,0,0,1.0,0.0,0.0,0.0,0,0,0.0,1.0,0.0,0.0,0.0,1.0,1.0
qwen3-4b-think,edge_existence,0.5,components,100,1.0,0.9630051925239981,0.9999999999999999,1.0,0.01,1.0,0,0.0,0,0,1.0,0.0,0.0,0.0,0,0,0.0,1.0,0.0,0.0,0.0,1.0,1.0
qwen3-4b-think,edge_existence,0.5,all,100,1.0,0.9630051925239981,0.9999999999999999,1.0,0.0,1.0,0,0.0,0,0,1.0,0.0,0.0,0.0,0,0,0.0,1.0,0.0,0.0,0.0,1.0,1.0
qwen3-4b-think,edge_existence,0.65,none,100,1.0,0.9630051925239981,0.9999999999999999,1.0,0.0,1.0,0,0.0,0,0,,,,0.0,0,0,0.0,1.0,0.0,0.0,,,1.0
qwen3-4b-think,edge_existence,0.65,filler,100,1.0,0.9630051925239981,0.9999999999999999,1.0,0.0,1.0,0,0.0,0,0,1.0,0.0,0.0,0.0,0,0,,,,,0.0,1.0,
qwen3-4b-think,edge_existence,0.65,degree,100,1.0,0.9630051925239981,0.9999999999999999,1.0,0.0,1.0,0,0.0,0,0,1.0,0.0,0.0,0.0,0,0,0.0,1.0,0.0,0.0,0.0,1.0,1.0
qwen3-4b-think,edge_existence,0.65,clustering,100,1.0,0.9630051925239981,0.9999999999999999,1.0,0.0,1.0,0,0.0,0,0,1.0,0.0,0.0,0.0,0,0,0.0,1.0,0.0,0.0,0.0,1.0,1.0
qwen3-4b-think,edge_existence,0.65,rwse,100,1.0,0.9630051925239981,0.9999999999999999,1.0,0.0,1.0,0,0.0,0,0,1.0,0.0,0.0,0.0,0,0,0.0,1.0,0.0,0.0,0.0,1.0,1.0
qwen3-4b-think,edge_existence,0.65,components,100,1.0,0.9630051925239981,0.9999999999999999,1.0,0.0,1.0,0,0.0,0,0,1.0,0.0,0.0,0.0,0,0,0.0,1.0,0.0,0.0,0.0,1.0,1.0
qwen3-4b-think,edge_existence,0.65,all,100,1.0,0.9630051925239981,0.9999999999999999,1.0,0.0,1.0,0,0.0,0,0,1.0,0.0,0.0,0.0,0,0,0.0,1.0,0.0,0.0,0.0,1.0,1.0
qwen3-4b-think,edge_existence,0.75,none,100,1.0,0.9630051925239981,0.9999999999999999,1.0,0.0,1.0,0,0.0,0,0,,,,0.0,0,0,0.0,1.0,0.0,0.0,,,1.0
qwen3-4b-think,edge_existence,0.75,filler,100,1.0,0.9630051925239981,0.9999999999999999,1.0,0.0,1.0,0,0.0,0,0,1.0,0.0,0.0,0.0,0,0,,,,,0.0,1.0,
qwen3-4b-think,edge_existence,0.75,degree,100,1.0,0.9630051925239981,0.9999999999999999,1.0,0.0,1.0,0,0.0,0,0,1.0,0.0,0.0,0.0,0,0,0.0,1.0,0.0,0.0,0.0,1.0,1.0
qwen3-4b-think,edge_existence,0.75,clustering,100,1.0,0.9630051925239981,0.9999999999999999,1.0,0.0,1.0,0,0.0,0,0,1.0,0.0,0.0,0.0,0,0,0.0,1.0,0.0,0.0,0.0,1.0,1.0
qwen3-4b-think,edge_existence,0.75,rwse,100,1.0,0.9630051925239981,0.9999999999999999,1.0,0.0,1.0,0,0.0,0,0,1.0,0.0,0.0,0.0,0,0,0.0,1.0,0.0,0.0,0.0,1.0,1.0
qwen3-4b-think,edge_existence,0.75,components,100,1.0,0.9630051925239981,0.9999999999999999,1.0,0.0,1.0,0,0.0,0,0,1.0,0.0,0.0,0.0,0,0,0.0,1.0,0.0,0.0,0.0,1.0,1.0
qwen3-4b-think,edge_existence,0.75,all,100,1.0,0.9630051925239981,0.9999999999999999,1.0,0.0,1.0,0,0.0,0,0,1.0,0.0,0.0,0.0,0,0,0.0,1.0,0.0,0.0,0.0,1.0,1.0
qwen3-4b-think,edge_existence,0.85,none,100,0.98,0.9299868370580063,0.9944981477650318,0.98,0.0,1.0,0,0.0,0,0,,,,-0.020000000000000018,0,2,2.0,0.5,-0.05,0.0,,,1.0
qwen3-4b-think,edge_existence,0.85,filler,100,1.0,0.9630051925239981,0.9999999999999999,1.0,0.0,1.0,0,0.020000000000000018,2,0,0.5,0.0,0.05,0.0,0,0,,,,,2.0,1.0,
qwen3-4b-think,edge_existence,0.85,degree,100,1.0,0.9630051925239981,0.9999999999999999,1.0,0.0,1.0,0,0.020000000000000018,2,0,0.5,0.0,0.05,0.0,0,0,0.0,1.0,0.0,0.0,2.0,1.0,1.0
qwen3-4b-think,edge_existence,0.85,clustering,100,1.0,0.9630051925239981,0.9999999999999999,1.0,0.0,1.0,0,0.020000000000000018,2,0,0.5,0.0,0.05,0.0,0,0,0.0,1.0,0.0,0.0,2.0,1.0,1.0
qwen3-4b-think,edge_existence,0.85,rwse,100,0.99,0.9455124752390653,0.9982326134344526,0.99,0.0,1.0,0,0.010000000000000009,2,1,1.0,-0.02,0.04,-0.010000000000000009,0,1,1.0,1.0,-0.03,0.0,3.0,1.0,1.0
qwen3-4b-think,edge_existence,0.85,components,100,1.0,0.9630051925239981,0.9999999999999999,1.0,0.0,1.0,0,0.020000000000000018,2,0,0.5,0.0,0.05,0.0,0,0,0.0,1.0,0.0,0.0,2.0,1.0,1.0
qwen3-4b-think,edge_existence,0.85,all,100,0.99,0.9455124752390653,0.9982326134344526,0.99,0.0,1.0,0,0.010000000000000009,2,1,1.0,-0.02,0.04,-0.010000000000000009,0,1,1.0,1.0,-0.03,0.0,3.0,1.0,1.0
qwen3-4b-think,node_degree,0.1,none,100,0.97,0.915479219195973,0.9897456617765851,0.97,0.03,1.0,0,0.0,0,0,,,,0.0,1,1,2.0,1.0,-0.03,0.03,,,1.0
qwen3-4b-think,node_degree,0.1,filler,100,0.97,0.915479219195973,0.9897456617765851,0.97,0.03,1.0,0,0.0,1,1,1.0,-0.03,0.03,0.0,0,0,,,,,2.0,1.0,
qwen3-4b-think,node_degree,0.1,degree,100,0.99,0.9455124752390653,0.9982326134344526,0.99,0.01,1.0,0,0.020000000000000018,3,1,0.625,-0.02,0.06,0.020000000000000018,3,1,4.0,0.625,-0.02,0.06,4.0,1.0,1.0
qwen3-4b-think,node_degree,0.1,clustering,100,0.97,0.915479219195973,0.9897456617765851,0.97,0.03,1.0,0,0.0,3,3,1.0,-0.05,0.05,0.0,3,3,6.0,1.0,-0.05,0.05,6.0,1.0,1.0
qwen3-4b-think,node_degree,0.1,rwse,100,0.93,0.8625032899347025,0.965681175635936,0.93,0.07,1.0,0,-0.039999999999999925,2,6,0.2890625,-0.1,0.01,-0.039999999999999925,2,6,8.0,0.2890625,-0.1,0.01,8.0,0.9338942307692307,1.0
qwen3-4b-think,node_degree,0.1,components,100,0.94,0.8752303146877748,0.9722142547333433,0.94,0.06,1.0,0,-0.030000000000000027,2,5,0.453125,-0.08,0.02,-0.030000000000000027,2,5,7.0,0.453125,-0.08,0.02,7.0,1.0,1.0
qwen3-4b-think,node_degree,0.1,all,100,0.95,0.8882480347279118,0.9784566385436864,0.95,0.05,1.0,0,-0.020000000000000018,2,4,0.6875,-0.07,0.03,-0.020000000000000018,2,4,6.0,0.6875,-0.07,0.020249999999998637,6.0,1.0,1.0
qwen3-4b-think,node_degree,0.2,none,100,0.95,0.8882480347279118,0.9784566385436864,0.95,0.05,1.0,0,0.0,0,0,,,,-0.050000000000000044,0,5,5.0,0.0625,-0.1,-0.01,,,1.0
qwen3-4b-think,node_degree,0.2,filler,100,1.0,0.9630051925239981,0.9999999999999999,1.0,0.0,1.0,0,0.050000000000000044,5,0,0.0625,0.01,0.1,0.0,0,0,,,,,5.0,0.875,
qwen3-4b-think,node_degree,0.2,degree,100,0.99,0.9455124752390653,0.9982326134344526,0.99,0.0,1.0,0,0.040000000000000036,5,1,0.21875,0.0,0.09,-0.010000000000000009,0,1,1.0,1.0,-0.03,0.0,6.0,0.875,1.0
qwen3-4b-think,node_degree,0.2,clustering,100,0.99,0.9455124752390653,0.9982326134344526,0.99,0.0,1.0,0,0.040000000000000036,5,1,0.21875,0.0,0.09,-0.010000000000000009,0,1,1.0,1.0,-0.030249999999999985,0.0,6.0,0.875,1.0
qwen3-4b-think,node_degree,0.2,rwse,100,0.96,0.9016278276739262,0.984336949448152,0.96,0.02,1.0,0,0.010000000000000009,4,3,1.0,-0.04,0.06,-0.040000000000000036,0,4,4.0,0.125,-0.08,-0.01,7.0,1.0,1.0
qwen3-4b-think,node_degree,0.2,components,100,0.98,0.9299868370580063,0.9944981477650318,0.98,0.01,1.0,0,0.030000000000000027,4,1,0.375,-0.01,0.08,-0.020000000000000018,0,2,2.0,0.5,-0.05,0.0,5.0,1.0,1.0
qwen3-4b-think,node_degree,0.2,all,100,0.98,0.9299868370580063,0.9944981477650318,0.98,0.01,1.0,0,0.030000000000000027,4,1,0.375,-0.01,0.08,-0.020000000000000018,0,2,2.0,0.5,-0.05,0.0,5.0,1.0,1.0
qwen3-4b-think,node_degree,0.35,none,100,0.97,0.915479219195973,0.9897456617765851,0.97,0.03,1.0,0,0.0,0,0,,,,-0.030000000000000027,0,3,3.0,0.25,-0.07,0.0,,,1.0
qwen3-4b-think,node_degree,0.35,filler,100,1.0,0.9630051925239981,0.9999999999999999,1.0,0.0,1.0,0,0.030000000000000027,3,0,0.25,0.0,0.07,0.0,0,0,,,,,3.0,0.875,
qwen3-4b-think,node_degree,0.35,degree,100,1.0,0.9630051925239981,0.9999999999999999,1.0,0.0,1.0,0,0.030000000000000027,3,0,0.25,0.0,0.07,0.0,0,0,0.0,1.0,0.0,0.0,3.0,0.875,1.0
qwen3-4b-think,node_degree,0.35,clustering,100,1.0,0.9630051925239981,0.9999999999999999,1.0,0.0,1.0,0,0.030000000000000027,3,0,0.25,0.0,0.07,0.0,0,0,0.0,1.0,0.0,0.0,3.0,0.875,1.0
qwen3-4b-think,node_degree,0.35,rwse,100,1.0,0.9630051925239981,0.9999999999999999,1.0,0.0,1.0,0,0.030000000000000027,3,0,0.25,0.0,0.07,0.0,0,0,0.0,1.0,0.0,0.0,3.0,0.875,1.0
qwen3-4b-think,node_degree,0.35,components,100,0.98,0.9299868370580063,0.9944981477650318,0.98,0.02,1.0,0,0.010000000000000009,3,2,1.0,-0.03,0.05,-0.020000000000000018,0,2,2.0,0.5,-0.05,0.0,5.0,1.0,1.0
qwen3-4b-think,node_degree,0.35,all,100,0.98,0.9299868370580063,0.9944981477650318,0.98,0.0,1.0,0,0.010000000000000009,3,2,1.0,-0.03,0.05,-0.020000000000000018,0,2,2.0,0.5,-0.05,0.0,5.0,1.0,1.0
qwen3-4b-think,node_degree,0.5,none,100,1.0,0.9630051925239981,0.9999999999999999,1.0,0.0,1.0,0,0.0,0,0,,,,0.010000000000000009,1,0,1.0,1.0,0.0,0.03,,,1.0
qwen3-4b-think,node_degree,0.5,filler,100,0.99,0.9455124752390653,0.9982326134344526,0.99,0.01,1.0,0,-0.010000000000000009,0,1,1.0,-0.03,0.0,0.0,0,0,,,,,1.0,1.0,
qwen3-4b-think,node_degree,0.5,degree,100,1.0,0.9630051925239981,0.9999999999999999,1.0,0.0,1.0,0,0.0,0,0,1.0,0.0,0.0,0.010000000000000009,1,0,1.0,1.0,0.0,0.03,0.0,1.0,1.0
qwen3-4b-think,node_degree,0.5,clustering,100,0.99,0.9455124752390653,0.9982326134344526,0.99,0.0,1.0,0,-0.010000000000000009,0,1,1.0,-0.03,0.0,0.0,0,0,0.0,1.0,0.0,0.0,1.0,1.0,1.0
qwen3-4b-think,node_degree,0.5,rwse,100,0.94,0.8752303146877748,0.9722142547333433,0.94,0.0,1.0,0,-0.06000000000000005,0,6,0.03125,-0.11,-0.02,-0.050000000000000044,1,6,7.0,0.125,-0.1,0.0,6.0,0.875,1.0
qwen3-4b-think,node_degree,0.5,components,100,0.99,0.9455124752390653,0.9982326134344526,0.99,0.0,1.0,0,-0.010000000000000009,0,1,1.0,-0.03,0.0,0.0,1,1,2.0,1.0,-0.03,0.03,1.0,1.0,1.0
qwen3-4b-think,node_degree,0.5,all,100,0.99,0.9455124752390653,0.9982326134344526,0.99,0.01,1.0,0,-0.010000000000000009,0,1,1.0,-0.03,0.0,0.0,1,1,2.0,1.0,-0.03,0.03,1.0,1.0,1.0
qwen3-4b-think,node_degree,0.65,none,100,1.0,0.9630051925239981,0.9999999999999999,1.0,0.0,1.0,0,0.0,0,0,,,,0.0,0,0,0.0,1.0,0.0,0.0,,,1.0
qwen3-4b-think,node_degree,0.65,filler,100,1.0,0.9630051925239981,0.9999999999999999,1.0,0.0,1.0,0,0.0,0,0,1.0,0.0,0.0,0.0,0,0,,,,,0.0,1.0,
qwen3-4b-think,node_degree,0.65,degree,100,0.97,0.915479219195973,0.9897456617765851,0.97,0.01,1.0,0,-0.030000000000000027,0,3,0.25,-0.07,0.0,-0.030000000000000027,0,3,3.0,0.25,-0.07,0.0,3.0,0.875,1.0
qwen3-4b-think,node_degree,0.65,clustering,100,0.98,0.9299868370580063,0.9944981477650318,0.98,0.0,1.0,0,-0.020000000000000018,0,2,0.5,-0.05,0.0,-0.020000000000000018,0,2,2.0,0.5,-0.05,0.0,2.0,1.0,1.0
qwen3-4b-think,node_degree,0.65,rwse,100,0.97,0.915479219195973,0.9897456617765851,0.97,0.02,1.0,0,-0.030000000000000027,0,3,0.25,-0.07,0.0,-0.030000000000000027,0,3,3.0,0.25,-0.07,0.0,3.0,0.875,1.0
qwen3-4b-think,node_degree,0.65,components,100,0.98,0.9299868370580063,0.9944981477650318,0.98,0.01,1.0,0,-0.020000000000000018,0,2,0.5,-0.05,0.0,-0.020000000000000018,0,2,2.0,0.5,-0.05,0.0,2.0,1.0,1.0
qwen3-4b-think,node_degree,0.65,all,100,0.99,0.9455124752390653,0.9982326134344526,0.99,0.01,1.0,0,-0.010000000000000009,0,1,1.0,-0.03,0.0,-0.010000000000000009,0,1,1.0,1.0,-0.03,0.0,1.0,1.0,1.0
qwen3-4b-think,node_degree,0.75,none,100,0.97,0.915479219195973,0.9897456617765851,0.97,0.01,1.0,0,0.0,0,0,,,,0.0,2,2,4.0,1.0,-0.04,0.04,,,1.0
qwen3-4b-think,node_degree,0.75,filler,100,0.97,0.915479219195973,0.9897456617765851,0.97,0.0,1.0,0,0.0,2,2,1.0,-0.04,0.04,0.0,0,0,,,,,4.0,1.0,
qwen3-4b-think,node_degree,0.75,degree,100,0.98,0.9299868370580063,0.9944981477650318,0.98,0.0,1.0,0,0.010000000000000009,3,2,1.0,-0.03,0.06,0.010000000000000009,3,2,5.0,1.0,-0.03,0.050249999999998636,5.0,1.0,1.0
qwen3-4b-think,node_degree,0.75,clustering,100,0.97,0.915479219195973,0.9897456617765851,0.97,0.0,1.0,0,0.0,2,2,1.0,-0.04,0.04,0.0,2,2,4.0,1.0,-0.04,0.04,4.0,1.0,1.0
qwen3-4b-think,node_degree,0.75,rwse,100,0.95,0.8882480347279118,0.9784566385436864,0.95,0.0,1.0,0,-0.020000000000000018,3,5,0.7265625,-0.08,0.03,-0.020000000000000018,3,5,8.0,0.7265625,-0.08,0.03,8.0,1.0,1.0
qwen3-4b-think,node_degree,0.75,components,100,0.96,0.9016278276739262,0.984336949448152,0.96,0.01,1.0,0,-0.010000000000000009,3,4,1.0,-0.06,0.04,-0.010000000000000009,2,3,5.0,1.0,-0.05,0.03,7.0,1.0,1.0
qwen3-4b-think,node_degree,0.75,all,100,0.98,0.9299868370580063,0.9944981477650318,0.98,0.01,1.0,0,0.010000000000000009,2,1,1.0,-0.02,0.04,0.010000000000000009,2,1,3.0,1.0,-0.02,0.04,3.0,1.0,1.0
qwen3-4b-think,node_degree,0.85,none,100,0.96,0.9016278276739262,0.984336949448152,0.96,0.0,1.0,0,0.0,0,0,,,,0.010000000000000009,2,1,3.0,1.0,-0.02,0.04,,,1.0
qwen3-4b-think,node_degree,0.85,filler,100,0.95,0.8882480347279118,0.9784566385436864,0.95,0.0,1.0,0,-0.010000000000000009,1,2,1.0,-0.04,0.02,0.0,0,0,,,,,3.0,1.0,
qwen3-4b-think,node_degree,0.85,degree,100,0.97,0.915479219195973,0.9897456617765851,0.97,0.01,1.0,0,0.010000000000000009,2,1,1.0,-0.02,0.05,0.020000000000000018,3,1,4.0,0.625,-0.01,0.06,3.0,1.0,1.0
qwen3-4b-think,node_degree,0.85,clustering,100,0.96,0.9016278276739262,0.984336949448152,0.96,0.01,1.0,0,0.0,3,3,1.0,-0.05,0.05,0.010000000000000009,3,2,5.0,1.0,-0.03,0.06,6.0,1.0,1.0
qwen3-4b-think,node_degree,0.85,rwse,100,0.99,0.9455124752390653,0.9982326134344526,0.99,0.01,1.0,0,0.030000000000000027,3,0,0.25,0.0,0.07,0.040000000000000036,4,0,4.0,0.125,0.01,0.08,3.0,0.875,1.0
qwen3-4b-think,node_degree,0.85,components,100,0.92,0.8500173312059693,0.9589070305141891,0.92,0.0,1.0,0,-0.039999999999999925,0,4,0.125,-0.08,-0.01,-0.029999999999999916,1,4,5.0,0.375,-0.08,0.01,4.0,0.875,1.0
qwen3-4b-think,node_degree,0.85,all,100,0.98,0.9299868370580063,0.9944981477650318,0.98,0.01,1.0,0,0.020000000000000018,4,2,0.6875,-0.02,0.07,0.030000000000000027,4,1,5.0,0.375,-0.01,0.07024999999999865,6.0,1.0,1.0
qwen3-4b-think,connected_nodes,0.1,none,100,0.97,0.915479219195973,0.9897456617765851,0.984090909090909,0.03,1.0,0,0.0,0,0,,,,-0.010000000000000009,1,2,3.0,1.0,-0.05,0.02,,,1.0
qwen3-4b-think,connected_nodes,0.1,filler,100,0.98,0.9299868370580063,0.9944981477650318,0.996,0.02,1.0,0,0.010000000000000009,2,1,1.0,-0.02,0.05,0.0,0,0,,,,,3.0,1.0,
qwen3-4b-think,connected_nodes,0.1,degree,100,0.95,0.8882480347279118,0.9784566385436864,0.9635555555555555,0.06,1.0,0,-0.020000000000000018,2,4,0.6875,-0.07,0.03,-0.030000000000000027,0,3,3.0,0.25,-0.07,0.0,6.0,1.0,1.0
qwen3-4b-think,connected_nodes,0.1,clustering,100,0.93,0.8625032899347025,0.965681175635936,0.9473333333333334,0.1,1.0,0,-0.039999999999999925,2,6,0.2890625,-0.1,0.01,-0.04999999999999993,1,6,7.0,0.125,-0.1,0.0,8.0,1.0,1.0
qwen3-4b-think,connected_nodes,0.1,rwse,100,0.97,0.915479219195973,0.9897456617765851,0.9856666666666666,0.04,1.0,0,0.0,2,2,1.0,-0.04,0.04,-0.010000000000000009,1,2,3.0,1.0,-0.05,0.02,4.0,1.0,1.0
qwen3-4b-think,connected_nodes,0.1,components,100,0.95,0.8882480347279118,0.9784566385436864,0.9726666666666667,0.06,1.0,0,-0.020000000000000018,1,3,0.625,-0.06,0.02,-0.030000000000000027,1,4,5.0,0.375,-0.08,0.01,4.0,1.0,1.0
qwen3-4b-think,connected_nodes,0.1,all,100,0.92,0.8500173312059693,0.9589070305141891,0.9478051948051948,0.09,1.0,0,-0.04999999999999993,2,7,0.1796875,-0.11,0.01,-0.05999999999999994,0,6,6.0,0.03125,-0.11,-0.02,9.0,1.0,0.75
qwen3-4b-think,connected_nodes,0.2,none,100,0.95,0.8882480347279118,0.9784566385436864,0.9707619047619047,0.05,1.0,0,0.0,0,0,,,,-0.020000000000000018,1,3,4.0,0.625,-0.06,0.02,,,1.0
qwen3-4b-think,connected_nodes,0.2,filler,100,0.97,0.915479219195973,0.9897456617765851,0.9961742424242425,0.06,1.0,0,0.020000000000000018,3,1,0.625,-0.02,0.06,0.0,0,0,,,,,4.0,1.0,
qwen3-4b-think,connected_nodes,0.2,degree,100,0.98,0.9299868370580063,0.9944981477650318,0.9983216783216783,0.03,1.0,0,0.030000000000000027,5,2,0.453125,-0.02,0.08,0.010000000000000009,3,2,5.0,1.0,-0.03,0.05,7.0,1.0,1.0
qwen3-4b-think,connected_nodes,0.2,clustering,100,0.96,0.9016278276739262,0.984336949448152,0.9889212454212455,0.07,1.0,0,0.010000000000000009,5,4,1.0,-0.05,0.07,-0.010000000000000009,3,4,7.0,1.0,-0.06,0.04,9.0,1.0,1.0
qwen3-4b-think,connected_nodes,0.2,rwse,100,0.94,0.8752303146877748,0.9722142547333433,0.9704322344322344,0.08,1.0,0,-0.010000000000000009,2,3,1.0,-0.05,0.03,-0.030000000000000027,2,5,7.0,0.453125,-0.08,0.02,5.0,1.0,1.0
qwen3-4b-think,connected_nodes,0.2,components,100,0.96,0.9016278276739262,0.984336949448152,0.9776666666666667,0.06,1.0,0,0.010000000000000009,3,2,1.0,-0.03,0.05,-0.010000000000000009,2,3,5.0,1.0,-0.06,0.03,5.0,1.0,1.0
qwen3-4b-think,connected_nodes,0.2,all,100,0.93,0.8625032899347025,0.965681175635936,0.9816786283891547,0.07,1.0,0,-0.019999999999999907,3,5,0.7265625,-0.08,0.04,-0.039999999999999925,2,6,8.0,0.2890625,-0.1,0.01,8.0,1.0,1.0
qwen3-4b-think,connected_nodes,0.35,none,100,0.99,0.9455124752390653,0.9982326134344526,0.9963157894736843,0.03,1.0,0,0.0,0,0,,,,0.0,1,1,2.0,1.0,-0.03,0.03,,,1.0
qwen3-4b-think,connected_nodes,0.35,filler,100,0.99,0.9455124752390653,0.9982326134344526,0.9996,0.0,1.0,0,0.0,1,1,1.0,-0.03,0.03,0.0,0,0,,,,,2.0,1.0,
qwen3-4b-think,connected_nodes,0.35,degree,100,0.99,0.9455124752390653,0.9982326134344526,0.9976190476190476,0.02,1.0,0,0.0,1,1,1.0,-0.03,0.03,0.0,1,1,2.0,1.0,-0.03,0.03,2.0,1.0,1.0
qwen3-4b-think,connected_nodes,0.35,clustering,100,0.99,0.9455124752390653,0.9982326134344526,0.9996,0.01,1.0,0,0.0,1,1,1.0,-0.03,0.03,0.0,1,1,2.0,1.0,-0.03,0.03,2.0,1.0,1.0
qwen3-4b-think,connected_nodes,0.35,rwse,100,0.97,0.915479219195973,0.9897456617765851,0.9908354312354313,0.0,1.0,0,-0.020000000000000018,1,3,0.625,-0.06,0.02,-0.020000000000000018,1,3,4.0,0.625,-0.06,0.02,4.0,1.0,1.0
qwen3-4b-think,connected_nodes,0.35,components,100,1.0,0.9630051925239981,0.9999999999999999,1.0,0.01,1.0,0,0.010000000000000009,1,0,1.0,0.0,0.03,0.010000000000000009,1,0,1.0,1.0,0.0,0.03,1.0,1.0,1.0
qwen3-4b-think,connected_nodes,0.35,all,100,0.99,0.9455124752390653,0.9982326134344526,0.9996969696969696,0.0,1.0,0,0.0,1,1,1.0,-0.03,0.03,0.0,1,1,2.0,1.0,-0.03,0.03,2.0,1.0,1.0
qwen3-4b-think,connected_nodes,0.5,none,100,0.97,0.915479219195973,0.9897456617765851,0.981748602274918,0.02,1.0,0,0.0,0,0,,,,-0.010000000000000009,2,3,5.0,1.0,-0.05,0.03,,,1.0
qwen3-4b-think,connected_nodes,0.5,filler,100,0.98,0.9299868370580063,0.9944981477650318,0.982,0.03,1.0,0,0.010000000000000009,3,2,1.0,-0.03,0.06,0.0,0,0,,,,,5.0,1.0,
qwen3-4b-think,connected_nodes,0.5,degree,100,0.97,0.915479219195973,0.9897456617765851,0.9947674418604652,0.01,1.0,0,0.0,3,3,1.0,-0.05,0.05,-0.010000000000000009,1,2,3.0,1.0,-0.05,0.02,6.0,1.0,1.0
qwen3-4b-think,connected_nodes,0.5,clustering,100,0.98,0.9299868370580063,0.9944981477650318,0.9980909090909091,0.0,1.0,0,0.010000000000000009,3,2,1.0,-0.03,0.06,0.0,1,1,2.0,1.0,-0.03,0.03,5.0,1.0,1.0
qwen3-4b-think,connected_nodes,0.5,rwse,100,0.99,0.9455124752390653,0.9982326134344526,0.9997142857142858,0.0,1.0,0,0.020000000000000018,3,1,0.625,-0.02,0.06,0.010000000000000009,2,1,3.0,1.0,-0.02,0.04,4.0,1.0,1.0
qwen3-4b-think,connected_nodes,0.5,components,100,0.98,0.9299868370580063,0.9944981477650318,0.9995235394214407,0.01,1.0,0,0.010000000000000009,3,2,1.0,-0.03,0.05,0.0,2,2,4.0,1.0,-0.04,0.04,5.0,1.0,1.0
qwen3-4b-think,connected_nodes,0.5,all,100,0.98,0.9299868370580063,0.9944981477650318,0.9974615384615384,0.01,1.0,0,0.010000000000000009,3,2,1.0,-0.03,0.06,0.0,1,1,2.0,1.0,-0.03,0.03,5.0,1.0,1.0
qwen3-4b-think,edge_count,0.1,none,100,0.65,0.5525426042919797,0.7363589534652197,0.65,0.6,1.0,0,0.0,0,0,,,,-0.12,12,24,36.0,0.06524533522315323,-0.24,-0.01,,,0.12045292656582135
qwen3-4b-think,edge_count,0.1,filler,100,0.77,0.6784543514317231,0.841568452531236,0.77,0.4,1.0,0,0.12,24,12,0.06524533522315323,0.01,0.24,0.0,0,0,,,,,36.0,0.10439253635704518,
qwen3-4b-think,edge_count,0.1,degree,100,0.47,0.3751065198210374,0.5671131686275227,0.47,0.64,1.0,0,-0.18000000000000005,20,38,0.024746035842440797,-0.31,-0.03,-0.30000000000000004,10,40,50.0,2.3861331676755526e-05,-0.42,-0.18,58.0,0.04568498924758301,0.0001908906534140442
qwen3-4b-think,edge_count,0.1,clustering,100,0.83,0.7445181876635703,0.8910652394022684,0.83,0.2,1.0,0,0.17999999999999994,30,12,0.007915897334896727,0.06,0.3,0.05999999999999994,15,9,24.0,0.30745625495910645,-0.04,0.16,42.0,0.019062543622760587,0.46118438243865967
qwen3-4b-think,edge_count,0.1,rwse,100,0.8,0.7111690380734977,0.8666340774409013,0.8,0.31,1.0,0,0.15000000000000002,24,9,0.013530986849218607,0.04,0.25,0.030000000000000027,18,15,33.0,0.7283324808813632,-0.08,0.14,33.0,0.027061973698437214,0.7599991104849007
qwen3-4b-think,edge_count,0.1,components,100,0.88,0.8018773199709163,0.9300066263473222,0.88,0.27,1.0,0,0.22999999999999998,30,7,0.00019107642583549023,0.12,0.34,0.10999999999999999,20,9,29.0,0.06142834573984146,0.01,0.21,37.0,0.0009171668440103531,0.12045292656582135
qwen3-4b-think,edge_count,0.1,all,100,0.45,0.3561437510640346,0.5475557296835656,0.45,0.5,1.0,0,-0.2,18,38,0.010454818321892184,-0.34,-0.06,-0.32,11,43,54.0,1.4013057456185862e-05,-0.44,-0.19,56.0,0.02281051270231022,0.00016815668947423035
qwen3-4b-think,edge_count,0.2,none,100,0.45,0.3561437510640346,0.5475557296835656,0.45,0.66,1.0,0,0.0,0,0,,,,-0.11999999999999994,16,28,44.0,0.09614175442061423,-0.25,0.01,,,0.1648144361496244
qwen3-4b-think,edge_count,0.2,filler,100,0.57,0.4721521169586435,0.6626686099947162,0.57,0.5,1.0,0,0.11999999999999994,28,16,0.09614175442061423,0.0,0.25,0.0,0,0,,,,,44.0,0.14421263163092135,
qwen3-4b-think,edge_count,0.2,degree,100,0.5,0.40382982859014716,0.5961701714098528,0.5,0.52,1.0,0,0.04999999999999999,26,21,0.5600646295802107,-0.09,0.18,-0.06999999999999995,18,25,43.0,0.3603776529357674,-0.19,0.06,47.0,0.5844152656489155,0.47368421052631576
qwen3-4b-think,edge_count,0.2,clustering,100,0.64,0.542352199811621,0.7272892540950986,0.64,0.47,1.0,0,0.19,33,14,0.007942726509483578,0.05975000000000001,0.32,0.07000000000000006,23,16,39.0,0.3367836351899314,-0.05,0.2,47.0,0.019062543622760587,0.47368421052631576
qwen3-4b-think,edge_count,0.2,rwse,100,0.66,0.5627754565831095,0.74538620502457,0.66,0.48,1.0,0,0.21000000000000002,34,13,0.0030876764615186403,0.08,0.33,0.09000000000000008,26,17,43.0,0.2220528201560228,-0.04,0.22,47.0,0.010586319296635338,0.3552845122496365
qwen3-4b-think,edge_count,0.2,components,100,0.75,0.6569535362992417,0.8245490599627573,0.75,0.34,1.0,0,0.3,41,11,3.5887916129517805e-05,0.18,0.43,0.18000000000000005,32,14,46.0,0.011351591436778108,0.05,0.31,52.0,0.00021532749677710683,0.034054774310334324
qwen3-4b-think,edge_count,0.2,all,100,0.34,0.25461379497543,0.43722454341689065,0.34,0.47,1.0,0,-0.10999999999999999,16,27,0.12628947438543037,-0.24,0.01,-0.22999999999999993,15,38,53.0,0.0021901868838920535,-0.36,-0.09,43.0,0.17829102266178404,0.008760747535568214
qwen3-4b-think,edge_count,0.35,none,100,0.25,0.1754509400372426,0.3430464637007583,0.25,0.92,1.0,0,0.0,0,0,,,,-0.15000000000000002,16,31,47.0,0.03998605682605216,-0.28025,-0.02,,,0.08724230580229562
qwen3-4b-think,edge_count,0.35,filler,100,0.4,0.3093997461136028,0.4979992153815976,0.4,0.77,1.0,0,0.15000000000000002,31,16,0.03998605682605216,0.02,0.28,0.0,0,0,,,,,47.0,0.068547525987518,
qwen3-4b-think,edge_count,0.35,degree,100,0.35,0.2636410465347802,0.4474573957080203,0.35,0.59,1.0,0,0.09999999999999998,26,16,0.16414940178310644,-0.020249999999999987,0.23,-0.050000000000000044,18,23,41.0,0.5327092552361137,-0.18,0.07024999999999865,42.0,0.20734661277866076,0.6272321428571429
qwen3-4b-think,edge_count,0.35,clustering,100,0.57,0.4721521169586435,0.6626686099947162,0.57,0.51,1.0,0,0.31999999999999995,41,9,5.614100093254137e-06,0.2,0.44,0.16999999999999993,33,16,49.0,0.021294114141387155,0.03,0.3,50.0,6.736920111904965e-05,0.05678430437703241
qwen3-4b-think,edge_count,0.35,rwse,100,0.36,0.2727107459049014,0.45764780018837914,0.36,0.91,1.0,0,0.10999999999999999,30,19,0.15240777196147803,-0.03,0.25,-0.040000000000000036,21,25,46.0,0.6587380770236564,-0.17,0.1,49.0,0.20321036261530404,0.7186233567530796
qwen3-4b-think,edge_count,0.35,components,100,0.55,0.45244427031643447,0.6438562489359654,0.55,0.65,1.0,0,0.30000000000000004,40,10,2.3861331676755526e-05,0.17,0.42,0.15000000000000002,30,15,45.0,0.035697803555194696,0.02,0.28,50.0,0.0001908906534140442,0.08567472853246727
qwen3-4b-think,edge_count,0.35,all,100,0.17,0.10893476059773155,0.25548181233642975,0.17,0.63,1.0,0,-0.07999999999999999,13,21,0.22948101302608848,-0.19,0.03,-0.23,8,31,39.0,0.0002940768754342571,-0.34,-0.11,34.0,0.2753772156313062,0.0017644612526055425
qwen3-4b-think,edge_count,0.5,none,100,0.04,0.015663050551848016,0.09837217232607373,0.04,1.0,1.0,0,0.0,0,0,,,,0.0,4,4,8.0,1.0,-0.05,0.06,,,1.0
qwen3-4b-think,edge_count,0.5,filler,100,0.04,0.015663050551848016,0.09837217232607373,0.04,0.99,1.0,0,0.0,4,4,1.0,-0.05,0.06,0.0,0,0,,,,,8.0,1.0,
qwen3-4b-think,edge_count,0.5,degree,100,0.32,0.2366901081545688,0.4166280225367919,0.32,0.6,1.0,0,0.28,30,2,2.4633482098579407e-07,0.18,0.38,0.28,30,2,32.0,2.4633482098579407e-07,0.19,0.38,32.0,5.912035703659058e-06,5.912035703659058e-06
qwen3-4b-think,edge_count,0.5,clustering,100,0.07,0.034318824364064096,0.13749671006529757,0.07,0.96,1.0,0,0.030000000000000006,7,4,0.548828125,-0.03,0.1,0.030000000000000006,7,4,11.0,0.548828125,-0.03,0.09,11.0,0.5844152656489155,0.6272321428571429
qwen3-4b-think,edge_count,0.5,rwse,100,0.01,0.0017673865655472645,0.0544875247609346,0.01,0.99,1.0,0,-0.03,1,4,0.375,-0.08,0.01,-0.03,1,4,5.0,0.375,-0.08,0.01,5.0,0.42857142857142855,0.47368421052631576
qwen3-4b-think,edge_count,0.5,components,100,0.21,0.14165549531645788,0.2998014930196232,0.21,0.92,1.0,0,0.16999999999999998,20,3,0.00048828125,0.08,0.26,0.16999999999999998,20,3,23.0,0.00048828125,0.08,0.26,23.0,0.001953125,0.00234375
qwen3-4b-think,edge_count,0.5,all,100,0.16,0.10095202349473717,0.24420444558894414,0.16,0.63,1.0,0,0.12,15,3,0.007537841796875,0.05,0.2,0.12,15,3,18.0,0.007537841796875,0.049750000000000016,0.2,18.0,0.019062543622760587,0.025844029017857144
