arm,task,density,condition,n,acc,acc_lo,acc_hi,f1,hit_cap_rate,parsed_rate,constant_gold,vs_none_delta,vs_none_fixed,vs_none_broke,vs_none_p,vs_none_lo,vs_none_hi,vs_filler_delta,vs_filler_fixed,vs_filler_broke,vs_filler_churn,vs_filler_p,vs_filler_lo,vs_filler_hi,vs_none_churn,vs_none_q,vs_filler_q
qwen3-1.7b,node_count,0.1,none,100,0.02,0.005501852234968185,0.07001316294199365,0.02,0.0,1.0,1,0.0,0,0,,,,-0.14,2,16,18.0,0.001312255859375,-0.22,-0.06,,,0.0022495814732142855
qwen3-1.7b,node_count,0.1,filler,100,0.16,0.10095202349473717,0.24420444558894414,0.16,0.0,1.0,1,0.14,16,2,0.001312255859375,0.06,0.22,0.0,0,0,,,,,18.0,0.0019683837890625,
qwen3-1.7b,node_count,0.1,degree,100,0.03,0.010254338223414816,0.08452078080402699,0.03,0.0,1.0,1,0.009999999999999998,3,2,1.0,-0.03,0.050249999999998636,-0.13,3,16,19.0,0.004425048828125,-0.21,-0.05,5.0,1.0,0.007080078125
qwen3-1.7b,node_count,0.1,clustering,100,0.95,0.8882480347279118,0.9784566385436864,0.95,0.0,1.0,1,0.9299999999999999,93,0,2.0194839173657902e-28,0.88,0.98,0.7899999999999999,79,0,79.0,3.308722450212111e-24,0.7,0.87,93.0,2.4233807008389483e-27,7.940933880509066e-23
qwen3-1.7b,node_count,0.1,rwse,100,0.32,0.2366901081545688,0.4166280225367919,0.32,0.0,1.0,1,0.3,31,1,1.5366822481155396e-08,0.2,0.39024999999999865,0.16,24,8,32.0,0.0070003666914999485,0.05,0.26,32.0,3.073364496231079e-08,0.010500550037249923
qwen3-1.7b,node_count,0.1,components,100,0.19,0.1251465399270426,0.27779024070807856,0.19,0.0,1.0,1,0.17,19,2,0.00022125244140625,0.09,0.26,0.03,16,13,29.0,0.711071103811264,-0.08,0.13,21.0,0.00035400390625,0.8126526900700161
qwen3-1.7b,node_count,0.1,all,100,0.7,0.6041496156718804,0.7810524613377188,0.7,0.0,1.0,1,0.6799999999999999,68,0,6.776263578034403e-21,0.59,0.77,0.5399999999999999,58,4,62.0,2.5917592724744587e-13,0.43,0.65,68.0,2.710505431213761e-20,6.91135805993189e-13
qwen3-1.7b,node_count,0.2,none,100,0.0,0.0,0.03699480747600191,0.0,0.0,1.0,1,0.0,0,0,,,,-0.7,0,70,70.0,1.6940658945086007e-21,-0.79,-0.61,,,1.0164395367051604e-20
qwen3-1.7b,node_count,0.2,filler,100,0.7,0.6041496156718804,0.7810524613377188,0.7,0.0,1.0,1,0.7,70,0,1.6940658945086007e-21,0.6,0.79,0.0,0,0,,,,,70.0,8.131516293641283e-21,
qwen3-1.7b,node_count,0.2,degree,100,0.05,0.02154336145631356,0.11175196527208817,0.05,0.0,1.0,1,0.05,5,0,0.0625,0.01,0.1,-0.6499999999999999,3,68,71.0,5.057803134644878e-17,-0.75,-0.54,5.0,0.07894736842105263,2.4277455046295413e-16
qwen3-1.7b,node_count,0.2,clustering,100,1.0,0.9630051925239981,0.9999999999999999,1.0,0.0,1.0,1,1.0,100,0,1.5777218104420236e-30,1.0,1.0,0.30000000000000004,30,0,30.0,1.862645149230957e-09,0.21,0.39,100.0,3.7865323450608567e-29,4.470348358154297e-09
qwen3-1.7b,node_count,0.2,rwse,100,0.17,0.10893476059773155,0.25548181233642975,0.17,0.0,1.0,1,0.17,17,0,1.52587890625e-05,0.1,0.25,-0.5299999999999999,1,54,55.0,3.1086244689504383e-15,-0.63,-0.43,17.0,2.8170072115384617e-05,1.0658141036401503e-14
qwen3-1.7b,node_count,0.2,components,100,0.41,0.31867157095664655,0.5079874943890338,0.41,0.0,1.0,1,0.41,41,0,9.094947017729282e-13,0.32,0.51,-0.29,11,40,51.0,5.703811637403078e-05,-0.42,-0.16,41.0,2.1827872842550277e-12,0.00010530113792128759
qwen3-1.7b,node_count,0.2,all,100,0.52,0.4231640509017654,0.6153561567991945,0.52,0.0,1.0,1,0.52,52,0,4.440892098500626e-16,0.42,0.62,-0.17999999999999994,14,32,46.0,0.011351591436778108,-0.31,-0.05,52.0,1.1842378929335002e-15,0.016025776146039682
qwen3-1.7b,node_count,0.35,none,100,0.28,0.2013955916759837,0.37488212361345724,0.28,0.0,1.0,1,0.0,0,0,,,,-0.71,0,71,71.0,8.470329472543003e-22,-0.8,-0.62,,,1.0164395367051604e-20
qwen3-1.7b,node_count,0.35,filler,100,0.99,0.9455124752390653,0.9982326134344526,0.99,0.0,1.0,1,0.71,71,0,8.470329472543003e-22,0.62,0.8,0.0,0,0,,,,,71.0,5.082197683525802e-21,
qwen3-1.7b,node_count,0.35,degree,100,0.45,0.3561437510640346,0.5475557296835656,0.45,0.0,1.0,1,0.16999999999999998,31,14,0.016094360031274846,0.049750000000000016,0.29,-0.54,1,55,56.0,1.582067810090848e-15,-0.64,-0.44,45.0,0.02145914670836646,6.328271240363392e-15
qwen3-1.7b,node_count,0.35,clustering,100,1.0,0.9630051925239981,0.9999999999999999,1.0,0.0,1.0,1,0.72,72,0,4.235164736271502e-22,0.63,0.81,0.010000000000000009,1,0,1.0,1.0,0.0,0.03,72.0,3.3881317890172014e-21,1.0
qwen3-1.7b,node_count,0.35,rwse,100,0.55,0.45244427031643447,0.6438562489359654,0.55,0.0,1.0,1,0.27,38,11,0.00014197068519905542,0.14,0.39,-0.43999999999999995,0,44,44.0,1.1368683772161603e-13,-0.54,-0.34,49.0,0.00024337831748409502,3.410605131648481e-13
qwen3-1.7b,node_count,0.35,components,100,0.7,0.6041496156718804,0.7810524613377188,0.7,0.0,1.0,1,0.41999999999999993,49,7,7.455210310203242e-09,0.3,0.54,-0.29000000000000004,1,30,31.0,2.9802322387695312e-08,-0.39,-0.2,56.0,1.62659134040798e-08,6.502324884588068e-08
qwen3-1.7b,node_count,0.35,all,100,0.94,0.8752303146877748,0.9722142547333433,0.94,0.0,1.0,1,0.6599999999999999,69,3,2.6371947296289014e-17,0.56,0.76,-0.050000000000000044,1,6,7.0,0.125,-0.1,0.0,72.0,7.911584188886704e-17,0.15789473684210525
qwen3-1.7b,node_count,0.5,none,100,0.96,0.9016278276739262,0.984336949448152,0.96,0.0,1.0,1,0.0,0,0,,,,-0.040000000000000036,0,4,4.0,0.125,-0.08,-0.01,,,0.15789473684210525
qwen3-1.7b,node_count,0.5,filler,100,1.0,0.9630051925239981,0.9999999999999999,1.0,0.0,1.0,1,0.040000000000000036,4,0,0.125,0.01,0.08,0.0,0,0,,,,,4.0,0.13636363636363635,
qwen3-1.7b,node_count,0.5,degree,100,1.0,0.9630051925239981,0.9999999999999999,1.0,0.0,1.0,1,0.040000000000000036,4,0,0.125,0.01,0.08,0.0,0,0,0.0,1.0,0.0,0.0,4.0,0.13636363636363635,1.0
qwen3-1.7b,node_count,0.5,clustering,100,1.0,0.9630051925239981,0.9999999999999999,1.0,0.0,1.0,1,0.040000000000000036,4,0,0.125,0.01,0.08,0.0,0,0,0.0,1.0,0.0,0.0,4.0,0.13636363636363635,1.0
qwen3-1.7b,node_count,0.5,rwse,100,0.3,0.21894753866228117,0.39585038432811953,0.3,0.0,1.0,1,-0.6599999999999999,1,67,4.675621868843738e-19,-0.76,-0.57,-0.7,0,70,70.0,1.6940658945086007e-21,-0.78,-0.61,68.0,1.6030703550321388e-18,1.0164395367051604e-20
qwen3-1.7b,node_count,0.5,components,100,0.81,0.7222097592919214,0.8748534600729574,0.81,0.0,1.0,1,-0.1499999999999999,4,19,0.002599477767944336,-0.25,-0.06,-0.18999999999999995,0,19,19.0,3.814697265625e-06,-0.27,-0.12,23.0,0.0036698509665096506,7.62939453125e-06
qwen3-1.7b,node_count,0.5,all,100,0.98,0.9299868370580063,0.9944981477650318,0.98,0.0,1.0,1,0.020000000000000018,4,2,0.6875,-0.03,0.07,-0.020000000000000018,0,2,2.0,0.5,-0.05,0.0,6.0,0.717391304347826,0.6
qwen3-1.7b,cycle_check,0.1,none,83,0.9879518072289156,0.9348626221234112,0.9978700774122952,0.9879518072289156,0.17,1.0,1,0.0,0,0,,,,-0.012820512820512775,0,1,1.0,1.0,-0.038461538461538464,0.0,,,1.0
qwen3-1.7b,cycle_check,0.1,filler,95,1.0,0.9611337736337738,1.0000000000000002,1.0,0.05,1.0,1,0.012820512820512775,1,0,1.0,0.0,0.038461538461538464,0.0,0,0,,,,,1.0,1.0,
qwen3-1.7b,cycle_check,0.1,degree,89,0.9887640449438202,0.9390660617800944,0.9980138679065976,0.9887640449438202,0.11,1.0,1,-0.013513513513513487,0,1,1.0,-0.04054054054054054,0.0,-0.011904761904761862,0,1,1.0,1.0,-0.03571428571428571,0.0,1.0,1.0,1.0
qwen3-1.7b,cycle_check,0.1,clustering,98,1.0,0.9622786759045421,1.0000000000000002,1.0,0.02,1.0,1,0.012195121951219523,1,0,1.0,0.0,0.036585365853658534,0.0,0,0,0.0,1.0,0.0,0.0,1.0,1.0,1.0
qwen3-1.7b,cycle_check,0.1,rwse,93,0.946236559139785,0.8802500214822403,0.976819667577007,0.946236559139785,0.07,1.0,1,-0.051948051948051965,1,5,0.21875,-0.11688311688311688,0.0,-0.045454545454545414,0,4,4.0,0.125,-0.09090909090909091,-0.011363636363636364,6.0,0.75,0.42857142857142855
qwen3-1.7b,cycle_check,0.1,components,90,0.9777777777777777,0.9225532261919241,0.9938846862051364,0.9777777777777777,0.1,1.0,1,-0.013157894736842146,0,1,1.0,-0.039473684210526314,0.0,-0.02352941176470591,0,2,2.0,0.5,-0.058823529411764705,0.0,1.0,1.0,1.0
qwen3-1.7b,cycle_check,0.1,all,97,0.9690721649484536,0.9129785098835845,0.989426846635947,0.9690721649484536,0.03,1.0,1,-0.024390243902439046,1,3,0.625,-0.07317073170731707,0.024390243902439025,-0.021739130434782594,0,2,2.0,0.5,-0.05434782608695652,0.0,4.0,1.0,1.0
qwen3-1.7b,cycle_check,0.2,none,91,1.0,0.959494567784601,1.0,1.0,0.09,1.0,1,0.0,0,0,,,,0.0,0,0,0.0,1.0,0.0,0.0,,,1.0
qwen3-1.7b,cycle_check,0.2,filler,90,1.0,0.9590629315783191,0.9999999999999999,1.0,0.1,1.0,1,0.0,0,0,1.0,0.0,0.0,0.0,0,0,,,,,0.0,1.0,
qwen3-1.7b,cycle_check,0.2,degree,91,0.8571428571428571,0.770780035247625,0.9145732274556614,0.8571428571428571,0.09,1.0,1,-0.15476190476190477,0,13,0.000244140625,-0.23809523809523808,-0.08333333333333333,-0.14814814814814814,0,12,12.0,0.00048828125,-0.2222222222222222,-0.07407407407407407,13.0,0.0029296875,0.00390625
qwen3-1.7b,cycle_check,0.2,clustering,99,1.0,0.9626454664260378,1.0,1.0,0.01,1.0,1,0.0,0,0,1.0,0.0,0.0,0.0,0,0,0.0,1.0,0.0,0.0,0.0,1.0,1.0
qwen3-1.7b,cycle_check,0.2,rwse,100,0.94,0.8752303146877748,0.9722142547333433,0.94,0.0,1.0,1,-0.05494505494505497,0,5,0.0625,-0.10989010989010989,-0.01098901098901099,-0.05555555555555558,0,5,5.0,0.0625,-0.1,-0.011111111111111112,5.0,0.25,0.25
qwen3-1.7b,cycle_check,0.2,components,91,1.0,0.959494567784601,1.0,1.0,0.09,1.0,1,0.0,0,0,1.0,0.0,0.0,0.0,0,0,0.0,1.0,0.0,0.0,0.0,1.0,1.0
qwen3-1.7b,cycle_check,0.2,all,100,1.0,0.9630051925239981,0.9999999999999999,1.0,0.0,1.0,1,0.0,0,0,1.0,0.0,0.0,0.0,0,0,0.0,1.0,0.0,0.0,0.0,1.0,1.0
qwen3-1.7b,cycle_check,0.35,none,91,1.0,0.959494567784601,1.0,1.0,0.09,1.0,1,0.0,0,0,,,,0.0,0,0,0.0,1.0,0.0,0.0,,,1.0
qwen3-1.7b,cycle_check,0.35,filler,91,1.0,0.959494567784601,1.0,1.0,0.09,1.0,1,0.0,0,0,1.0,0.0,0.0,0.0,0,0,,,,,0.0,1.0,
qwen3-1.7b,cycle_check,0.35,degree,74,0.8513513513513513,0.7531029907801314,0.9149202769841487,0.8513513513513513,0.26,1.0,1,-0.16417910447761197,0,11,0.0009765625,-0.2537313432835821,-0.07462686567164178,-0.1515151515151515,0,10,10.0,0.001953125,-0.24242424242424243,-0.07575757575757576,11.0,0.005859375,0.01171875
qwen3-1.7b,cycle_check,0.35,clustering,100,1.0,0.9630051925239981,0.9999999999999999,1.0,0.0,1.0,1,0.0,0,0,1.0,0.0,0.0,0.0,0,0,0.0,1.0,0.0,0.0,0.0,1.0,1.0
qwen3-1.7b,cycle_check,0.35,rwse,100,0.87,0.7901947810519012,0.9224290614158575,0.87,0.0,1.0,1,-0.1208791208791209,0,11,0.0009765625,-0.1978021978021978,-0.054945054945054944,-0.13186813186813184,0,12,12.0,0.00048828125,-0.2087912087912088,-0.06593406593406594,11.0,0.005859375,0.00390625
qwen3-1.7b,cycle_check,0.35,components,93,0.989247311827957,0.9415794088135158,0.9980994069020442,0.989247311827957,0.07,1.0,1,-0.011904761904761862,0,1,1.0,-0.03571428571428571,0.0,-0.011627906976744207,0,1,1.0,1.0,-0.03488372093023256,0.0,1.0,1.0,1.0
qwen3-1.7b,cycle_check,0.35,all,99,0.98989898989899,0.944983344585968,0.9982147386799481,0.98989898989899,0.01,1.0,1,-0.011111111111111072,0,1,1.0,-0.03333333333333333,0.0,-0.011111111111111072,0,1,1.0,1.0,-0.03333333333333333,0.0,1.0,1.0,1.0
qwen3-1.7b,cycle_check,0.5,none,99,1.0,0.9626454664260378,1.0,1.0,0.01,1.0,1,0.0,0,0,,,,0.0,0,0,0.0,1.0,0.0,0.0,,,1.0
qwen3-1.7b,cycle_check,0.5,filler,99,1.0,0.9626454664260378,1.0,1.0,0.01,1.0,1,0.0,0,0,1.0,0.0,0.0,0.0,0,0,,,,,0.0,1.0,
qwen3-1.7b,cycle_check,0.5,degree,77,0.8311688311688312,0.7322690482024222,0.8985942696933148,0.8311688311688312,0.23,0.987012987012987,1,-0.17105263157894735,0,13,0.000244140625,-0.2631578947368421,-0.09210526315789473,-0.16883116883116878,0,13,13.0,0.000244140625,-0.2597402597402597,-0.09090909090909091,13.0,0.0029296875,0.00390625
qwen3-1.7b,cycle_check,0.5,clustering,100,1.0,0.9630051925239981,0.9999999999999999,1.0,0.0,1.0,1,0.0,0,0,1.0,0.0,0.0,0.0,0,0,0.0,1.0,0.0,0.0,0.0,1.0,1.0
qwen3-1.7b,cycle_check,0.5,rwse,100,0.93,0.8625032899347025,0.965681175635936,0.93,0.0,1.0,1,-0.07070707070707072,0,7,0.015625,-0.12121212121212122,-0.020202020202020204,-0.07070707070707072,0,7,7.0,0.015625,-0.12121212121212122,-0.030303030303030304,7.0,0.075,0.075
qwen3-1.7b,cycle_check,0.5,components,100,1.0,0.9630051925239981,0.9999999999999999,1.0,0.0,1.0,1,0.0,0,0,1.0,0.0,0.0,0.0,0,0,0.0,1.0,0.0,0.0,0.0,1.0,1.0
qwen3-1.7b,cycle_check,0.5,all,100,0.99,0.9455124752390653,0.9982326134344526,0.99,0.0,1.0,1,-0.010101010101010055,0,1,1.0,-0.030303030303030304,0.0,-0.010101010101010055,0,1,1.0,1.0,-0.030303030303030304,0.0,1.0,1.0,1.0
qwen3-1.7b,edge_existence,0.1,none,100,0.89,0.8136853697209698,0.9374586804477487,0.89,0.0,1.0,0,0.0,0,0,,,,0.050000000000000044,9,4,13.0,0.266845703125,-0.02,0.12,,,0.4150933159722222
qwen3-1.7b,edge_existence,0.1,filler,100,0.84,0.7557955544110557,0.8990479765052628,0.84,0.0,1.0,0,-0.050000000000000044,4,9,0.266845703125,-0.13,0.02,0.0,0,0,,,,,13.0,0.5603759765625,
qwen3-1.7b,edge_existence,0.1,degree,100,0.83,0.7445181876635703,0.8910652394022684,0.83,0.0,1.0,0,-0.06000000000000005,1,7,0.0703125,-0.12,-0.01,-0.010000000000000009,4,5,9.0,1.0,-0.07,0.05,8.0,0.24609375,1.0
qwen3-1.7b,edge_existence,0.1,clustering,100,0.84,0.7557955544110557,0.8990479765052628,0.84,0.0,1.0,0,-0.050000000000000044,4,9,0.266845703125,-0.12,0.02,0.0,5,5,10.0,1.0,-0.06,0.06,13.0,0.5603759765625,1.0
qwen3-1.7b,edge_existence,0.1,rwse,99,0.9191919191919192,0.8485803066346849,0.958486094510377,0.9191919191919192,0.01,1.0,0,0.030303030303030387,6,3,0.5078125,-0.030303030303030304,0.09090909090909091,0.08080808080808088,10,2,12.0,0.03857421875,0.010101010101010102,0.1414141414141414,9.0,0.76171875,0.081005859375
qwen3-1.7b,edge_existence,0.1,components,100,0.86,0.7786263961619276,0.914737342455351,0.86,0.0,1.0,0,-0.030000000000000027,2,5,0.453125,-0.08,0.02,0.020000000000000018,6,4,10.0,0.75390625,-0.04,0.08,7.0,0.76125,0.989501953125
qwen3-1.7b,edge_existence,0.1,all,100,0.89,0.8136853697209698,0.9374586804477487,0.89,0.0,1.0,0,0.0,6,6,1.0,-0.07,0.07,0.050000000000000044,10,5,15.0,0.3017578125,-0.02,0.13,12.0,1.0,0.45263671875
qwen3-1.7b,edge_existence,0.2,none,100,0.73,0.6356769977376873,0.8073053908233518,0.73,0.0,1.0,0,0.0,0,0,,,,0.19999999999999996,25,5,30.0,0.00032491423189640045,0.1,0.3,,,0.001049722903049909
qwen3-1.7b,edge_existence,0.2,filler,100,0.53,0.4328868313724773,0.6248934801789626,0.53,0.0,1.0,0,-0.19999999999999996,5,25,0.00032491423189640045,-0.3,-0.1,0.0,0,0,,,,,30.0,0.003380584716796875,
qwen3-1.7b,edge_existence,0.2,degree,100,0.7,0.6041496156718804,0.7810524613377188,0.7,0.0,1.0,0,-0.030000000000000027,12,15,0.7011080384254456,-0.13,0.08,0.16999999999999993,23,6,29.0,0.002315700054168701,0.07,0.27,27.0,0.9498883101247972,0.0064839601516723635
qwen3-1.7b,edge_existence,0.2,clustering,100,0.74,0.6462882736813838,0.8159542187301354,0.74,0.0,1.0,0,0.010000000000000009,16,15,1.0,-0.1,0.12,0.20999999999999996,24,3,27.0,4.9233436584472656e-05,0.12,0.31,31.0,1.0,0.00018798221241344106
qwen3-1.7b,edge_existence,0.2,rwse,100,0.68,0.5833719774632081,0.7633098918454312,0.68,0.0,1.0,0,-0.04999999999999993,11,16,0.44206833839416504,-0.15,0.04,0.15000000000000002,22,7,29.0,0.008130058646202087,0.05,0.25,27.0,0.76125,0.020086027243558097
qwen3-1.7b,edge_existence,0.2,components,100,0.62,0.5220957382071033,0.7090255079986562,0.62,0.0,1.0,0,-0.10999999999999999,6,17,0.03468966484069824,-0.2,-0.02,0.08999999999999997,12,3,15.0,0.03515625,0.02,0.16,23.0,0.1324514475735751,0.07771381578947369
qwen3-1.7b,edge_existence,0.2,all,100,0.81,0.7222097592919214,0.8748534600729574,0.81,0.0,1.0,0,0.08000000000000007,16,8,0.15158963203430176,-0.02,0.18,0.28,32,4,36.0,1.941574737429619e-06,0.18,0.38,24.0,0.4244509696960449,1.0193267371505499e-05
qwen3-1.7b,edge_existence,0.35,none,100,0.66,0.5627754565831095,0.74538620502457,0.66,0.0,1.0,0,0.0,0,0,,,,0.32,33,1,34.0,4.0745362639427185e-09,0.23,0.41,,,2.852175384759903e-08
qwen3-1.7b,edge_existence,0.35,filler,100,0.34,0.25461379497543,0.43722454341689065,0.34,0.0,1.0,0,-0.32,1,33,4.0745362639427185e-09,-0.42,-0.22,0.0,0,0,,,,,34.0,1.7113052308559418e-07,
qwen3-1.7b,edge_existence,0.35,degree,100,0.67,0.5730516033971139,0.7543701620610456,0.67,0.0,1.0,0,0.010000000000000009,11,10,1.0,-0.08,0.1,0.33,33,0,33.0,2.3283064365386963e-10,0.24975000000000003,0.42,21.0,1.0,2.444721758365631e-09
qwen3-1.7b,edge_existence,0.35,clustering,100,0.72,0.6251178763865427,0.7986044083240164,0.72,0.0,1.0,0,0.05999999999999994,14,8,0.28627872467041016,-0.04,0.16,0.37999999999999995,39,1,40.0,7.457856554538012e-11,0.28,0.48,22.0,0.5725574493408203,1.5661498764529824e-09
qwen3-1.7b,edge_existence,0.35,rwse,100,0.76,0.6676748127670786,0.8330878873454004,0.76,0.0,1.0,0,0.09999999999999998,23,13,0.13249816396273673,-0.02,0.21,0.42,45,3,48.0,1.312585595769633e-10,0.31,0.53,36.0,0.3974944918882102,1.8376198340774863e-09
qwen3-1.7b,edge_existence,0.35,components,100,0.5,0.40382982859014716,0.5961701714098528,0.5,0.0,1.0,0,-0.16000000000000003,2,18,0.0004024505615234375,-0.25,-0.08,0.15999999999999998,17,1,18.0,0.00014495849609375,0.09,0.24,20.0,0.003380584716796875,0.000507354736328125
qwen3-1.7b,edge_existence,0.35,all,100,0.78,0.6892946528499969,0.849988254963442,0.78,0.0,1.0,0,0.12,26,14,0.0806904677519924,-0.01,0.24,0.44,45,1,46.0,1.3358203432289883e-12,0.34,0.55,40.0,0.2606922804295139,5.610445441561751e-11
qwen3-1.7b,edge_existence,0.5,none,100,0.54,0.44264685393523856,0.6343935614666815,0.54,0.0,1.0,0,0.0,0,0,,,,0.06000000000000005,6,0,6.0,0.03125,0.02,0.11,,,0.07291666666666667
qwen3-1.7b,edge_existence,0.5,filler,100,0.48,0.38464384320080547,0.5768359490982345,0.48,0.0,1.0,0,-0.06000000000000005,0,6,0.03125,-0.11,-0.02,0.0,0,0,,,,,6.0,0.13125,
qwen3-1.7b,edge_existence,0.5,degree,100,0.78,0.6892946528499969,0.849988254963442,0.78,0.0,1.0,0,0.24,25,1,8.046627044677734e-07,0.16,0.33,0.30000000000000004,31,1,32.0,1.5366822481155396e-08,0.2,0.39,26.0,1.1265277862548828e-05,9.220093488693237e-08
qwen3-1.7b,edge_existence,0.5,clustering,100,0.67,0.5730516033971139,0.7543701620610456,0.67,0.0,1.0,0,0.13,14,1,0.0009765625,0.06,0.2,0.19000000000000006,19,0,19.0,3.814697265625e-06,0.12,0.27,15.0,0.0068359375,1.6021728515625e-05
qwen3-1.7b,edge_existence,0.5,rwse,100,0.67,0.5730516033971139,0.7543701620610456,0.67,0.0,1.0,0,0.13,15,2,0.002349853515625,0.06,0.21,0.19000000000000006,19,0,19.0,3.814697265625e-06,0.12,0.27,17.0,0.01409912109375,1.6021728515625e-05
qwen3-1.7b,edge_existence,0.5,components,100,0.51,0.4134784047743415,0.6057816990761385,0.51,0.0,1.0,0,-0.030000000000000027,1,4,0.375,-0.08,0.01,0.030000000000000027,3,0,3.0,0.25,0.0,0.07,5.0,0.7159090909090909,0.40384615384615385
qwen3-1.7b,edge_existence,0.5,all,100,0.8,0.7111690380734977,0.8666340774409013,0.8,0.0,1.0,0,0.26,27,1,2.1606683731079102e-07,0.17,0.35,0.32000000000000006,32,0,32.0,4.656612873077393e-10,0.23,0.41,28.0,4.537403583526611e-06,3.91155481338501e-09
qwen3-1.7b,edge_existence,0.65,none,100,0.68,0.5833719774632081,0.7633098918454312,0.68,0.0,1.0,0,0.0,0,0,,,,0.020000000000000018,2,0,2.0,0.5,0.0,0.05,,,0.6774193548387096
qwen3-1.7b,edge_existence,0.65,filler,100,0.66,0.5627754565831095,0.74538620502457,0.66,0.0,1.0,0,-0.020000000000000018,0,2,0.5,-0.05,0.0,0.0,0,0,,,,,2.0,0.76171875,
qwen3-1.7b,edge_existence,0.65,degree,100,0.71,0.6146092505999207,0.7898529302601586,0.71,0.0,1.0,0,0.029999999999999916,3,0,0.25,0.0,0.07,0.04999999999999993,5,0,5.0,0.0625,0.01,0.1,3.0,0.5603759765625,0.125
qwen3-1.7b,edge_existence,0.65,clustering,100,0.67,0.5730516033971139,0.7543701620610456,0.67,0.0,1.0,0,-0.010000000000000009,1,2,1.0,-0.05,0.02,0.010000000000000009,1,0,1.0,1.0,0.0,0.03,3.0,1.0,1.0
qwen3-1.7b,edge_existence,0.65,rwse,100,0.7,0.6041496156718804,0.7810524613377188,0.7,0.0,1.0,0,0.019999999999999907,4,2,0.6875,-0.03,0.07,0.039999999999999925,4,0,4.0,0.125,0.01,0.08,6.0,0.9498883101247972,0.22826086956521738
qwen3-1.7b,edge_existence,0.65,components,100,0.66,0.5627754565831095,0.74538620502457,0.66,0.0,1.0,0,-0.020000000000000018,0,2,0.5,-0.05,0.0,0.0,0,0,0.0,1.0,0.0,0.0,2.0,0.76171875,1.0
qwen3-1.7b,edge_existence,0.65,all,100,0.76,0.6676748127670786,0.8330878873454004,0.76,0.0,1.0,0,0.07999999999999996,8,0,0.0078125,0.03,0.14,0.09999999999999998,10,0,10.0,0.001953125,0.05,0.16,8.0,0.041015625,0.005859375
qwen3-1.7b,edge_existence,0.75,none,100,0.77,0.6784543514317231,0.841568452531236,0.77,0.0,1.0,0,0.0,0,0,,,,0.010000000000000009,1,0,1.0,1.0,0.0,0.03,,,1.0
qwen3-1.7b,edge_existence,0.75,filler,100,0.76,0.6676748127670786,0.8330878873454004,0.76,0.0,1.0,0,-0.010000000000000009,0,1,1.0,-0.03,0.0,0.0,0,0,,,,,1.0,1.0,
qwen3-1.7b,edge_existence,0.75,degree,96,0.8125,0.7229756303456031,0.877976277476387,0.8125,0.04,1.0,0,0.05208333333333337,9,4,0.266845703125,-0.020833333333333332,0.125,0.0625,9,3,12.0,0.14599609375,-0.010416666666666666,0.13541666666666666,13.0,0.5603759765625,0.2554931640625
qwen3-1.7b,edge_existence,0.75,clustering,100,0.82,0.7333246397578691,0.8829986834574896,0.82,0.0,1.0,0,0.04999999999999993,8,3,0.2265625,-0.01,0.12,0.05999999999999994,8,2,10.0,0.109375,0.0,0.12,11.0,0.5603759765625,0.20880681818181818
qwen3-1.7b,edge_existence,0.75,rwse,100,0.77,0.6784543514317231,0.841568452531236,0.77,0.0,1.0,0,0.0,1,1,1.0,-0.03,0.03,0.010000000000000009,1,0,1.0,1.0,0.0,0.03,2.0,1.0,1.0
qwen3-1.7b,edge_existence,0.75,components,100,0.77,0.6784543514317231,0.841568452531236,0.77,0.0,1.0,0,0.0,0,0,1.0,0.0,0.0,0.010000000000000009,1,0,1.0,1.0,0.0,0.03,0.0,1.0,1.0
qwen3-1.7b,edge_existence,0.75,all,100,0.86,0.7786263961619276,0.914737342455351,0.86,0.0,1.0,0,0.08999999999999997,10,1,0.01171875,0.03,0.15,0.09999999999999998,11,1,12.0,0.00634765625,0.04,0.16,11.0,0.0546875,0.01666259765625
qwen3-1.7b,edge_existence,0.85,none,100,0.86,0.7786263961619276,0.914737342455351,0.86,0.0,1.0,0,0.0,0,0,,,,0.010000000000000009,1,0,1.0,1.0,0.0,0.03,,,1.0
qwen3-1.7b,edge_existence,0.85,filler,100,0.85,0.7671626666784216,0.906940968088377,0.85,0.0,1.0,0,-0.010000000000000009,0,1,1.0,-0.03,0.0,0.0,0,0,,,,,1.0,1.0,
qwen3-1.7b,edge_existence,0.85,degree,100,0.88,0.8018773199709163,0.9300066263473222,0.88,0.0,1.0,0,0.020000000000000018,3,1,0.625,-0.02,0.06,0.030000000000000027,4,1,5.0,0.375,-0.01,0.08,4.0,0.9051724137931034,0.5431034482758621
qwen3-1.7b,edge_existence,0.85,clustering,100,0.86,0.7786263961619276,0.914737342455351,0.86,0.0,1.0,0,0.0,0,0,1.0,0.0,0.0,0.010000000000000009,1,0,1.0,1.0,0.0,0.03,0.0,1.0,1.0
qwen3-1.7b,edge_existence,0.85,rwse,100,0.87,0.7901947810519012,0.9224290614158575,0.87,0.0,1.0,0,0.010000000000000009,2,1,1.0,-0.02,0.04,0.020000000000000018,2,0,2.0,0.5,0.0,0.05,3.0,1.0,0.6774193548387096
qwen3-1.7b,edge_existence,0.85,components,100,0.85,0.7671626666784216,0.906940968088377,0.85,0.0,1.0,0,-0.010000000000000009,0,1,1.0,-0.03,0.0,0.0,0,0,0.0,1.0,0.0,0.0,1.0,1.0,1.0
qwen3-1.7b,edge_existence,0.85,all,100,0.89,0.8136853697209698,0.9374586804477487,0.89,0.0,1.0,0,0.030000000000000027,5,2,0.453125,-0.02,0.08,0.040000000000000036,5,1,6.0,0.21875,0.0,0.09,7.0,0.76125,0.3675
qwen3-1.7b,node_degree,0.1,none,100,0.91,0.8377362530335634,0.9519280048361151,0.91,0.0,1.0,0,0.0,0,0,,,,-0.04999999999999993,1,6,7.0,0.125,-0.1,0.0,,,0.3088235294117647
qwen3-1.7b,node_degree,0.1,filler,100,0.96,0.9016278276739262,0.984336949448152,0.96,0.0,1.0,0,0.04999999999999993,6,1,0.125,0.0,0.1,0.0,0,0,,,,,7.0,0.5574396306818182,
qwen3-1.7b,node_degree,0.1,degree,100,0.94,0.8752303146877748,0.9722142547333433,0.94,0.0,1.0,0,0.029999999999999916,5,2,0.453125,-0.02,0.08,-0.020000000000000018,0,2,2.0,0.5,-0.05,0.0,7.0,1.0,0.9130434782608695
qwen3-1.7b,node_degree,0.1,clustering,100,0.93,0.8625032899347025,0.965681175635936,0.93,0.0,1.0,0,0.020000000000000018,6,4,0.75390625,-0.04,0.08,-0.029999999999999916,1,4,5.0,0.375,-0.07,0.01,10.0,1.0,0.7159090909090909
qwen3-1.7b,node_degree,0.1,rwse,100,0.94,0.8752303146877748,0.9722142547333433,0.94,0.0,1.0,0,0.029999999999999916,6,3,0.5078125,-0.03,0.09,-0.020000000000000018,1,3,4.0,0.625,-0.06,0.01,9.0,1.0,0.984375
qwen3-1.7b,node_degree,0.1,components,100,0.92,0.8500173312059693,0.9589070305141891,0.92,0.0,1.0,0,0.010000000000000009,4,3,1.0,-0.04,0.06,-0.039999999999999925,0,4,4.0,0.125,-0.08,-0.01,7.0,1.0,0.3088235294117647
qwen3-1.7b,node_degree,0.1,all,100,0.97,0.915479219195973,0.9897456617765851,0.97,0.0,1.0,0,0.05999999999999994,9,3,0.14599609375,-0.01,0.13,0.010000000000000009,3,2,5.0,1.0,-0.03,0.06,12.0,0.5574396306818182,1.0
qwen3-1.7b,node_degree,0.2,none,100,0.8,0.7111690380734977,0.8666340774409013,0.8,0.0,1.0,0,0.0,0,0,,,,0.07000000000000006,11,4,15.0,0.11846923828125,0.0,0.15,,,0.3088235294117647
qwen3-1.7b,node_degree,0.2,filler,100,0.73,0.6356769977376873,0.8073053908233518,0.73,0.0,1.0,0,-0.07000000000000006,4,11,0.11846923828125,-0.15,0.01,0.0,0,0,,,,,15.0,0.5574396306818182,
qwen3-1.7b,node_degree,0.2,degree,100,0.9,0.8256326956323347,0.9447714583868639,0.9,0.0,1.0,0,0.09999999999999998,12,2,0.012939453125,0.03,0.17,0.17000000000000004,20,3,23.0,0.00048828125,0.09,0.26,14.0,0.11523275449289941,0.01837158203125
qwen3-1.7b,node_degree,0.2,clustering,100,0.82,0.7333246397578691,0.8829986834574896,0.82,0.0,1.0,0,0.019999999999999907,12,10,0.8318119049072266,-0.07,0.11,0.08999999999999997,20,11,31.0,0.14961278438568115,-0.02,0.2,22.0,1.0,0.34909649689992267
qwen3-1.7b,node_degree,0.2,rwse,100,0.84,0.7557955544110557,0.8990479765052628,0.84,0.0,1.0,0,0.039999999999999925,11,7,0.480682373046875,-0.04,0.12,0.10999999999999999,14,3,17.0,0.012725830078125,0.04,0.19,18.0,1.0,0.06681060791015625
qwen3-1.7b,node_degree,0.2,components,100,0.82,0.7333246397578691,0.8829986834574896,0.82,0.0,1.0,0,0.019999999999999907,7,5,0.7744140625,-0.05,0.09,0.08999999999999997,15,6,21.0,0.0783538818359375,0.0,0.18,12.0,1.0,0.2991693670099432
qwen3-1.7b,node_degree,0.2,all,100,0.9,0.8256326956323347,0.9447714583868639,0.9,0.0,1.0,0,0.09999999999999998,16,6,0.052478790283203125,0.019750000000000014,0.19,0.17000000000000004,21,4,25.0,0.0009105205535888672,0.08,0.26,22.0,0.3673515319824219,0.01837158203125
qwen3-1.7b,node_degree,0.35,none,100,0.41,0.31867157095664655,0.5079874943890338,0.41,0.0,1.0,0,0.0,0,0,,,,0.0,11,11,22.0,1.0,-0.09024999999999998,0.09,,,1.0
qwen3-1.7b,node_degree,0.35,filler,100,0.41,0.31867157095664655,0.5079874943890338,0.41,0.0,1.0,0,0.0,11,11,1.0,-0.1,0.09,0.0,0,0,,,,,22.0,1.0,
qwen3-1.7b,node_degree,0.35,degree,100,0.59,0.4920125056109662,0.6813284290433533,0.59,0.0,1.0,0,0.18,27,9,0.00393317302223295,0.06,0.29,0.18,27,9,36.0,0.00393317302223295,0.06,0.29,36.0,0.092926025390625,0.030975341796875
qwen3-1.7b,node_degree,0.35,clustering,100,0.47,0.3751065198210374,0.5671131686275227,0.47,0.0,1.0,0,0.06,21,15,0.40503224614076316,-0.06,0.18,0.06,18,12,30.0,0.361594608053565,-0.04024999999999999,0.16,36.0,0.9450752409951141,0.7159090909090909
qwen3-1.7b,node_degree,0.35,rwse,99,0.47474747474747475,0.37917288365218244,0.5722086584475127,0.47474747474747475,0.01,1.0,0,0.06060606060606061,20,14,0.39152830513194203,-0.06060606060606061,0.1717171717171717,0.07070707070707072,22,15,37.0,0.3240086000878364,-0.050505050505050504,0.1919191919191919,34.0,0.9450752409951141,0.6804180601844564
qwen3-1.7b,node_degree,0.35,components,100,0.44,0.34671865400968327,0.537720722887437,0.44,0.0,1.0,0,0.030000000000000027,13,10,0.6776394844055176,-0.06,0.12,0.030000000000000027,13,10,23.0,0.6776394844055176,-0.07,0.13,23.0,1.0,0.984375
qwen3-1.7b,node_degree,0.35,all,100,0.58,0.4820630799889527,0.672017750814887,0.58,0.0,1.0,0,0.16999999999999998,30,13,0.0137181850586785,0.05,0.29,0.16999999999999998,28,11,39.0,0.009475304279476404,0.05,0.28024999999999867,43.0,0.11523275449289941,0.056851825676858425
qwen3-1.7b,node_degree,0.5,none,100,0.3,0.21894753866228117,0.39585038432811953,0.3,0.0,1.0,0,0.0,0,0,,,,0.0,11,11,22.0,1.0,-0.09,0.09,,,1.0
qwen3-1.7b,node_degree,0.5,filler,100,0.3,0.21894753866228117,0.39585038432811953,0.3,0.0,1.0,0,0.0,11,11,1.0,-0.1,0.09,0.0,0,0,,,,,22.0,1.0,
qwen3-1.7b,node_degree,0.5,degree,100,0.29,0.21014706973984146,0.38539074940007934,0.29,0.0,1.0,0,-0.010000000000000009,13,14,1.0,-0.11,0.1,-0.010000000000000009,14,15,29.0,1.0,-0.11,0.09,27.0,1.0,1.0
qwen3-1.7b,node_degree,0.5,clustering,100,0.32,0.2366901081545688,0.4166280225367919,0.32,0.0,1.0,0,0.020000000000000018,14,12,0.8450189828872681,-0.08,0.12,0.020000000000000018,16,14,30.0,0.855535551905632,-0.08,0.12,26.0,1.0,1.0
qwen3-1.7b,node_degree,0.5,rwse,100,0.33,0.24562983793895452,0.4269483966028862,0.33,0.0,1.0,0,0.030000000000000027,16,13,0.711071103811264,-0.08,0.14,0.030000000000000027,16,13,29.0,0.711071103811264,-0.07,0.14,29.0,1.0,0.984375
qwen3-1.7b,node_degree,0.5,components,100,0.31,0.22779563206132378,0.40626239477955695,0.31,0.0,1.0,0,0.010000000000000009,12,11,1.0,-0.09,0.1,0.010000000000000009,11,10,21.0,1.0,-0.08,0.1,23.0,1.0,1.0
qwen3-1.7b,node_degree,0.5,all,100,0.38,0.2909744920013438,0.47790426179289663,0.38,0.0,1.0,0,0.08000000000000002,22,14,0.2429849540349096,-0.04,0.2,0.08000000000000002,22,14,36.0,0.2429849540349096,-0.04,0.2,36.0,0.7289548621047288,0.5371246352350634
qwen3-1.7b,node_degree,0.65,none,99,0.08080808080808081,0.041513905489623,0.15141969336531508,0.08080808080808081,0.01,1.0,0,0.0,0,0,,,,0.01010101010101011,6,5,11.0,1.0,-0.050505050505050504,0.0707070707070707,,,1.0
qwen3-1.7b,node_degree,0.65,filler,100,0.07,0.034318824364064096,0.13749671006529757,0.07,0.0,1.0,0,-0.01010101010101011,5,6,1.0,-0.07095959595959594,0.050505050505050504,0.0,0,0,,,,,11.0,1.0,
qwen3-1.7b,node_degree,0.65,degree,100,0.08,0.04109296948581091,0.14998266879403072,0.08,0.0,1.0,0,0.0,7,7,1.0,-0.07095959595959594,0.08080808080808081,0.009999999999999995,5,4,9.0,1.0,-0.05,0.07,14.0,1.0,1.0
qwen3-1.7b,node_degree,0.65,clustering,100,0.07,0.034318824364064096,0.13749671006529757,0.07,0.0,1.0,0,-0.01010101010101011,5,6,1.0,-0.0707070707070707,0.06060606060606061,0.0,5,5,10.0,1.0,-0.06,0.06,11.0,1.0,1.0
qwen3-1.7b,node_degree,0.65,rwse,100,0.07,0.034318824364064096,0.13749671006529757,0.07,0.0,1.0,0,-0.01010101010101011,4,5,1.0,-0.0707070707070707,0.050505050505050504,0.0,5,5,10.0,1.0,-0.06,0.06,9.0,1.0,1.0
qwen3-1.7b,node_degree,0.65,components,100,0.14,0.08526265754464905,0.22137360383807236,0.14,0.0,1.0,0,0.060606060606060594,9,3,0.14599609375,-0.010101010101010102,0.13131313131313133,0.07,11,4,15.0,0.11846923828125,-0.01,0.14,12.0,0.5574396306818182,0.3088235294117647
qwen3-1.7b,node_degree,0.65,all,100,0.15,0.09305903191162297,0.23283733332157835,0.15,0.0,1.0,0,0.0707070707070707,12,5,0.143463134765625,-0.010101010101010102,0.15151515151515152,0.07999999999999999,13,5,18.0,0.09625244140625,0.0,0.16,17.0,0.5574396306818182,0.3088235294117647
qwen3-1.7b,node_degree,0.75,none,100,0.16,0.10095202349473717,0.24420444558894414,0.16,0.0,1.0,0,0.0,0,0,,,,0.13,16,3,19.0,0.004425048828125,0.05,0.21,,,0.030975341796875
qwen3-1.7b,node_degree,0.75,filler,100,0.03,0.010254338223414816,0.08452078080402699,0.03,0.0,1.0,0,-0.13,3,16,0.004425048828125,-0.21,-0.05,0.0,0,0,,,,,19.0,0.092926025390625,
qwen3-1.7b,node_degree,0.75,degree,100,0.15,0.09305903191162297,0.23283733332157835,0.15,0.0,1.0,0,-0.010000000000000009,12,13,1.0,-0.1,0.09,0.12,14,2,16.0,0.004180908203125,0.05,0.2,25.0,1.0,0.030975341796875
qwen3-1.7b,node_degree,0.75,clustering,100,0.11,0.06254131955225126,0.18631463027903022,0.11,0.0,1.0,0,-0.05,8,13,0.38331031799316406,-0.14,0.04,0.08,11,3,14.0,0.057373046875,0.01,0.15,21.0,0.9450752409951141,0.240966796875
qwen3-1.7b,node_degree,0.75,rwse,100,0.05,0.02154336145631356,0.11175196527208817,0.05,0.0,1.0,0,-0.11,3,14,0.012725830078125,-0.19,-0.03,0.020000000000000004,5,3,8.0,0.7265625,-0.03,0.07,17.0,0.11523275449289941,0.984375
qwen3-1.7b,node_degree,0.75,components,100,0.12,0.06999337365267776,0.19812268002908368,0.12,0.0,1.0,0,-0.04000000000000001,4,8,0.3876953125,-0.11,0.03,0.09,11,2,13.0,0.0224609375,0.02,0.16,12.0,0.9450752409951141,0.10481770833333333
qwen3-1.7b,node_degree,0.75,all,100,0.17,0.10893476059773155,0.25548181233642975,0.17,0.0,1.0,0,0.010000000000000009,15,14,1.0,-0.1,0.11024999999999864,0.14,16,2,18.0,0.001312255859375,0.07,0.22,29.0,1.0,0.01837158203125
qwen3-1.7b,node_degree,0.85,none,100,0.05,0.02154336145631356,0.11175196527208817,0.05,0.0,1.0,0,0.0,0,0,,,,0.020000000000000004,5,3,8.0,0.7265625,-0.04,0.07024999999999865,,,0.984375
qwen3-1.7b,node_degree,0.85,filler,100,0.03,0.010254338223414816,0.08452078080402699,0.03,0.0,1.0,0,-0.020000000000000004,3,5,0.7265625,-0.08,0.03,0.0,0,0,,,,,8.0,1.0,
qwen3-1.7b,node_degree,0.85,degree,100,0.07,0.034318824364064096,0.13749671006529757,0.07,0.0,1.0,0,0.020000000000000004,7,5,0.7744140625,-0.05,0.09,0.04000000000000001,4,0,4.0,0.125,0.01,0.08,12.0,1.0,0.3088235294117647
qwen3-1.7b,node_degree,0.85,clustering,100,0.01,0.0017673865655472645,0.0544875247609346,0.01,0.0,1.0,0,-0.04,1,5,0.21875,-0.09,0.0,-0.019999999999999997,1,3,4.0,0.625,-0.06,0.02,6.0,0.7067307692307693,0.984375
qwen3-1.7b,node_degree,0.85,rwse,100,0.01,0.0017673865655472645,0.0544875247609346,0.01,0.0,1.0,0,-0.04,1,5,0.21875,-0.09,0.0,-0.019999999999999997,1,3,4.0,0.625,-0.06,0.02,6.0,0.7067307692307693,0.984375
qwen3-1.7b,node_degree,0.85,components,100,0.04,0.015663050551848016,0.09837217232607373,0.04,0.0,1.0,0,-0.010000000000000002,2,3,1.0,-0.06,0.03,0.010000000000000002,3,2,5.0,1.0,-0.03,0.06,5.0,1.0,1.0
qwen3-1.7b,node_degree,0.85,all,100,0.05,0.02154336145631356,0.11175196527208817,0.05,0.0,1.0,0,0.0,4,4,1.0,-0.05,0.05,0.020000000000000004,4,2,6.0,0.6875,-0.03,0.07,8.0,1.0,0.984375
qwen3-1.7b,connected_nodes,0.1,none,100,0.92,0.8500173312059693,0.9589070305141891,0.970008547008547,0.0,1.0,0,0.0,0,0,,,,0.0,7,7,14.0,1.0,-0.07024999999999999,0.07,,,1.0
qwen3-1.7b,connected_nodes,0.1,filler,100,0.92,0.8500173312059693,0.9589070305141891,0.9685363247863248,0.0,1.0,0,0.0,7,7,1.0,-0.07,0.07,0.0,0,0,,,,,14.0,1.0,
qwen3-1.7b,connected_nodes,0.1,degree,100,0.97,0.915479219195973,0.9897456617765851,0.978,0.0,1.0,0,0.04999999999999993,7,2,0.1796875,-0.01,0.11,0.04999999999999993,5,0,5.0,0.0625,0.01,0.1,9.0,0.71875,0.1179962891798753
qwen3-1.7b,connected_nodes,0.1,clustering,100,0.9,0.8256326956323347,0.9447714583868639,0.9604218559218558,0.0,1.0,0,-0.020000000000000018,6,8,0.79052734375,-0.09,0.06,-0.020000000000000018,4,6,10.0,0.75390625,-0.08,0.04,14.0,1.0,0.929296875
qwen3-1.7b,connected_nodes,0.1,rwse,100,0.98,0.9299868370580063,0.9944981477650318,0.9892307692307692,0.0,1.0,0,0.05999999999999994,7,1,0.0703125,0.01,0.12,0.05999999999999994,6,0,6.0,0.03125,0.02,0.11,8.0,0.421875,0.08333333333333333
qwen3-1.7b,connected_nodes,0.1,components,100,0.92,0.8500173312059693,0.9589070305141891,0.9776312021312021,0.0,1.0,0,0.0,3,3,1.0,-0.05,0.05,0.0,6,6,12.0,1.0,-0.07,0.07,6.0,1.0,1.0
qwen3-1.7b,connected_nodes,0.1,all,99,0.9090909090909091,0.8361842304768151,0.9514347875081247,0.9599705305587659,0.01,1.0,0,-0.02020202020202022,5,7,0.7744140625,-0.09090909090909091,0.050505050505050504,-0.02020202020202022,5,7,12.0,0.7744140625,-0.09090909090909091,0.050505050505050504,12.0,1.0,0.929296875
qwen3-1.7b,connected_nodes,0.2,none,100,0.91,0.8377362530335634,0.9519280048361151,0.9869608169608171,0.0,1.0,0,0.0,0,0,,,,0.050000000000000044,8,3,11.0,0.2265625,-0.01,0.12,,,0.33984375
qwen3-1.7b,connected_nodes,0.2,filler,100,0.86,0.7786263961619276,0.914737342455351,0.9820239950108371,0.0,1.0,0,-0.050000000000000044,3,8,0.2265625,-0.11,0.01,0.0,0,0,,,,,11.0,0.7767857142857143,
qwen3-1.7b,connected_nodes,0.2,degree,100,0.92,0.8500173312059693,0.9589070305141891,0.9925871311500601,0.0,1.0,0,0.010000000000000009,6,5,1.0,-0.05,0.07,0.06000000000000005,9,3,12.0,0.14599609375,0.0,0.13,11.0,1.0,0.23359375
qwen3-1.7b,connected_nodes,0.2,clustering,100,0.9,0.8256326956323347,0.9447714583868639,0.9896671949481547,0.0,1.0,0,-0.010000000000000009,6,7,1.0,-0.08,0.06,0.040000000000000036,9,5,14.0,0.4239501953125,-0.03,0.11,13.0,1.0,0.5652669270833334
qwen3-1.7b,connected_nodes,0.2,rwse,100,0.86,0.7786263961619276,0.914737342455351,0.9852874175875723,0.0,1.0,0,-0.050000000000000044,4,9,0.266845703125,-0.12,0.02,0.0,5,5,10.0,1.0,-0.06,0.06,13.0,0.800537109375,1.0
qwen3-1.7b,connected_nodes,0.2,components,100,0.9,0.8256326956323347,0.9447714583868639,0.9823744229626583,0.0,1.0,0,-0.010000000000000009,3,4,1.0,-0.06,0.04,0.040000000000000036,8,4,12.0,0.3876953125,-0.03,0.11,7.0,1.0,0.5473345588235294
qwen3-1.7b,connected_nodes,0.2,all,100,0.84,0.7557955544110557,0.8990479765052628,0.9779183750695395,0.0,1.0,0,-0.07000000000000006,6,13,0.1670684814453125,-0.15,0.01,-0.020000000000000018,9,11,20.0,0.8238029479980469,-0.11,0.06,19.0,0.71875,0.9414890834263393
qwen3-1.7b,connected_nodes,0.35,none,100,0.59,0.4920125056109662,0.6813284290433533,0.9685655134586325,0.0,1.0,0,0.0,0,0,,,,0.09999999999999998,16,6,22.0,0.052478790283203125,0.01,0.19,,,0.11449917879971591
qwen3-1.7b,connected_nodes,0.35,filler,100,0.49,0.3942183009238615,0.5865215952256586,0.9574937567185303,0.0,1.0,0,-0.09999999999999998,6,16,0.052478790283203125,-0.2,-0.01,0.0,0,0,,,,,22.0,0.421875,
qwen3-1.7b,connected_nodes,0.35,degree,100,0.64,0.542352199811621,0.7272892540950986,0.9781835803842975,0.0,1.0,0,0.050000000000000044,16,11,0.44206833839416504,-0.05,0.15,0.15000000000000002,20,5,25.0,0.004077315330505371,0.06,0.24,27.0,1.0,0.024463891983032227
qwen3-1.7b,connected_nodes,0.35,clustering,100,0.63,0.5322034757513312,0.7181778743049083,0.9745576072009761,0.0,1.0,0,0.040000000000000036,15,11,0.557197093963623,-0.06,0.14,0.14,16,2,18.0,0.001312255859375,0.07,0.22,26.0,1.0,0.0157470703125
qwen3-1.7b,connected_nodes,0.35,rwse,100,0.61,0.5120283616749817,0.699832780680298,0.9561281049370934,0.0,1.0,0,0.020000000000000018,15,13,0.8505540192127228,-0.08,0.12,0.12,18,6,24.0,0.022655844688415527,0.03,0.22,28.0,1.0,0.06796753406524658
qwen3-1.7b,connected_nodes,0.35,components,100,0.64,0.542352199811621,0.7272892540950986,0.9678418913997237,0.0,1.0,0,0.050000000000000044,14,9,0.4048728942871094,-0.04,0.15,0.15000000000000002,20,5,25.0,0.004077315330505371,0.05,0.24,23.0,1.0,0.024463891983032227
qwen3-1.7b,connected_nodes,0.35,all,100,0.74,0.6462882736813838,0.8159542187301354,0.9608860368337655,0.0,1.0,0,0.15000000000000002,21,6,0.005924612283706665,0.05,0.25,0.25,27,2,29.0,1.6242265701293945e-06,0.15,0.34024999999999866,27.0,0.14219069480895996,3.898143768310547e-05
qwen3-1.7b,connected_nodes,0.5,none,100,0.48,0.38464384320080547,0.5768359490982345,0.9627404564214893,0.0,1.0,0,0.0,0,0,,,,0.09999999999999998,17,7,24.0,0.06391465663909912,0.01,0.2,,,0.1179962891798753
qwen3-1.7b,connected_nodes,0.5,filler,100,0.38,0.2909744920013438,0.47790426179289663,0.9416478924544179,0.0,1.0,0,-0.09999999999999998,7,17,0.06391465663909912,-0.19,-0.01,0.0,0,0,,,,,24.0,0.421875,
qwen3-1.7b,connected_nodes,0.5,degree,100,0.51,0.4134784047743415,0.6057816990761385,0.9689248738944509,0.0,1.0,0,0.030000000000000027,13,10,0.6776394844055176,-0.06,0.12,0.13,20,7,27.0,0.0191572904586792,0.03,0.23,23.0,1.0,0.06796753406524658
qwen3-1.7b,connected_nodes,0.5,clustering,100,0.52,0.4231640509017654,0.6153561567991945,0.9650133920890278,0.0,1.0,0,0.040000000000000036,14,10,0.5412561893463135,-0.06,0.13,0.14,19,5,24.0,0.006610751152038574,0.05,0.23,24.0,1.0,0.031731605529785156
qwen3-1.7b,connected_nodes,0.5,rwse,100,0.49,0.3942183009238615,0.5865215952256586,0.9502976744442252,0.0,1.0,0,0.010000000000000009,15,14,1.0,-0.1,0.11,0.10999999999999999,19,8,27.0,0.052238985896110535,0.01,0.21,29.0,1.0,0.11449917879971591
qwen3-1.7b,connected_nodes,0.5,components,100,0.47,0.3751065198210374,0.5671131686275227,0.9586939401051923,0.0,1.0,0,-0.010000000000000009,9,10,1.0,-0.09,0.07,0.08999999999999997,18,9,27.0,0.12207812070846558,0.0,0.19,19.0,1.0,0.20927677835736955
qwen3-1.7b,connected_nodes,0.5,all,100,0.5,0.40382982859014716,0.5961701714098528,0.9613245743607568,0.0,1.0,0,0.020000000000000018,18,16,0.8641662404406816,-0.1,0.13,0.12,18,6,24.0,0.022655844688415527,0.03,0.22,34.0,1.0,0.06796753406524658
qwen3-1.7b,edge_count,0.1,none,69,0.043478260869565216,0.014895633850267168,0.1202139738464336,0.043478260869565216,0.31,1.0,0,0.0,0,0,,,,0.03333333333333333,2,0,2.0,0.5,0.0,0.08333333333333333,,,1.0
qwen3-1.7b,edge_count,0.1,filler,85,0.0,0.0,0.04324100421424198,0.0,0.15,1.0,0,-0.03333333333333333,0,2,0.5,-0.08333333333333333,0.0,0.0,0,0,,,,,2.0,1.0,
qwen3-1.7b,edge_count,0.1,degree,90,0.06666666666666667,0.030909506550389258,0.1379026194150674,0.06666666666666667,0.1,1.0,0,0.06451612903225806,5,1,0.21875,0.0,0.14516129032258066,0.07894736842105263,6,0,6.0,0.03125,0.02631578947368421,0.14473684210526316,6.0,1.0,0.75
qwen3-1.7b,edge_count,0.1,clustering,90,0.0,0.0,0.04093706842168078,0.0,0.1,1.0,0,-0.03225806451612903,0,2,0.5,-0.08064516129032258,0.0,0.0,0,0,0.0,1.0,0.0,0.0,2.0,1.0,1.0
qwen3-1.7b,edge_count,0.1,rwse,90,0.0,0.0,0.04093706842168078,0.0,0.1,1.0,0,-0.031746031746031744,0,2,0.5,-0.07936507936507936,0.0,0.0,0,0,0.0,1.0,0.0,0.0,2.0,1.0,1.0
qwen3-1.7b,edge_count,0.1,components,80,0.0,-3.469446951953614e-18,0.0458197362645751,0.0,0.2,1.0,0,-0.03571428571428571,0,2,0.5,-0.08928571428571429,0.0,0.0,0,0,0.0,1.0,0.0,0.0,2.0,1.0,1.0
qwen3-1.7b,edge_count,0.1,all,74,0.0,0.0,0.049351503566216516,0.0,0.26,1.0,0,-0.019230769230769232,0,1,1.0,-0.057692307692307696,0.0,0.0,0,0,0.0,1.0,0.0,0.0,1.0,1.0,1.0
qwen3-1.7b,edge_count,0.2,none,91,0.02197802197802198,0.006047879307120856,0.07663313830540361,0.02197802197802198,0.09,1.0,0,0.0,0,0,,,,-0.01219512195121951,1,2,3.0,1.0,-0.04908536585365852,0.024390243902439025,,,1.0
qwen3-1.7b,edge_count,0.2,filler,91,0.03296703296703297,0.01127420246334579,0.09249460784774133,0.03296703296703297,0.09,1.0,0,0.01219512195121951,2,1,1.0,-0.024390243902439025,0.06097560975609756,0.0,0,0,,,,,3.0,1.0,
qwen3-1.7b,edge_count,0.2,degree,94,0.031914893617021274,0.01091242972824407,0.0896746416197306,0.031914893617021274,0.06,1.0,0,0.011627906976744186,3,2,1.0,-0.046511627906976744,0.05813953488372093,0.0,2,2,4.0,1.0,-0.047058823529411764,0.047058823529411764,5.0,1.0,1.0
qwen3-1.7b,edge_count,0.2,clustering,97,0.030927835051546393,0.010573153364052894,0.08702149011641547,0.030927835051546393,0.03,1.0,0,0.011235955056179775,3,2,1.0,-0.033707865168539325,0.056179775280898875,-0.01136363636363636,0,1,1.0,1.0,-0.03409090909090909,0.0,5.0,1.0,1.0
qwen3-1.7b,edge_count,0.2,rwse,91,0.02197802197802198,0.006047879307120856,0.07663313830540361,0.02197802197802198,0.09,1.0,0,0.0,2,2,1.0,-0.047619047619047616,0.047619047619047616,-0.011904761904761904,1,2,3.0,1.0,-0.047619047619047616,0.023809523809523808,4.0,1.0,1.0
qwen3-1.7b,edge_count,0.2,components,80,0.0125,0.002209918618306224,0.06746432423965451,0.0125,0.2,1.0,0,-0.0136986301369863,1,2,1.0,-0.0684931506849315,0.0273972602739726,-0.013513513513513514,1,2,3.0,1.0,-0.05405405405405406,0.02702702702702703,3.0,1.0,1.0
qwen3-1.7b,edge_count,0.2,all,91,0.01098901098901099,0.0019424213233478899,0.05965080359061392,0.01098901098901099,0.09,1.0,0,-0.012048192771084338,1,2,1.0,-0.04819277108433735,0.024096385542168676,-0.024390243902439022,1,3,4.0,0.625,-0.07317073170731707,0.024390243902439025,3.0,1.0,1.0
qwen3-1.7b,edge_count,0.35,none,50,0.0,0.0,0.07135003417431873,0.0,0.5,1.0,0,0.0,0,0,,,,0.0,0,0,0.0,1.0,0.0,0.0,,,1.0
qwen3-1.7b,edge_count,0.35,filler,60,0.0,-6.938893903907228e-18,0.06017393047793289,0.0,0.4,1.0,0,0.0,0,0,1.0,0.0,0.0,0.0,0,0,,,,,0.0,1.0,
qwen3-1.7b,edge_count,0.35,degree,98,0.01020408163265306,0.0018035013277367812,0.055556163092303754,0.01020408163265306,0.02,1.0,0,0.0,0,0,1.0,0.0,0.0,0.017241379310344827,1,0,1.0,1.0,0.0,0.05172413793103448,0.0,1.0,1.0
qwen3-1.7b,edge_count,0.35,clustering,74,0.0,0.0,0.049351503566216516,0.0,0.26,1.0,0,0.0,0,0,1.0,0.0,0.0,0.0,0,0,0.0,1.0,0.0,0.0,0.0,1.0,1.0
qwen3-1.7b,edge_count,0.35,rwse,79,0.0,-3.469446951953614e-18,0.04637283683559951,0.0,0.21,1.0,0,0.0,0,0,1.0,0.0,0.0,0.0,0,0,0.0,1.0,0.0,0.0,0.0,1.0,1.0
qwen3-1.7b,edge_count,0.35,components,67,0.0,0.0,0.05422802421176257,0.0,0.33,1.0,0,0.0,0,0,1.0,0.0,0.0,0.0,0,0,0.0,1.0,0.0,0.0,0.0,1.0,1.0
qwen3-1.7b,edge_count,0.35,all,67,0.05970149253731343,0.023458971433043548,0.1436970498877623,0.05970149253731343,0.33,1.0,0,0.1111111111111111,4,0,0.125,0.027777777777777776,0.2222222222222222,0.04878048780487805,2,0,2.0,0.5,0.0,0.12195121951219512,4.0,1.0,1.0
qwen3-1.7b,edge_count,0.5,none,71,0.0,0.0,0.05132974174790491,0.0,0.29,1.0,0,0.0,0,0,,,,0.0,0,0,0.0,1.0,0.0,0.0,,,1.0
qwen3-1.7b,edge_count,0.5,filler,59,0.0,0.0,0.061131479784092065,0.0,0.41,1.0,0,0.0,0,0,1.0,0.0,0.0,0.0,0,0,,,,,0.0,1.0,
qwen3-1.7b,edge_count,0.5,degree,80,0.0875,0.04303145464743989,0.1697698277708346,0.0875,0.2,1.0,0,0.08928571428571429,5,0,0.0625,0.017857142857142856,0.17857142857142858,0.1,5,0,5.0,0.0625,0.02,0.18,5.0,1.0,0.75
qwen3-1.7b,edge_count,0.5,clustering,67,0.0,0.0,0.05422802421176257,0.0,0.33,1.0,0,0.0,0,0,1.0,0.0,0.0,0.0,0,0,0.0,1.0,0.0,0.0,0.0,1.0,1.0
qwen3-1.7b,edge_count,0.5,rwse,68,0.0,0.0,0.05347319658804926,0.0,0.32,1.0,0,0.0,0,0,1.0,0.0,0.0,0.0,0,0,0.0,1.0,0.0,0.0,0.0,1.0,1.0
qwen3-1.7b,edge_count,0.5,components,64,0.0,0.0,0.056626022971156334,0.0,0.36,1.0,0,0.0,0,0,1.0,0.0,0.0,0.0,0,0,0.0,1.0,0.0,0.0,0.0,1.0,1.0
qwen3-1.7b,edge_count,0.5,all,56,0.05357142857142857,0.01838544792866792,0.14607539536429218,0.05357142857142857,0.44,1.0,0,0.075,3,0,0.25,0.0,0.175,0.09090909090909091,3,0,3.0,0.25,0.0,0.18257575757575345,3.0,1.0,1.0
qwen3-1.7b-think,node_count,0.1,none,98,1.0,0.9622786759045421,1.0000000000000002,1.0,0.02,1.0,1,0.0,0,0,,,,0.0,0,0,0.0,1.0,0.0,0.0,,,1.0
qwen3-1.7b-think,node_count,0.1,filler,100,1.0,0.9630051925239981,0.9999999999999999,1.0,0.0,1.0,1,0.0,0,0,1.0,0.0,0.0,0.0,0,0,,,,,0.0,1.0,
qwen3-1.7b-think,node_count,0.1,degree,99,0.98989898989899,0.944983344585968,0.9982147386799481,0.98989898989899,0.01,1.0,1,-0.010309278350515427,0,1,1.0,-0.030927835051546393,0.0,-0.010101010101010055,0,1,1.0,1.0,-0.030303030303030304,0.0,1.0,1.0,1.0
qwen3-1.7b-think,node_count,0.1,clustering,100,1.0,0.9630051925239981,0.9999999999999999,1.0,0.0,1.0,1,0.0,0,0,1.0,0.0,0.0,0.0,0,0,0.0,1.0,0.0,0.0,0.0,1.0,1.0
qwen3-1.7b-think,node_count,0.1,rwse,100,1.0,0.9630051925239981,0.9999999999999999,1.0,0.0,1.0,1,0.0,0,0,1.0,0.0,0.0,0.0,0,0,0.0,1.0,0.0,0.0,0.0,1.0,1.0
qwen3-1.7b-think,node_count,0.1,components,96,1.0,0.9615230525151842,1.0000000000000002,1.0,0.04,1.0,1,0.0,0,0,1.0,0.0,0.0,0.0,0,0,0.0,1.0,0.0,0.0,0.0,1.0,1.0
qwen3-1.7b-think,node_count,0.1,all,100,1.0,0.9630051925239981,0.9999999999999999,1.0,0.0,1.0,1,0.0,0,0,1.0,0.0,0.0,0.0,0,0,0.0,1.0,0.0,0.0,0.0,1.0,1.0
qwen3-1.7b-think,node_count,0.2,none,97,1.0,0.9619046107955446,0.9999999999999999,1.0,0.03,1.0,1,0.0,0,0,,,,0.0,0,0,0.0,1.0,0.0,0.0,,,1.0
qwen3-1.7b-think,node_count,0.2,filler,100,1.0,0.9630051925239981,0.9999999999999999,1.0,0.0,1.0,1,0.0,0,0,1.0,0.0,0.0,0.0,0,0,,,,,0.0,1.0,
qwen3-1.7b-think,node_count,0.2,degree,99,1.0,0.9626454664260378,1.0,1.0,0.01,1.0,1,0.0,0,0,1.0,0.0,0.0,0.0,0,0,0.0,1.0,0.0,0.0,0.0,1.0,1.0
qwen3-1.7b-think,node_count,0.2,clustering,100,1.0,0.9630051925239981,0.9999999999999999,1.0,0.0,1.0,1,0.0,0,0,1.0,0.0,0.0,0.0,0,0,0.0,1.0,0.0,0.0,0.0,1.0,1.0
qwen3-1.7b-think,node_count,0.2,rwse,100,1.0,0.9630051925239981,0.9999999999999999,1.0,0.0,1.0,1,0.0,0,0,1.0,0.0,0.0,0.0,0,0,0.0,1.0,0.0,0.0,0.0,1.0,1.0
qwen3-1.7b-think,node_count,0.2,components,94,0.9893617021276596,0.9421756818388973,0.9981196526609477,0.9893617021276596,0.06,1.0,1,-0.01098901098901095,0,1,1.0,-0.03296703296703297,0.0,-0.010638297872340385,0,1,1.0,1.0,-0.031914893617021274,0.0,1.0,1.0,1.0
qwen3-1.7b-think,node_count,0.2,all,100,1.0,0.9630051925239981,0.9999999999999999,1.0,0.0,1.0,1,0.0,0,0,1.0,0.0,0.0,0.0,0,0,0.0,1.0,0.0,0.0,0.0,1.0,1.0
qwen3-1.7b-think,node_count,0.35,none,83,1.0,0.9557631365612795,1.0000000000000002,1.0,0.17,1.0,1,0.0,0,0,,,,0.0,0,0,0.0,1.0,0.0,0.0,,,1.0
qwen3-1.7b-think,node_count,0.35,filler,100,1.0,0.9630051925239981,0.9999999999999999,1.0,0.0,1.0,1,0.0,0,0,1.0,0.0,0.0,0.0,0,0,,,,,0.0,1.0,
qwen3-1.7b-think,node_count,0.35,degree,95,0.9789473684210527,0.9264573686165072,0.9942076145484762,0.9789473684210527,0.05,1.0,1,-0.012658227848101222,0,1,1.0,-0.0379746835443038,0.0,-0.021052631578947323,0,2,2.0,0.5,-0.05263157894736842,0.0,1.0,1.0,1.0
qwen3-1.7b-think,node_count,0.35,clustering,100,1.0,0.9630051925239981,0.9999999999999999,1.0,0.0,1.0,1,0.0,0,0,1.0,0.0,0.0,0.0,0,0,0.0,1.0,0.0,0.0,0.0,1.0,1.0
qwen3-1.7b-think,node_count,0.35,rwse,100,1.0,0.9630051925239981,0.9999999999999999,1.0,0.0,1.0,1,0.0,0,0,1.0,0.0,0.0,0.0,0,0,0.0,1.0,0.0,0.0,0.0,1.0,1.0
qwen3-1.7b-think,node_count,0.35,components,95,1.0,0.9611337736337738,1.0000000000000002,1.0,0.05,1.0,1,0.0,0,0,1.0,0.0,0.0,0.0,0,0,0.0,1.0,0.0,0.0,0.0,1.0,1.0
qwen3-1.7b-think,node_count,0.35,all,100,1.0,0.9630051925239981,0.9999999999999999,1.0,0.0,1.0,1,0.0,0,0,1.0,0.0,0.0,0.0,0,0,0.0,1.0,0.0,0.0,0.0,1.0,1.0
qwen3-1.7b-think,node_count,0.5,none,91,0.945054945054945,0.8777503545818438,0.9763052497099437,0.945054945054945,0.09,1.0,1,0.0,0,0,,,,-0.05494505494505497,0,5,5.0,0.0625,-0.0989010989010989,-0.01098901098901099,,,1.0
qwen3-1.7b-think,node_count,0.5,filler,100,1.0,0.9630051925239981,0.9999999999999999,1.0,0.0,1.0,1,0.05494505494505497,5,0,0.0625,0.01098901098901099,0.09917582417582267,0.0,0,0,,,,,5.0,0.3,
qwen3-1.7b-think,node_count,0.5,degree,96,1.0,0.9615230525151842,1.0000000000000002,1.0,0.04,1.0,1,0.05681818181818177,5,0,0.0625,0.011363636363636364,0.11363636363636363,0.0,0,0,0.0,1.0,0.0,0.0,5.0,0.3,1.0
qwen3-1.7b-think,node_count,0.5,clustering,100,1.0,0.9630051925239981,0.9999999999999999,1.0,0.0,1.0,1,0.05494505494505497,5,0,0.0625,0.01098901098901099,0.09917582417582267,0.0,0,0,0.0,1.0,0.0,0.0,5.0,0.3,1.0
qwen3-1.7b-think,node_count,0.5,rwse,100,1.0,0.9630051925239981,0.9999999999999999,1.0,0.0,1.0,1,0.05494505494505497,5,0,0.0625,0.01098901098901099,0.09917582417582267,0.0,0,0,0.0,1.0,0.0,0.0,5.0,0.3,1.0
qwen3-1.7b-think,node_count,0.5,components,86,1.0,0.9572402984808819,1.0,1.0,0.14,1.0,1,0.05128205128205132,4,0,0.125,0.01282051282051282,0.10256410256410256,0.0,0,0,0.0,1.0,0.0,0.0,4.0,0.5,1.0
qwen3-1.7b-think,node_count,0.5,all,100,1.0,0.9630051925239981,0.9999999999999999,1.0,0.0,1.0,1,0.05494505494505497,5,0,0.0625,0.01098901098901099,0.09917582417582267,0.0,0,0,0.0,1.0,0.0,0.0,5.0,0.3,1.0
qwen3-1.7b-think,cycle_check,0.1,none,99,1.0,0.9626454664260378,1.0,1.0,0.01,1.0,1,0.0,0,0,,,,0.0,0,0,0.0,1.0,0.0,0.0,,,1.0
qwen3-1.7b-think,cycle_check,0.1,filler,100,1.0,0.9630051925239981,0.9999999999999999,1.0,0.0,1.0,1,0.0,0,0,1.0,0.0,0.0,0.0,0,0,,,,,0.0,1.0,
qwen3-1.7b-think,cycle_check,0.1,degree,88,1.0,0.9581714604275188,1.0,1.0,0.12,1.0,1,0.0,0,0,1.0,0.0,0.0,0.0,0,0,0.0,1.0,0.0,0.0,0.0,1.0,1.0
qwen3-1.7b-think,cycle_check,0.1,clustering,99,1.0,0.9626454664260378,1.0,1.0,0.01,1.0,1,0.0,0,0,1.0,0.0,0.0,0.0,0,0,0.0,1.0,0.0,0.0,0.0,1.0,1.0
qwen3-1.7b-think,cycle_check,0.1,rwse,100,1.0,0.9630051925239981,0.9999999999999999,1.0,0.0,1.0,1,0.0,0,0,1.0,0.0,0.0,0.0,0,0,0.0,1.0,0.0,0.0,0.0,1.0,1.0
qwen3-1.7b-think,cycle_check,0.1,components,86,1.0,0.9572402984808819,1.0,1.0,0.14,1.0,1,0.0,0,0,1.0,0.0,0.0,0.0,0,0,0.0,1.0,0.0,0.0,0.0,1.0,1.0
qwen3-1.7b-think,cycle_check,0.1,all,95,1.0,0.9611337736337738,1.0000000000000002,1.0,0.05,1.0,1,0.0,0,0,1.0,0.0,0.0,0.0,0,0,0.0,1.0,0.0,0.0,0.0,1.0,1.0
qwen3-1.7b-think,cycle_check,0.2,none,98,1.0,0.9622786759045421,1.0000000000000002,1.0,0.02,1.0,1,0.0,0,0,,,,0.0,0,0,0.0,1.0,0.0,0.0,,,1.0
qwen3-1.7b-think,cycle_check,0.2,filler,100,1.0,0.9630051925239981,0.9999999999999999,1.0,0.0,1.0,1,0.0,0,0,1.0,0.0,0.0,0.0,0,0,,,,,0.0,1.0,
qwen3-1.7b-think,cycle_check,0.2,degree,73,0.9863013698630136,0.9264008673087267,0.9975778109072393,0.9863013698630136,0.27,1.0,1,-0.01388888888888884,0,1,1.0,-0.05555555555555555,0.0,-0.013698630136986356,0,1,1.0,1.0,-0.0410958904109589,0.0,1.0,1.0,1.0
qwen3-1.7b-think,cycle_check,0.2,clustering,100,1.0,0.9630051925239981,0.9999999999999999,1.0,0.0,1.0,1,0.0,0,0,1.0,0.0,0.0,0.0,0,0,0.0,1.0,0.0,0.0,0.0,1.0,1.0
qwen3-1.7b-think,cycle_check,0.2,rwse,99,1.0,0.9626454664260378,1.0,1.0,0.01,1.0,1,0.0,0,0,1.0,0.0,0.0,0.0,0,0,0.0,1.0,0.0,0.0,0.0,1.0,1.0
qwen3-1.7b-think,cycle_check,0.2,components,96,1.0,0.9615230525151842,1.0000000000000002,1.0,0.04,1.0,1,0.0,0,0,1.0,0.0,0.0,0.0,0,0,0.0,1.0,0.0,0.0,0.0,1.0,1.0
qwen3-1.7b-think,cycle_check,0.2,all,96,1.0,0.9615230525151842,1.0000000000000002,1.0,0.04,1.0,1,0.0,0,0,1.0,0.0,0.0,0.0,0,0,0.0,1.0,0.0,0.0,0.0,1.0,1.0
qwen3-1.7b-think,cycle_check,0.35,none,95,1.0,0.9611337736337738,1.0000000000000002,1.0,0.05,1.0,1,0.0,0,0,,,,0.0,0,0,0.0,1.0,0.0,0.0,,,1.0
qwen3-1.7b-think,cycle_check,0.35,filler,100,1.0,0.9630051925239981,0.9999999999999999,1.0,0.0,1.0,1,0.0,0,0,1.0,0.0,0.0,0.0,0,0,,,,,0.0,1.0,
qwen3-1.7b-think,cycle_check,0.35,degree,66,0.9848484848484849,0.9190388760177447,0.9973204284655434,0.9848484848484849,0.34,1.0,1,-0.015873015873015928,0,1,1.0,-0.047619047619047616,0.0,-0.015151515151515138,0,1,1.0,1.0,-0.045454545454545456,0.0,1.0,1.0,1.0
qwen3-1.7b-think,cycle_check,0.35,clustering,93,1.0,0.9603310973796383,0.9999999999999999,1.0,0.07,1.0,1,0.0,0,0,1.0,0.0,0.0,0.0,0,0,0.0,1.0,0.0,0.0,0.0,1.0,1.0
qwen3-1.7b-think,cycle_check,0.35,rwse,100,1.0,0.9630051925239981,0.9999999999999999,1.0,0.0,1.0,1,0.0,0,0,1.0,0.0,0.0,0.0,0,0,0.0,1.0,0.0,0.0,0.0,1.0,1.0
qwen3-1.7b-think,cycle_check,0.35,components,87,1.0,0.957711004649852,1.0,1.0,0.13,1.0,1,0.0,0,0,1.0,0.0,0.0,0.0,0,0,0.0,1.0,0.0,0.0,0.0,1.0,1.0
qwen3-1.7b-think,cycle_check,0.35,all,98,1.0,0.9622786759045421,1.0000000000000002,1.0,0.02,1.0,1,0.0,0,0,1.0,0.0,0.0,0.0,0,0,0.0,1.0,0.0,0.0,0.0,1.0,1.0
qwen3-1.7b-think,cycle_check,0.5,none,96,1.0,0.9615230525151842,1.0000000000000002,1.0,0.04,1.0,1,0.0,0,0,,,,0.0,0,0,0.0,1.0,0.0,0.0,,,1.0
qwen3-1.7b-think,cycle_check,0.5,filler,100,1.0,0.9630051925239981,0.9999999999999999,1.0,0.0,1.0,1,0.0,0,0,1.0,0.0,0.0,0.0,0,0,,,,,0.0,1.0,
qwen3-1.7b-think,cycle_check,0.5,degree,76,1.0,0.9518847317689024,0.9999999999999999,1.0,0.24,1.0,1,0.0,0,0,1.0,0.0,0.0,0.0,0,0,0.0,1.0,0.0,0.0,0.0,1.0,1.0
qwen3-1.7b-think,cycle_check,0.5,clustering,94,1.0,0.9607365374237544,1.0,1.0,0.06,1.0,1,0.0,0,0,1.0,0.0,0.0,0.0,0,0,0.0,1.0,0.0,0.0,0.0,1.0,1.0
qwen3-1.7b-think,cycle_check,0.5,rwse,98,1.0,0.9622786759045421,1.0000000000000002,1.0,0.02,1.0,1,0.0,0,0,1.0,0.0,0.0,0.0,0,0,0.0,1.0,0.0,0.0,0.0,1.0,1.0
qwen3-1.7b-think,cycle_check,0.5,components,89,1.0,0.9586219970358116,1.0,1.0,0.11,1.0,1,0.0,0,0,1.0,0.0,0.0,0.0,0,0,0.0,1.0,0.0,0.0,0.0,1.0,1.0
qwen3-1.7b-think,cycle_check,0.5,all,96,1.0,0.9615230525151842,1.0000000000000002,1.0,0.04,1.0,1,0.0,0,0,1.0,0.0,0.0,0.0,0,0,0.0,1.0,0.0,0.0,0.0,1.0,1.0
qwen3-1.7b-think,edge_existence,0.1,none,99,1.0,0.9626454664260378,1.0,1.0,0.01,1.0,0,0.0,0,0,,,,0.030303030303030276,3,0,3.0,0.25,0.0,0.0707070707070707,,,1.0
qwen3-1.7b-think,edge_existence,0.1,filler,100,0.97,0.915479219195973,0.9897456617765851,0.97,0.0,1.0,0,-0.030303030303030276,0,3,0.25,-0.0707070707070707,0.0,0.0,0,0,,,,,3.0,0.9545454545454546,
qwen3-1.7b-think,edge_existence,0.1,degree,99,0.9696969696969697,0.9146617688347427,0.9896415481109291,0.9696969696969697,0.01,1.0,0,-0.030612244897959218,0,3,0.25,-0.07142857142857142,0.0,0.0,2,2,4.0,1.0,-0.04040404040404041,0.04040404040404041,3.0,0.9545454545454546,1.0
qwen3-1.7b-think,edge_existence,0.1,clustering,99,0.9797979797979798,0.9293083037313168,0.9944423963744768,0.9797979797979798,0.01,1.0,0,-0.020408163265306145,0,2,0.5,-0.05102040816326531,0.0,0.010101010101010055,2,1,3.0,1.0,-0.020202020202020204,0.04040404040404041,2.0,1.0,1.0
qwen3-1.7b-think,edge_existence,0.1,rwse,100,1.0,0.9630051925239981,0.9999999999999999,1.0,0.0,1.0,0,0.0,0,0,1.0,0.0,0.0,0.030000000000000027,3,0,3.0,0.25,0.0,0.07,0.0,1.0,1.0
qwen3-1.7b-think,edge_existence,0.1,components,99,0.98989898989899,0.944983344585968,0.9982147386799481,0.98989898989899,0.01,1.0,0,-0.010204081632653073,0,1,1.0,-0.030612244897959183,0.0,0.02020202020202022,2,0,2.0,0.5,0.0,0.050505050505050504,1.0,1.0,1.0
qwen3-1.7b-think,edge_existence,0.1,all,100,0.96,0.9016278276739262,0.984336949448152,0.96,0.0,1.0,0,-0.04040404040404044,0,4,0.125,-0.08080808080808081,-0.010101010101010102,-0.010000000000000009,2,3,5.0,1.0,-0.05,0.03,4.0,0.9545454545454546,1.0
qwen3-1.7b-think,edge_existence,0.2,none,100,1.0,0.9630051925239981,0.9999999999999999,1.0,0.0,1.0,0,0.0,0,0,,,,0.020000000000000018,2,0,2.0,0.5,0.0,0.05,,,1.0
qwen3-1.7b-think,edge_existence,0.2,filler,100,0.98,0.9299868370580063,0.9944981477650318,0.98,0.0,1.0,0,-0.020000000000000018,0,2,0.5,-0.05,0.0,0.0,0,0,,,,,2.0,1.0,
qwen3-1.7b-think,edge_existence,0.2,degree,100,0.95,0.8882480347279118,0.9784566385436864,0.95,0.0,1.0,0,-0.050000000000000044,0,5,0.0625,-0.09024999999999998,-0.01,-0.030000000000000027,2,5,7.0,0.453125,-0.08,0.02,5.0,0.9545454545454546,1.0
qwen3-1.7b-think,edge_existence,0.2,clustering,100,0.98,0.9299868370580063,0.9944981477650318,0.98,0.0,1.0,0,-0.020000000000000018,0,2,0.5,-0.05,0.0,0.0,2,2,4.0,1.0,-0.04,0.04,2.0,1.0,1.0
qwen3-1.7b-think,edge_existence,0.2,rwse,100,0.95,0.8882480347279118,0.9784566385436864,0.95,0.0,1.0,0,-0.050000000000000044,0,5,0.0625,-0.1,-0.01,-0.030000000000000027,1,4,5.0,0.375,-0.08,0.01,5.0,0.9545454545454546,1.0
qwen3-1.7b-think,edge_existence,0.2,components,100,0.97,0.915479219195973,0.9897456617765851,0.97,0.0,1.0,0,-0.030000000000000027,0,3,0.25,-0.07,0.0,-0.010000000000000009,2,3,5.0,1.0,-0.05,0.03,3.0,0.9545454545454546,1.0
qwen3-1.7b-think,edge_existence,0.2,all,100,0.96,0.9016278276739262,0.984336949448152,0.96,0.0,1.0,0,-0.040000000000000036,0,4,0.125,-0.08,-0.01,-0.020000000000000018,2,4,6.0,0.6875,-0.07,0.03,4.0,0.9545454545454546,1.0
qwen3-1.7b-think,edge_existence,0.35,none,100,0.97,0.915479219195973,0.9897456617765851,0.97,0.0,1.0,0,0.0,0,0,,,,-0.030000000000000027,0,3,3.0,0.25,-0.07,0.0,,,1.0
qwen3-1.7b-think,edge_existence,0.35,filler,100,1.0,0.9630051925239981,0.9999999999999999,1.0,0.0,1.0,0,0.030000000000000027,3,0,0.25,0.0,0.07,0.0,0,0,,,,,3.0,0.9545454545454546,
qwen3-1.7b-think,edge_existence,0.35,degree,100,0.97,0.915479219195973,0.9897456617765851,0.97,0.0,1.0,0,0.0,2,2,1.0,-0.04,0.04,-0.030000000000000027,0,3,3.0,0.25,-0.07,0.0,4.0,1.0,1.0
qwen3-1.7b-think,edge_existence,0.35,clustering,100,0.99,0.9455124752390653,0.9982326134344526,0.99,0.0,1.0,0,0.020000000000000018,2,0,0.5,0.0,0.05,-0.010000000000000009,0,1,1.0,1.0,-0.03,0.0,2.0,1.0,1.0
qwen3-1.7b-think,edge_existence,0.35,rwse,100,0.97,0.915479219195973,0.9897456617765851,0.97,0.0,1.0,0,0.0,3,3,1.0,-0.05,0.05,-0.030000000000000027,0,3,3.0,0.25,-0.07,0.0,6.0,1.0,1.0
qwen3-1.7b-think,edge_existence,0.35,components,100,0.98,0.9299868370580063,0.9944981477650318,0.98,0.0,1.0,0,0.010000000000000009,3,2,1.0,-0.03,0.05,-0.020000000000000018,0,2,2.0,0.5,-0.05,0.0,5.0,1.0,1.0
qwen3-1.7b-think,edge_existence,0.35,all,100,0.97,0.915479219195973,0.9897456617765851,0.97,0.0,1.0,0,0.0,2,2,1.0,-0.04,0.04,-0.030000000000000027,0,3,3.0,0.25,-0.07,0.0,4.0,1.0,1.0
qwen3-1.7b-think,edge_existence,0.5,none,100,1.0,0.9630051925239981,0.9999999999999999,1.0,0.0,1.0,0,0.0,0,0,,,,0.010000000000000009,1,0,1.0,1.0,0.0,0.03,,,1.0
qwen3-1.7b-think,edge_existence,0.5,filler,100,0.99,0.9455124752390653,0.9982326134344526,0.99,0.0,1.0,0,-0.010000000000000009,0,1,1.0,-0.03,0.0,0.0,0,0,,,,,1.0,1.0,
qwen3-1.7b-think,edge_existence,0.5,degree,99,0.98989898989899,0.944983344585968,0.9982147386799481,0.98989898989899,0.01,1.0,0,-0.010101010101010055,0,1,1.0,-0.030303030303030304,0.0,0.0,1,1,2.0,1.0,-0.030303030303030304,0.030303030303030304,1.0,1.0,1.0
qwen3-1.7b-think,edge_existence,0.5,clustering,100,0.98,0.9299868370580063,0.9944981477650318,0.98,0.0,1.0,0,-0.020000000000000018,0,2,0.5,-0.05,0.0,-0.010000000000000009,1,2,3.0,1.0,-0.05,0.02,2.0,1.0,1.0
qwen3-1.7b-think,edge_existence,0.5,rwse,99,1.0,0.9626454664260378,1.0,1.0,0.01,1.0,0,0.0,0,0,1.0,0.0,0.0,0.010101010101010055,1,0,1.0,1.0,0.0,0.030303030303030304,0.0,1.0,1.0
qwen3-1.7b-think,edge_existence,0.5,components,100,1.0,0.9630051925239981,0.9999999999999999,1.0,0.0,1.0,0,0.0,0,0,1.0,0.0,0.0,0.010000000000000009,1,0,1.0,1.0,0.0,0.03,0.0,1.0,1.0
qwen3-1.7b-think,edge_existence,0.5,all,100,1.0,0.9630051925239981,0.9999999999999999,1.0,0.0,1.0,0,0.0,0,0,1.0,0.0,0.0,0.010000000000000009,1,0,1.0,1.0,0.0,0.03,0.0,1.0,1.0
qwen3-1.7b-think,edge_existence,0.65,none,100,0.99,0.9455124752390653,0.9982326134344526,0.99,0.0,1.0,0,0.0,0,0,,,,0.0,1,1,2.0,1.0,-0.03,0.03,,,1.0
qwen3-1.7b-think,edge_existence,0.65,filler,100,0.99,0.9455124752390653,0.9982326134344526,0.99,0.0,1.0,0,0.0,1,1,1.0,-0.03,0.03,0.0,0,0,,,,,2.0,1.0,
qwen3-1.7b-think,edge_existence,0.65,degree,100,1.0,0.9630051925239981,0.9999999999999999,1.0,0.0,1.0,0,0.010000000000000009,1,0,1.0,0.0,0.03,0.010000000000000009,1,0,1.0,1.0,0.0,0.03,1.0,1.0,1.0
qwen3-1.7b-think,edge_existence,0.65,clustering,100,0.99,0.9455124752390653,0.9982326134344526,0.99,0.0,1.0,0,0.0,1,1,1.0,-0.03,0.03,0.0,1,1,2.0,1.0,-0.03,0.03,2.0,1.0,1.0
qwen3-1.7b-think,edge_existence,0.65,rwse,100,1.0,0.9630051925239981,0.9999999999999999,1.0,0.0,1.0,0,0.010000000000000009,1,0,1.0,0.0,0.03,0.010000000000000009,1,0,1.0,1.0,0.0,0.03,1.0,1.0,1.0
qwen3-1.7b-think,edge_existence,0.65,components,100,0.99,0.9455124752390653,0.9982326134344526,0.99,0.0,1.0,0,0.0,1,1,1.0,-0.03,0.03,0.0,0,0,0.0,1.0,0.0,0.0,2.0,1.0,1.0
qwen3-1.7b-think,edge_existence,0.65,all,100,0.97,0.915479219195973,0.9897456617765851,0.97,0.0,1.0,0,-0.020000000000000018,1,3,0.625,-0.06,0.02,-0.020000000000000018,1,3,4.0,0.625,-0.06,0.02,4.0,1.0,1.0
qwen3-1.7b-think,edge_existence,0.75,none,100,0.98,0.9299868370580063,0.9944981477650318,0.98,0.0,1.0,0,0.0,0,0,,,,-0.010000000000000009,0,1,1.0,1.0,-0.03,0.0,,,1.0
qwen3-1.7b-think,edge_existence,0.75,filler,100,0.99,0.9455124752390653,0.9982326134344526,0.99,0.0,1.0,0,0.010000000000000009,1,0,1.0,0.0,0.03,0.0,0,0,,,,,1.0,1.0,
qwen3-1.7b-think,edge_existence,0.75,degree,100,0.98,0.9299868370580063,0.9944981477650318,0.98,0.0,1.0,0,0.0,2,2,1.0,-0.04,0.04,-0.010000000000000009,1,2,3.0,1.0,-0.05,0.02,4.0,1.0,1.0
qwen3-1.7b-think,edge_existence,0.75,clustering,100,1.0,0.9630051925239981,0.9999999999999999,1.0,0.0,1.0,0,0.020000000000000018,2,0,0.5,0.0,0.05,0.010000000000000009,1,0,1.0,1.0,0.0,0.03,2.0,1.0,1.0
qwen3-1.7b-think,edge_existence,0.75,rwse,100,0.99,0.9455124752390653,0.9982326134344526,0.99,0.0,1.0,0,0.010000000000000009,2,1,1.0,-0.02,0.05,0.0,1,1,2.0,1.0,-0.03,0.03,3.0,1.0,1.0
qwen3-1.7b-think,edge_existence,0.75,components,100,0.98,0.9299868370580063,0.9944981477650318,0.98,0.0,1.0,0,0.0,1,1,1.0,-0.03,0.03,-0.010000000000000009,0,1,1.0,1.0,-0.03,0.0,2.0,1.0,1.0
qwen3-1.7b-think,edge_existence,0.75,all,100,0.99,0.9455124752390653,0.9982326134344526,0.99,0.0,1.0,0,0.010000000000000009,2,1,1.0,-0.02,0.05,0.0,1,1,2.0,1.0,-0.03,0.03,3.0,1.0,1.0
qwen3-1.7b-think,edge_existence,0.85,none,100,1.0,0.9630051925239981,0.9999999999999999,1.0,0.0,1.0,0,0.0,0,0,,,,0.030000000000000027,3,0,3.0,0.25,0.0,0.07,,,1.0
qwen3-1.7b-think,edge_existence,0.85,filler,100,0.97,0.915479219195973,0.9897456617765851,0.97,0.0,1.0,0,-0.030000000000000027,0,3,0.25,-0.07,0.0,0.0,0,0,,,,,3.0,0.9545454545454546,
qwen3-1.7b-think,edge_existence,0.85,degree,100,0.97,0.915479219195973,0.9897456617765851,0.97,0.0,1.0,0,-0.030000000000000027,0,3,0.25,-0.07,0.0,0.0,1,1,2.0,1.0,-0.03,0.03,3.0,0.9545454545454546,1.0
qwen3-1.7b-think,edge_existence,0.85,clustering,100,0.97,0.915479219195973,0.9897456617765851,0.97,0.0,1.0,0,-0.030000000000000027,0,3,0.25,-0.07,0.0,0.0,2,2,4.0,1.0,-0.04,0.04,3.0,0.9545454545454546,1.0
qwen3-1.7b-think,edge_existence,0.85,rwse,100,0.99,0.9455124752390653,0.9982326134344526,0.99,0.0,1.0,0,-0.010000000000000009,0,1,1.0,-0.03,0.0,0.020000000000000018,2,0,2.0,0.5,0.0,0.05,1.0,1.0,1.0
qwen3-1.7b-think,edge_existence,0.85,components,100,1.0,0.9630051925239981,0.9999999999999999,1.0,0.0,1.0,0,0.0,0,0,1.0,0.0,0.0,0.030000000000000027,3,0,3.0,0.25,0.0,0.07,0.0,1.0,1.0
qwen3-1.7b-think,edge_existence,0.85,all,100,0.99,0.9455124752390653,0.9982326134344526,0.99,0.0,1.0,0,-0.010000000000000009,0,1,1.0,-0.03,0.0,0.020000000000000018,3,1,4.0,0.625,-0.02,0.06,1.0,1.0,1.0
qwen3-1.7b-think,node_degree,0.1,none,97,0.9278350515463918,0.85846672545683,0.9646062920280175,0.9278350515463918,0.03,1.0,0,0.0,0,0,,,,-0.05208333333333326,1,6,7.0,0.125,-0.10416666666666667,0.0,,,0.22826086956521738
qwen3-1.7b-think,node_degree,0.1,filler,99,0.9797979797979798,0.9293083037313168,0.9944423963744768,0.9797979797979798,0.01,1.0,0,0.05208333333333326,6,1,0.125,0.0,0.10416666666666667,0.0,0,0,,,,,7.0,0.2625,
qwen3-1.7b-think,node_degree,0.1,degree,100,0.98,0.9299868370580063,0.9944981477650318,0.98,0.0,1.0,0,0.05154639175257725,6,1,0.125,0.0,0.10309278350515463,0.0,1,1,2.0,1.0,-0.030303030303030304,0.030303030303030304,7.0,0.2625,1.0
qwen3-1.7b-think,node_degree,0.1,clustering,99,0.9494949494949495,0.887171464182119,0.9782370864433089,0.9494949494949495,0.01,1.0,0,0.02083333333333326,5,3,0.7265625,-0.041666666666666664,0.07291666666666667,-0.030612244897959107,1,4,5.0,0.375,-0.08163265306122448,0.01020408163265306,8.0,0.858525267666361,0.555139081231479
qwen3-1.7b-think,node_degree,0.1,rwse,100,0.96,0.9016278276739262,0.984336949448152,0.96,0.0,1.0,0,0.030927835051546393,5,2,0.453125,-0.020618556701030927,0.09278350515463918,-0.02020202020202022,1,3,4.0,0.625,-0.06060606060606061,0.020202020202020204,7.0,0.6415616475045681,0.7629936031546094
qwen3-1.7b-think,node_degree,0.1,components,98,0.9387755102040817,0.8728075711424848,0.9716410628145624,0.9387755102040817,0.02,1.0,0,0.021052631578947323,3,1,0.625,-0.021052631578947368,0.06315789473684211,-0.04081632653061218,2,6,8.0,0.2890625,-0.10204081632653061,0.01020408163265306,4.0,0.7954545454545454,0.46694711538461536
qwen3-1.7b-think,node_degree,0.1,all,100,0.98,0.9299868370580063,0.9944981477650318,0.98,0.0,1.0,0,0.05154639175257725,5,0,0.0625,0.010309278350515464,0.10309278350515463,0.0,1,1,2.0,1.0,-0.030303030303030304,0.030303030303030304,5.0,0.1875,1.0
qwen3-1.7b-think,node_degree,0.2,none,100,0.95,0.8882480347279118,0.9784566385436864,0.95,0.0,1.0,0,0.0,0,0,,,,0.09999999999999998,12,2,14.0,0.012939453125,0.03,0.18,,,0.033966064453125
qwen3-1.7b-think,node_degree,0.2,filler,100,0.85,0.7671626666784216,0.906940968088377,0.85,0.0,1.0,0,-0.09999999999999998,2,12,0.012939453125,-0.17,-0.03,0.0,0,0,,,,,14.0,0.04940518465909091,
qwen3-1.7b-think,node_degree,0.2,degree,98,0.9387755102040817,0.8728075711424848,0.9716410628145624,0.9387755102040817,0.02,1.0,0,-0.010204081632653073,3,4,1.0,-0.061479591836734675,0.04081632653061224,0.09183673469387754,12,3,15.0,0.03515625,0.02040816326530612,0.16326530612244897,7.0,1.0,0.08685661764705882
qwen3-1.7b-think,node_degree,0.2,clustering,100,0.97,0.915479219195973,0.9897456617765851,0.97,0.0,1.0,0,0.020000000000000018,3,1,0.625,-0.02,0.06,0.12,12,0,12.0,0.00048828125,0.06,0.19,4.0,0.7954545454545454,0.001864346590909091
qwen3-1.7b-think,node_degree,0.2,rwse,98,0.9285714285714286,0.8598383015319639,0.9649719921005007,0.9285714285714286,0.02,1.0,0,-0.020408163265306145,3,5,0.7265625,-0.07142857142857142,0.030867346938774118,0.08163265306122447,11,3,14.0,0.057373046875,0.01020408163265306,0.16326530612244897,8.0,0.858525267666361,0.13387044270833334
qwen3-1.7b-think,node_degree,0.2,components,100,0.89,0.8136853697209698,0.9374586804477487,0.89,0.0,1.0,0,-0.05999999999999994,1,7,0.0703125,-0.12,-0.01,0.040000000000000036,11,7,18.0,0.480682373046875,-0.04,0.12,8.0,0.196875,0.6308956146240234
qwen3-1.7b-think,node_degree,0.2,all,99,0.9696969696969697,0.9146617688347427,0.9896415481109291,0.9696969696969697,0.01,1.0,0,0.010101010101010166,3,2,1.0,-0.030303030303030304,0.06060606060606061,0.11111111111111116,13,2,15.0,0.00738525390625,0.04040404040404041,0.18181818181818182,5.0,1.0,0.023860051081730768
qwen3-1.7b-think,node_degree,0.35,none,100,0.6,0.5020007846184025,0.6906002538863971,0.6,0.0,1.0,0,0.0,0,0,,,,0.039999999999999925,10,6,16.0,0.454498291015625,-0.04,0.12,,,0.6157718781502016
qwen3-1.7b-think,node_degree,0.35,filler,100,0.56,0.4622792771125631,0.6532813459903167,0.56,0.0,1.0,0,-0.039999999999999925,6,10,0.454498291015625,-0.11,0.04,0.0,0,0,,,,,16.0,0.6415616475045681,
qwen3-1.7b-think,node_degree,0.35,degree,92,0.8369565217391305,0.7482697248069661,0.8986309947135762,0.8369565217391305,0.08,1.0,0,0.2282608695652174,24,3,4.9233436584472656e-05,0.13043478260869565,0.32608695652173914,0.2717391304347827,29,4,33.0,1.0928604751825333e-05,0.16304347826086957,0.3804347826086957,27.0,0.0006892681121826172,7.650023326277733e-05
qwen3-1.7b-think,node_degree,0.35,clustering,100,0.61,0.5120283616749817,0.699832780680298,0.61,0.0,1.0,0,0.010000000000000009,9,8,1.0,-0.07,0.09,0.04999999999999993,13,8,21.0,0.38331031799316406,-0.04,0.14,17.0,1.0,0.555139081231479
qwen3-1.7b-think,node_degree,0.35,rwse,100,0.65,0.5525426042919797,0.7363589534652197,0.65,0.0,1.0,0,0.050000000000000044,17,12,0.45825831964612007,-0.05,0.16,0.08999999999999997,17,8,25.0,0.10775214433670044,0.0,0.19,29.0,0.6415616475045681,0.21035158807750454
qwen3-1.7b-think,node_degree,0.35,components,100,0.62,0.5220957382071033,0.7090255079986562,0.62,0.0,1.0,0,0.020000000000000018,8,6,0.79052734375,-0.05,0.09,0.05999999999999994,15,9,24.0,0.30745625495910645,-0.04,0.16,14.0,0.8973553631756757,0.47826528549194336
qwen3-1.7b-think,node_degree,0.35,all,100,0.82,0.7333246397578691,0.8829986834574896,0.82,0.0,1.0,0,0.21999999999999997,29,7,0.00031255115754902363,0.11,0.33,0.2599999999999999,31,5,36.0,1.2913485988974571e-05,0.16,0.36,36.0,0.0026254297234117987,7.748091593384743e-05
qwen3-1.7b-think,node_degree,0.5,none,100,0.6,0.5020007846184025,0.6906002538863971,0.6,0.0,1.0,0,0.0,0,0,,,,0.04999999999999993,15,10,25.0,0.42435622215270996,-0.05,0.14024999999999865,,,0.594098711013794
qwen3-1.7b-think,node_degree,0.5,filler,100,0.55,0.45244427031643447,0.6438562489359654,0.55,0.0,1.0,0,-0.04999999999999993,10,15,0.42435622215270996,-0.15,0.05,0.0,0,0,,,,,25.0,0.6415616475045681,
qwen3-1.7b-think,node_degree,0.5,degree,89,0.8202247191011236,0.72774687912431,0.8862020403255917,0.8202247191011236,0.11,1.0,0,0.2134831460674157,26,7,0.0013187271542847157,0.0898876404494382,0.33707865168539325,0.2359550561797753,27,6,33.0,0.0003240634687244892,0.12359550561797752,0.34831460674157305,33.0,0.007912362925708294,0.0013610665686428548
qwen3-1.7b-think,node_degree,0.5,clustering,100,0.59,0.4920125056109662,0.6813284290433533,0.59,0.0,1.0,0,-0.010000000000000009,14,15,1.0,-0.12,0.09,0.039999999999999925,15,11,26.0,0.557197093963623,-0.06,0.14,29.0,1.0,0.7091599377718839
qwen3-1.7b-think,node_degree,0.5,rwse,99,0.6363636363636364,0.5381571567598795,0.7243825159017672,0.6363636363636364,0.01,1.0,0,0.04040404040404044,16,12,0.5715881884098053,-0.0707070707070707,0.15151515151515152,0.08080808080808077,15,7,22.0,0.13380050659179688,-0.010101010101010102,0.16161616161616163,28.0,0.7744098036519943,0.23415088653564453
qwen3-1.7b-think,node_degree,0.5,components,100,0.58,0.4820630799889527,0.672017750814887,0.58,0.0,1.0,0,-0.020000000000000018,9,11,0.8238029479980469,-0.11,0.07,0.029999999999999916,12,9,21.0,0.6636238098144531,-0.06,0.12,20.0,0.910519047787315,0.7742277781168619
qwen3-1.7b-think,node_degree,0.5,all,100,0.78,0.6892946528499969,0.849988254963442,0.78,0.0,1.0,0,0.18000000000000005,26,8,0.0029350556433200836,0.07,0.29,0.22999999999999998,28,5,33.0,6.618769839406013e-05,0.13,0.33,34.0,0.013696926335493723,0.0003474854165688157
qwen3-1.7b-think,node_degree,0.65,none,100,0.52,0.4231640509017654,0.6153561567991945,0.52,0.0,1.0,0,0.0,0,0,,,,0.17171717171717177,28,11,39.0,0.009475304279476404,0.050505050505050504,0.2828282828282828,,,0.028425912838429213
qwen3-1.7b-think,node_degree,0.65,filler,99,0.35353535353535354,0.2664470798753757,0.45156586430285567,0.35353535353535354,0.01,1.0,0,-0.17171717171717177,11,28,0.009475304279476404,-0.29292929292929293,-0.06060606060606061,0.0,0,0,,,,,39.0,0.0397962779738009,
qwen3-1.7b-think,node_degree,0.65,degree,86,0.7790697674418605,0.6805215998574408,0.8537520551086328,0.7790697674418605,0.14,1.0,0,0.2325581395348838,27,7,0.0008213953115046024,0.11627906976744186,0.3488372093023256,0.40697674418604657,42,7,49.0,3.6245783263666453e-07,0.27906976744186046,0.5465116279069767,34.0,0.005749767180532217,3.8058072426849776e-06
qwen3-1.7b-think,node_degree,0.65,clustering,100,0.39,0.300167219319702,0.48797163832501844,0.39,0.0,1.0,0,-0.13,14,27,0.05958388801809633,-0.25,-0.009750000000001365,0.04040404040404039,22,18,40.0,0.6358280026288412,-0.09090909090909091,0.16161616161616163,41.0,0.1875,0.7629936031546094
qwen3-1.7b-think,node_degree,0.65,rwse,100,0.43,0.3373313900052838,0.5278478830413564,0.43,0.0,1.0,0,-0.09000000000000002,13,22,0.17546524899080396,-0.21,0.03,0.08080808080808083,21,13,34.0,0.22948101302608848,-0.04040404040404041,0.1919191919191919,35.0,0.32041480250494636,0.38552810188382863
qwen3-1.7b-think,node_degree,0.65,components,99,0.45454545454545453,0.3599919588990025,0.5524948168804487,0.45454545454545453,0.01,1.0,0,-0.06060606060606061,6,12,0.237884521484375,-0.1414141414141414,0.020202020202020204,0.11224489795918369,23,12,35.0,0.0895310789346695,0.0,0.22448979591836735,18.0,0.39964599609375,0.18801526576280594
qwen3-1.7b-think,node_degree,0.65,all,100,0.82,0.7333246397578691,0.8829986834574896,0.82,0.0,1.0,0,0.29999999999999993,39,9,1.5221826110689562e-05,0.17,0.42,0.4646464646464647,50,4,54.0,3.8029690507812575e-11,0.35353535353535354,0.5757575757575758,48.0,0.0003196583483244808,7.986235006640641e-10
qwen3-1.7b-think,node_degree,0.75,none,96,0.46875,0.3720590570105098,0.5678457522072913,0.46875,0.04,1.0,0,0.0,0,0,,,,0.10526315789473684,19,9,28.0,0.08715855330228806,0.0,0.21052631578947367,,,0.18801526576280594
qwen3-1.7b-think,node_degree,0.75,filler,99,0.36363636363636365,0.27561748409823283,0.4618428432401205,0.36363636363636365,0.01,1.0,0,-0.10526315789473684,9,19,0.08715855330228806,-0.21052631578947367,0.0,0.0,0,0,,,,,28.0,0.22879120241850615,
qwen3-1.7b-think,node_degree,0.75,degree,88,0.7613636363636364,0.6625715944992514,0.8382907598151335,0.7613636363636364,0.12,1.0,0,0.25,25,4,0.00010371580719947815,0.14255952380952383,0.35714285714285715,0.3563218390804597,33,2,35.0,3.6729034036397934e-08,0.2413793103448276,0.47126436781609193,29.0,0.0010890159755945206,5.142064765095711e-07
qwen3-1.7b-think,node_degree,0.75,clustering,99,0.3838383838383838,0.29408494593454726,0.48227014772404997,0.3838383838383838,0.01,1.0,0,-0.09375,10,19,0.13604594767093658,-0.19791666666666666,0.020833333333333332,0.02040816326530609,12,10,22.0,0.8318119049072266,-0.07142857142857142,0.11224489795918367,29.0,0.27209189534187317,0.8957974360539362
qwen3-1.7b-think,node_degree,0.75,rwse,100,0.39,0.300167219319702,0.48797163832501844,0.39,0.0,1.0,0,-0.08333333333333331,11,19,0.20048842206597328,-0.19791666666666666,0.03125,0.030303030303030276,17,14,31.0,0.720100131817162,-0.08080808080808081,0.1414141414141414,30.0,0.35085473861545324,0.7959001456926528
qwen3-1.7b-think,node_degree,0.75,components,98,0.3877551020408163,0.297263154133494,0.4867151022960987,0.3877551020408163,0.02,1.0,0,-0.0736842105263158,6,13,0.1670684814453125,-0.16842105263157894,0.010526315789473684,0.02061855670103091,16,14,30.0,0.855535551905632,-0.08247422680412371,0.13402061855670103,19.0,0.3189489191228693,0.8983123295009137
qwen3-1.7b-think,node_degree,0.75,all,96,0.6979166666666666,0.5999131207004743,0.7806897542534527,0.6979166666666666,0.04,1.0,0,0.21505376344086025,31,11,0.002887247974285856,0.08602150537634409,0.34408602150537637,0.3368421052631579,38,6,44.0,9.430375484953402e-07,0.22078947368421054,0.45263157894736844,42.0,0.013696926335493723,7.921515407360858e-06
qwen3-1.7b-think,node_degree,0.85,none,99,0.42424242424242425,0.331509474444057,0.5226351518550282,0.42424242424242425,0.01,1.0,0,0.0,0,0,,,,0.101010101010101,21,11,32.0,0.11018416518345475,-0.010101010101010102,0.21212121212121213,,,0.21035158807750454
qwen3-1.7b-think,node_degree,0.85,filler,100,0.32,0.2366901081545688,0.4166280225367919,0.32,0.0,1.0,0,-0.101010101010101,11,21,0.11018416518345475,-0.2222222222222222,0.0,0.0,0,0,,,,,32.0,0.2625,
qwen3-1.7b-think,node_degree,0.85,degree,94,0.8723404255319149,0.7899995060049553,0.9254425963318832,0.8723404255319149,0.06,1.0,0,0.45161290322580644,45,3,1.312585595769633e-10,0.3333333333333333,0.5591397849462365,0.5425531914893618,55,4,59.0,1.6979681549678105e-12,0.425531914893617,0.6595744680851063,48.0,5.512859502232459e-09,7.131466250864804e-11
qwen3-1.7b-think,node_degree,0.85,clustering,100,0.35,0.2636410465347802,0.4474573957080203,0.35,0.0,1.0,0,-0.07070707070707072,15,22,0.3240086000878364,-0.20202020202020202,0.04040404040404041,0.02999999999999997,15,12,27.0,0.7011080384254456,-0.07,0.13,37.0,0.5233985078341973,0.7958523679423977
qwen3-1.7b-think,node_degree,0.85,rwse,99,0.4444444444444444,0.3504590472721702,0.5425803453471589,0.4444444444444444,0.01,1.0,0,0.030612244897959162,19,16,0.7358788008568808,-0.09183673469387756,0.15306122448979592,0.13131313131313127,18,5,23.0,0.010622024536132812,0.04040404040404041,0.2222222222222222,35.0,0.858525267666361,0.029741668701171876
qwen3-1.7b-think,node_degree,0.85,components,97,0.5257731958762887,0.4273259458893044,0.6222567660073732,0.5257731958762887,0.03,1.0,0,0.08333333333333337,14,6,0.11531829833984375,-0.010416666666666666,0.16666666666666666,0.20618556701030932,28,8,36.0,0.0011932429624721408,0.09278350515463918,0.32989690721649484,20.0,0.2625,0.004176350368652493
qwen3-1.7b-think,node_degree,0.85,all,99,0.5858585858585859,0.48739617763471826,0.6779065792263185,0.5858585858585859,0.01,1.0,0,0.163265306122449,33,17,0.032839137564268484,0.02040816326530612,0.29591836734693877,0.2626262626262626,38,12,50.0,0.00030586400160359517,0.13131313131313133,0.3840909090909077,50.0,0.11493698147493969,0.0013610665686428548
qwen3-1.7b-think,connected_nodes,0.1,none,97,0.9484536082474226,0.8849549104296393,0.9777842765725502,0.9831570491364305,0.03,1.0,0,0.0,0,0,,,,-0.010309278350515538,2,3,5.0,1.0,-0.05154639175257732,0.030927835051546393,,,1.0
qwen3-1.7b-think,connected_nodes,0.1,filler,99,0.9595959595959596,0.9006783167602219,0.9841776170253278,0.9811447811447811,0.01,1.0,0,0.010309278350515538,3,2,1.0,-0.030927835051546393,0.061855670103092786,0.0,0,0,,,,,5.0,1.0,
qwen3-1.7b-think,connected_nodes,0.1,degree,98,0.9387755102040817,0.8728075711424848,0.9716410628145624,0.9750447964733681,0.02,1.0,0,0.0,3,3,1.0,-0.052083333333333336,0.052083333333333336,-0.020408163265306034,3,5,8.0,0.7265625,-0.08163265306122448,0.030612244897959183,6.0,1.0,1.0
qwen3-1.7b-think,connected_nodes,0.1,clustering,99,0.9494949494949495,0.887171464182119,0.9782370864433089,0.9903651903651903,0.01,1.0,0,0.01041666666666674,4,3,1.0,-0.041666666666666664,0.0625,0.0,3,3,6.0,1.0,-0.05102040816326531,0.05102040816326531,7.0,1.0,1.0
qwen3-1.7b-think,connected_nodes,0.1,rwse,100,0.98,0.9299868370580063,0.9944981477650318,0.9833333333333334,0.0,1.0,0,0.04123711340206193,4,0,0.125,0.010309278350515464,0.08247422680412371,0.02020202020202022,3,1,4.0,0.625,-0.010101010101010102,0.06060606060606061,4.0,0.375,0.9435882568359375
qwen3-1.7b-think,connected_nodes,0.1,components,97,0.9587628865979382,0.8987232470071496,0.983849024753711,0.9858986374450293,0.03,1.0,0,0.021052631578947434,3,1,0.625,-0.010526315789473684,0.06315789473684211,0.0,3,3,6.0,1.0,-0.052083333333333336,0.052083333333333336,4.0,1.0,1.0
qwen3-1.7b-think,connected_nodes,0.1,all,100,1.0,0.9630051925239981,0.9999999999999999,1.0,0.0,1.0,0,0.05154639175257736,5,0,0.0625,0.010309278350515464,0.09304123711340066,0.04040404040404044,4,0,4.0,0.125,0.010101010101010102,0.08080808080808081,5.0,0.3,0.6666666666666666
qwen3-1.7b-think,connected_nodes,0.2,none,100,0.96,0.9016278276739262,0.984336949448152,0.997107671138631,0.0,1.0,0,0.0,0,0,,,,-0.02020202020202022,1,3,4.0,0.625,-0.06060606060606061,0.020202020202020204,,,0.9435882568359375
qwen3-1.7b-think,connected_nodes,0.2,filler,99,0.9797979797979798,0.9293083037313168,0.9944423963744768,0.9990643274853802,0.01,1.0,0,0.02020202020202022,3,1,0.625,-0.020202020202020204,0.06060606060606061,0.0,0,0,,,,,4.0,1.0,
qwen3-1.7b-think,connected_nodes,0.2,degree,97,0.9484536082474226,0.8849549104296393,0.9777842765725502,0.9893523440234365,0.03,1.0,0,-0.010309278350515538,1,2,1.0,-0.04149484536082473,0.020618556701030927,-0.03125,1,4,5.0,0.375,-0.08333333333333333,0.010416666666666666,3.0,1.0,0.8181818181818182
qwen3-1.7b-think,connected_nodes,0.2,clustering,100,0.96,0.9016278276739262,0.984336949448152,0.996875882012724,0.0,1.0,0,0.0,3,3,1.0,-0.05,0.05,-0.02020202020202022,0,2,2.0,0.5,-0.050505050505050504,0.0,6.0,1.0,0.9230769230769231
qwen3-1.7b-think,connected_nodes,0.2,rwse,100,0.88,0.8018773199709163,0.9300066263473222,0.9634388677198276,0.0,1.0,0,-0.07999999999999996,2,10,0.03857421875,-0.14,-0.02,-0.101010101010101,0,10,10.0,0.001953125,-0.16161616161616163,-0.04040404040404041,12.0,0.29425048828125,0.046875
qwen3-1.7b-think,connected_nodes,0.2,components,99,0.9494949494949495,0.887171464182119,0.9782370864433089,0.9904540353025202,0.01,1.0,0,-0.010101010101010055,2,3,1.0,-0.050505050505050504,0.030303030303030304,-0.030612244897959107,0,3,3.0,0.25,-0.07142857142857142,0.0,5.0,1.0,0.6666666666666666
qwen3-1.7b-think,connected_nodes,0.2,all,98,0.9591836734693877,0.899710305133373,0.984015009472839,0.9944330523277892,0.02,1.0,0,0.0,2,2,1.0,-0.04081632653061224,0.04081632653061224,-0.020618556701030855,0,2,2.0,0.5,-0.05154639175257732,0.0,4.0,1.0,0.9230769230769231
qwen3-1.7b-think,connected_nodes,0.35,none,98,0.6938775510204082,0.5967537243906448,0.7763747417764225,0.984850200805507,0.02,1.0,0,0.0,0,0,,,,-0.030612244897959218,7,10,17.0,0.629058837890625,-0.11224489795918367,0.05102040816326531,,,0.9435882568359375
qwen3-1.7b-think,connected_nodes,0.35,filler,100,0.72,0.6251178763865427,0.7986044083240164,0.983822769388025,0.0,1.0,0,0.030612244897959218,10,7,0.629058837890625,-0.05102040816326531,0.11224489795918367,0.0,0,0,,,,,17.0,1.0,
qwen3-1.7b-think,connected_nodes,0.35,degree,100,0.81,0.7222097592919214,0.8748534600729574,0.9810777431240706,0.0,1.0,0,0.13265306122448983,17,4,0.007197380065917969,0.05102040816326531,0.21428571428571427,0.09000000000000008,13,4,17.0,0.049041748046875,0.01,0.17,21.0,0.08636856079101562,0.392333984375
qwen3-1.7b-think,connected_nodes,0.35,clustering,100,0.66,0.5627754565831095,0.74538620502457,0.9732906612432747,0.0,1.0,0,-0.030612244897959218,11,14,0.6900379657745361,-0.1326530612244898,0.07142857142857142,-0.05999999999999994,6,12,18.0,0.237884521484375,-0.14,0.02,25.0,1.0,0.6666666666666666
qwen3-1.7b-think,connected_nodes,0.35,rwse,100,0.72,0.6251178763865427,0.7986044083240164,0.9714908212539624,0.0,1.0,0,0.030612244897959218,13,10,0.6776394844055176,-0.061224489795918366,0.12244897959183673,0.0,9,9,18.0,1.0,-0.08,0.08,23.0,1.0,1.0
qwen3-1.7b-think,connected_nodes,0.35,components,100,0.71,0.6146092505999207,0.7898529302601586,0.9812449978085798,0.0,1.0,0,0.020408163265306145,8,6,0.79052734375,-0.061224489795918366,0.09183673469387756,-0.010000000000000009,8,9,17.0,1.0,-0.09,0.07,14.0,1.0,1.0
qwen3-1.7b-think,connected_nodes,0.35,all,100,0.78,0.6892946528499969,0.849988254963442,0.9826372084936374,0.0,1.0,0,0.09183673469387754,13,4,0.049041748046875,0.01020408163265306,0.17346938775510204,0.06000000000000005,11,5,16.0,0.210113525390625,-0.01,0.14,17.0,0.29425048828125,0.6666666666666666
qwen3-1.7b-think,connected_nodes,0.5,none,100,0.59,0.4920125056109662,0.6813284290433533,0.977041758904126,0.0,1.0,0,0.0,0,0,,,,-0.020000000000000018,11,13,24.0,0.8388197422027588,-0.12,0.08,,,1.0
qwen3-1.7b-think,connected_nodes,0.5,filler,100,0.61,0.5120283616749817,0.699832780680298,0.9634959225353192,0.0,1.0,0,0.020000000000000018,13,11,0.8388197422027588,-0.07,0.11,0.0,0,0,,,,,24.0,1.0,
qwen3-1.7b-think,connected_nodes,0.5,degree,99,0.7575757575757576,0.6645700099444053,0.8313382606387051,0.9641912137117312,0.01,1.0,0,0.1717171717171717,23,6,0.002315700054168701,0.06060606060606061,0.2727272727272727,0.14141414141414144,20,6,26.0,0.009355306625366211,0.04040404040404041,0.2426767676767663,29.0,0.05557680130004883,0.11226367950439453
qwen3-1.7b-think,connected_nodes,0.5,clustering,100,0.67,0.5730516033971139,0.7543701620610456,0.9815498408267241,0.0,1.0,0,0.08000000000000007,18,10,0.1849333420395851,-0.02,0.18,0.06000000000000005,14,8,22.0,0.28627872467041016,-0.03,0.15,28.0,0.493155578772227,0.6870689392089844
qwen3-1.7b-think,connected_nodes,0.5,rwse,98,0.5918367346938775,0.49285190219841635,0.683893160722826,0.9311149871687353,0.02,1.0,0,0.0,11,11,1.0,-0.10204081632653061,0.09183673469387756,-0.020408163265306145,12,14,26.0,0.8450189828872681,-0.11249999999999999,0.07142857142857142,22.0,1.0,1.0
qwen3-1.7b-think,connected_nodes,0.5,components,100,0.67,0.5730516033971139,0.7543701620610456,0.9724442584575417,0.0,1.0,0,0.08000000000000007,14,6,0.11531829833984375,-0.01,0.17,0.06000000000000005,10,4,14.0,0.1795654296875,-0.01,0.13,20.0,0.375,0.6666666666666666
qwen3-1.7b-think,connected_nodes,0.5,all,99,0.6868686868686869,0.5899831082357886,0.769793480226468,0.9455015385506109,0.01,1.0,0,0.101010101010101,21,11,0.11018416518345475,-0.010101010101010102,0.21212121212121213,0.08080808080808077,17,9,26.0,0.16863754391670227,-0.020202020202020204,0.18181818181818182,32.0,0.375,0.6666666666666666
qwen3-1.7b-think,edge_count,0.1,none,50,0.96,0.8653966212204534,0.9889613473391734,0.96,0.5,1.0,0,0.0,0,0,,,,-0.04347826086956519,0,1,1.0,1.0,-0.13043478260869565,0.0,,,1.0
qwen3-1.7b-think,edge_count,0.1,filler,42,0.9285714285714286,0.8099028671147483,0.9754100364488272,0.9285714285714286,0.58,1.0,0,0.04347826086956519,1,0,1.0,0.0,0.13043478260869565,0.0,0,0,,,,,1.0,1.0,
qwen3-1.7b-think,edge_count,0.1,degree,20,0.55,0.3420820083075997,0.7418049791429071,0.55,0.8,1.0,0,-0.7,0,7,0.015625,-1.0,-0.4,-0.375,0,3,3.0,0.25,-0.75,-0.125,7.0,0.171875,1.0
qwen3-1.7b-think,edge_count,0.1,clustering,34,0.9117647058823529,0.7703918204763959,0.9695346096956899,0.9117647058823529,0.66,1.0,0,-0.10526315789473684,0,2,0.5,-0.2631578947368421,0.0,-0.11764705882352944,0,2,2.0,0.5,-0.29411764705882354,0.0,2.0,1.0,1.0
qwen3-1.7b-think,edge_count,0.1,rwse,40,0.975,0.8711834051199223,0.9955732825922052,0.975,0.6,1.0,0,-0.040000000000000036,0,1,1.0,-0.12,0.0,0.10526315789473684,2,0,2.0,0.5,0.0,0.2631578947368421,1.0,1.0,1.0
qwen3-1.7b-think,edge_count,0.1,components,44,0.9772727272727273,0.8819202086846235,0.9959768516143629,0.9772727272727273,0.56,1.0,0,0.0,0,0,1.0,0.0,0.0,0.08333333333333337,2,0,2.0,0.5,0.0,0.20833333333333334,0.0,1.0,1.0
qwen3-1.7b-think,edge_count,0.1,all,30,0.8,0.6269395261897256,0.9049502189759876,0.8,0.7,1.0,0,-0.2222222222222222,0,4,0.125,-0.4444444444444444,-0.05555555555555555,-0.5,1,6,7.0,0.125,-0.9,-0.1,4.0,0.6875,1.0
qwen3-1.7b-think,edge_count,0.2,none,23,0.6521739130434783,0.4488997690689164,0.8118894536301776,0.6521739130434783,0.77,1.0,0,0.0,0,0,,,,0.0,1,1,2.0,1.0,-0.5,0.5,,,1.0
qwen3-1.7b-think,edge_count,0.2,filler,24,0.6666666666666666,0.4670595949408046,0.8202802131162036,0.6666666666666666,0.76,1.0,0,0.0,1,1,1.0,-0.5,0.5,0.0,0,0,,,,,2.0,1.0,
qwen3-1.7b-think,edge_count,0.2,degree,23,0.6956521739130435,0.49133870939427393,0.8439617197902755,0.6956521739130435,0.77,1.0,0,-0.33333333333333337,0,1,1.0,-1.0,0.0,0.0,1,1,2.0,1.0,-0.375,0.375,1.0,1.0,1.0
qwen3-1.7b-think,edge_count,0.2,clustering,32,0.78125,0.6124466920955516,0.8897630306846815,0.78125,0.68,1.0,0,0.0,1,1,1.0,-0.75,0.75,0.1428571428571428,1,0,1.0,1.0,0.0,0.42857142857142855,2.0,1.0,1.0
qwen3-1.7b-think,edge_count,0.2,rwse,13,0.8461538461538461,0.5776482949136899,0.9567427368172621,0.8461538461538461,0.87,1.0,0,,0,0,,,,0.25,1,0,1.0,1.0,0.0,0.75,,,1.0
qwen3-1.7b-think,edge_count,0.2,components,27,0.6296296296296297,0.442289046234463,0.7846771293206314,0.6296296296296297,0.73,1.0,0,0.3333333333333333,2,0,0.5,0.0,0.6666666666666666,0.0,0,0,0.0,1.0,0.0,0.0,2.0,1.0,1.0
qwen3-1.7b-think,edge_count,0.2,all,22,0.6818181818181818,0.47318222782839336,0.8363961264530752,0.6818181818181818,0.78,1.0,0,0.33333333333333337,2,0,0.5,0.0,0.6666666666666666,0.1428571428571429,2,1,3.0,1.0,-0.2857142857142857,0.5714285714285714,2.0,1.0,1.0
qwen3-1.7b-think,edge_count,0.35,filler,2,1.0,0.34237195288961925,1.0,1.0,0.98,1.0,0,,0,0,,,,0.0,0,0,,,,,,,
qwen3-1.7b-think,edge_count,0.35,degree,17,0.7647058823529411,0.5273775411082839,0.9044511092832406,0.7647058823529411,0.83,1.0,0,,0,0,,,,,0,0,,,,,,,
qwen3-1.7b-think,edge_count,0.35,clustering,4,0.5,0.15003570882017148,0.8499642911798285,0.5,0.96,1.0,0,,0,0,,,,,0,0,,,,,,,
qwen3-1.7b-think,edge_count,0.35,all,33,0.6666666666666666,0.4960758179994997,0.8024997053219629,0.6666666666666666,0.67,1.0,0,,0,0,,,,0.0,0,0,0.0,1.0,0.0,0.0,,,1.0
qwen3-1.7b-think,edge_count,0.5,degree,16,0.625,0.3864064709793481,0.815190174452472,0.625,0.84,1.0,0,,0,0,,,,,0,0,,,,,,,
qwen3-1.7b-think,edge_count,0.5,all,37,0.5945945945945946,0.4348568313132931,0.7365370416005986,0.5945945945945946,0.63,1.0,0,,0,0,,,,,0,0,,,,,,,
qwen3-4b,node_count,0.1,none,100,0.92,0.8500173312059693,0.9589070305141891,0.92,0.0,1.0,1,0.0,0,0,,,,-0.05999999999999994,0,6,6.0,0.03125,-0.11,-0.02,,,0.375
qwen3-4b,node_count,0.1,filler,100,0.98,0.9299868370580063,0.9944981477650318,0.98,0.0,1.0,1,0.05999999999999994,6,0,0.03125,0.02,0.11,0.0,0,0,,,,,6.0,0.09375,
qwen3-4b,node_count,0.1,degree,100,0.94,0.8752303146877748,0.9722142547333433,0.94,0.0,1.0,1,0.019999999999999907,6,4,0.75390625,-0.04,0.08,-0.040000000000000036,1,5,6.0,0.21875,-0.09,0.0,10.0,1.0,1.0
qwen3-4b,node_count,0.1,clustering,100,0.97,0.915479219195973,0.9897456617765851,0.97,0.0,1.0,1,0.04999999999999993,7,2,0.1796875,0.0,0.11,-0.010000000000000009,2,3,5.0,1.0,-0.05,0.03,9.0,0.39204545454545453,1.0
qwen3-4b,node_count,0.1,rwse,100,0.98,0.9299868370580063,0.9944981477650318,0.98,0.0,1.0,1,0.05999999999999994,8,2,0.109375,0.0,0.12,0.0,2,2,4.0,1.0,-0.04,0.04,10.0,0.2916666666666667,1.0
qwen3-4b,node_count,0.1,components,100,0.97,0.915479219195973,0.9897456617765851,0.97,0.0,1.0,1,0.04999999999999993,6,1,0.125,0.0,0.1,-0.010000000000000009,1,2,3.0,1.0,-0.04,0.02,7.0,0.3,1.0
qwen3-4b,node_count,0.1,all,100,1.0,0.9630051925239981,0.9999999999999999,1.0,0.0,1.0,1,0.07999999999999996,8,0,0.0078125,0.03,0.14,0.020000000000000018,2,0,2.0,0.5,0.0,0.05,8.0,0.026785714285714284,1.0
qwen3-4b,node_count,0.2,none,100,0.69,0.5937376052204429,0.7722043679386762,0.69,0.0,1.0,1,0.0,0,0,,,,-0.31000000000000005,0,31,31.0,9.313225746154785e-10,-0.4,-0.22,,,2.2351741790771484e-08
qwen3-4b,node_count,0.2,filler,100,1.0,0.9630051925239981,0.9999999999999999,1.0,0.0,1.0,1,0.31000000000000005,31,0,9.313225746154785e-10,0.22,0.4,0.0,0,0,,,,,31.0,5.587935447692871e-09,
qwen3-4b,node_count,0.2,degree,100,0.99,0.9455124752390653,0.9982326134344526,0.99,0.0,1.0,1,0.30000000000000004,31,1,1.5366822481155396e-08,0.2,0.4,-0.010000000000000009,0,1,1.0,1.0,-0.03,0.0,32.0,6.146728992462158e-08,1.0
qwen3-4b,node_count,0.2,clustering,100,0.99,0.9455124752390653,0.9982326134344526,0.99,0.0,1.0,1,0.30000000000000004,31,1,1.5366822481155396e-08,0.2,0.4,-0.010000000000000009,0,1,1.0,1.0,-0.03,0.0,32.0,6.146728992462158e-08,1.0
qwen3-4b,node_count,0.2,rwse,100,1.0,0.9630051925239981,0.9999999999999999,1.0,0.0,1.0,1,0.31000000000000005,31,0,9.313225746154785e-10,0.22,0.4,0.0,0,0,0.0,1.0,0.0,0.0,31.0,5.587935447692871e-09,1.0
qwen3-4b,node_count,0.2,components,100,1.0,0.9630051925239981,0.9999999999999999,1.0,0.0,1.0,1,0.31000000000000005,31,0,9.313225746154785e-10,0.22,0.4,0.0,0,0,0.0,1.0,0.0,0.0,31.0,5.587935447692871e-09,1.0
qwen3-4b,node_count,0.2,all,100,1.0,0.9630051925239981,0.9999999999999999,1.0,0.0,1.0,1,0.31000000000000005,31,0,9.313225746154785e-10,0.22,0.4,0.0,0,0,0.0,1.0,0.0,0.0,31.0,5.587935447692871e-09,1.0
qwen3-4b,node_count,0.35,none,100,1.0,0.9630051925239981,0.9999999999999999,1.0,0.0,1.0,1,0.0,0,0,,,,0.0,0,0,0.0,1.0,0.0,0.0,,,1.0
qwen3-4b,node_count,0.35,filler,100,1.0,0.9630051925239981,0.9999999999999999,1.0,0.0,1.0,1,0.0,0,0,1.0,0.0,0.0,0.0,0,0,,,,,0.0,1.0,
qwen3-4b,node_count,0.35,degree,100,1.0,0.9630051925239981,0.9999999999999999,1.0,0.0,1.0,1,0.0,0,0,1.0,0.0,0.0,0.0,0,0,0.0,1.0,0.0,0.0,0.0,1.0,1.0
qwen3-4b,node_count,0.35,clustering,100,1.0,0.9630051925239981,0.9999999999999999,1.0,0.0,1.0,1,0.0,0,0,1.0,0.0,0.0,0.0,0,0,0.0,1.0,0.0,0.0,0.0,1.0,1.0
qwen3-4b,node_count,0.35,rwse,100,1.0,0.9630051925239981,0.9999999999999999,1.0,0.0,1.0,1,0.0,0,0,1.0,0.0,0.0,0.0,0,0,0.0,1.0,0.0,0.0,0.0,1.0,1.0
qwen3-4b,node_count,0.35,components,100,1.0,0.9630051925239981,0.9999999999999999,1.0,0.0,1.0,1,0.0,0,0,1.0,0.0,0.0,0.0,0,0,0.0,1.0,0.0,0.0,0.0,1.0,1.0
qwen3-4b,node_count,0.35,all,100,1.0,0.9630051925239981,0.9999999999999999,1.0,0.0,1.0,1,0.0,0,0,1.0,0.0,0.0,0.0,0,0,0.0,1.0,0.0,0.0,0.0,1.0,1.0
qwen3-4b,node_count,0.5,none,100,1.0,0.9630051925239981,0.9999999999999999,1.0,0.0,1.0,1,0.0,0,0,,,,0.0,0,0,0.0,1.0,0.0,0.0,,,1.0
qwen3-4b,node_count,0.5,filler,100,1.0,0.9630051925239981,0.9999999999999999,1.0,0.0,1.0,1,0.0,0,0,1.0,0.0,0.0,0.0,0,0,,,,,0.0,1.0,
qwen3-4b,node_count,0.5,degree,100,1.0,0.9630051925239981,0.9999999999999999,1.0,0.0,1.0,1,0.0,0,0,1.0,0.0,0.0,0.0,0,0,0.0,1.0,0.0,0.0,0.0,1.0,1.0
qwen3-4b,node_count,0.5,clustering,100,1.0,0.9630051925239981,0.9999999999999999,1.0,0.0,1.0,1,0.0,0,0,1.0,0.0,0.0,0.0,0,0,0.0,1.0,0.0,0.0,0.0,1.0,1.0
qwen3-4b,node_count,0.5,rwse,100,1.0,0.9630051925239981,0.9999999999999999,1.0,0.0,1.0,1,0.0,0,0,1.0,0.0,0.0,0.0,0,0,0.0,1.0,0.0,0.0,0.0,1.0,1.0
qwen3-4b,node_count,0.5,components,100,1.0,0.9630051925239981,0.9999999999999999,1.0,0.0,1.0,1,0.0,0,0,1.0,0.0,0.0,0.0,0,0,0.0,1.0,0.0,0.0,0.0,1.0,1.0
qwen3-4b,node_count,0.5,all,100,1.0,0.9630051925239981,0.9999999999999999,1.0,0.0,1.0,1,0.0,0,0,1.0,0.0,0.0,0.0,0,0,0.0,1.0,0.0,0.0,0.0,1.0,1.0
qwen3-4b,cycle_check,0.1,none,100,0.99,0.9455124752390653,0.9982326134344526,0.99,0.0,1.0,1,0.0,0,0,,,,0.01041666666666663,1,0,1.0,1.0,0.0,0.03125,,,1.0
qwen3-4b,cycle_check,0.1,filler,96,0.9895833333333334,0.9433324450728878,0.9981588771815634,0.9895833333333334,0.04,1.0,1,-0.01041666666666663,0,1,1.0,-0.03125,0.0,0.0,0,0,,,,,1.0,1.0,
qwen3-4b,cycle_check,0.1,degree,97,0.9896907216494846,0.9438936439364473,0.9981778821004262,0.9896907216494846,0.03,1.0,1,0.0,0,0,1.0,0.0,0.0,0.010752688172043001,1,0,1.0,1.0,0.0,0.03225806451612903,0.0,1.0,1.0
qwen3-4b,cycle_check,0.1,clustering,98,1.0,0.9622786759045421,1.0000000000000002,1.0,0.02,1.0,1,0.010204081632653073,1,0,1.0,0.0,0.030612244897959183,0.010638297872340385,1,0,1.0,1.0,0.0,0.031914893617021274,1.0,1.0,1.0
qwen3-4b,cycle_check,0.1,rwse,96,1.0,0.9615230525151842,1.0000000000000002,1.0,0.04,1.0,1,0.01041666666666663,1,0,1.0,0.0,0.03125,0.010752688172043001,1,0,1.0,1.0,0.0,0.03225806451612903,1.0,1.0,1.0
qwen3-4b,cycle_check,0.1,components,97,0.9690721649484536,0.9129785098835845,0.989426846635947,0.9690721649484536,0.03,1.0,1,-0.020618556701030966,1,3,0.625,-0.061855670103092786,0.020618556701030927,-0.021505376344086002,1,3,4.0,0.625,-0.06451612903225806,0.021505376344086023,4.0,1.0,1.0
qwen3-4b,cycle_check,0.1,all,98,1.0,0.9622786759045421,1.0000000000000002,1.0,0.02,1.0,1,0.010204081632653073,1,0,1.0,0.0,0.030612244897959183,0.010638297872340385,1,0,1.0,1.0,0.0,0.031914893617021274,1.0,1.0,1.0
qwen3-4b,cycle_check,0.2,none,97,1.0,0.9619046107955446,0.9999999999999999,1.0,0.03,1.0,1,0.0,0,0,,,,0.0,0,0,0.0,1.0,0.0,0.0,,,1.0
qwen3-4b,cycle_check,0.2,filler,100,1.0,0.9630051925239981,0.9999999999999999,1.0,0.0,1.0,1,0.0,0,0,1.0,0.0,0.0,0.0,0,0,,,,,0.0,1.0,
qwen3-4b,cycle_check,0.2,degree,100,0.99,0.9455124752390653,0.9982326134344526,0.99,0.0,1.0,1,-0.010309278350515427,0,1,1.0,-0.030927835051546393,0.0,-0.010000000000000009,0,1,1.0,1.0,-0.03,0.0,1.0,1.0,1.0
qwen3-4b,cycle_check,0.2,clustering,100,1.0,0.9630051925239981,0.9999999999999999,1.0,0.0,1.0,1,0.0,0,0,1.0,0.0,0.0,0.0,0,0,0.0,1.0,0.0,0.0,0.0,1.0,1.0
qwen3-4b,cycle_check,0.2,rwse,99,1.0,0.9626454664260378,1.0,1.0,0.01,1.0,1,0.0,0,0,1.0,0.0,0.0,0.0,0,0,0.0,1.0,0.0,0.0,0.0,1.0,1.0
qwen3-4b,cycle_check,0.2,components,97,0.9896907216494846,0.9438936439364473,0.9981778821004262,0.9896907216494846,0.03,1.0,1,-0.010638297872340385,0,1,1.0,-0.031914893617021274,0.0,-0.010309278350515427,0,1,1.0,1.0,-0.030927835051546393,0.0,1.0,1.0,1.0
qwen3-4b,cycle_check,0.2,all,100,1.0,0.9630051925239981,0.9999999999999999,1.0,0.0,1.0,1,0.0,0,0,1.0,0.0,0.0,0.0,0,0,0.0,1.0,0.0,0.0,0.0,1.0,1.0
qwen3-4b,cycle_check,0.35,none,100,1.0,0.9630051925239981,0.9999999999999999,1.0,0.0,1.0,1,0.0,0,0,,,,0.0,0,0,0.0,1.0,0.0,0.0,,,1.0
qwen3-4b,cycle_check,0.35,filler,99,1.0,0.9626454664260378,1.0,1.0,0.01,1.0,1,0.0,0,0,1.0,0.0,0.0,0.0,0,0,,,,,0.0,1.0,
qwen3-4b,cycle_check,0.35,degree,98,0.9693877551020408,0.9138283563963491,0.9895352985344453,0.9693877551020408,0.02,1.0,1,-0.030612244897959218,0,3,0.25,-0.07142857142857142,0.0,-0.030927835051546393,0,3,3.0,0.25,-0.07216494845360824,0.0,3.0,1.0,1.0
qwen3-4b,cycle_check,0.35,clustering,100,1.0,0.9630051925239981,0.9999999999999999,1.0,0.0,1.0,1,0.0,0,0,1.0,0.0,0.0,0.0,0,0,0.0,1.0,0.0,0.0,0.0,1.0,1.0
qwen3-4b,cycle_check,0.35,rwse,100,1.0,0.9630051925239981,0.9999999999999999,1.0,0.0,1.0,1,0.0,0,0,1.0,0.0,0.0,0.0,0,0,0.0,1.0,0.0,0.0,0.0,1.0,1.0
qwen3-4b,cycle_check,0.35,components,100,1.0,0.9630051925239981,0.9999999999999999,1.0,0.0,1.0,1,0.0,0,0,1.0,0.0,0.0,0.0,0,0,0.0,1.0,0.0,0.0,0.0,1.0,1.0
qwen3-4b,cycle_check,0.35,all,100,1.0,0.9630051925239981,0.9999999999999999,1.0,0.0,1.0,1,0.0,0,0,1.0,0.0,0.0,0.0,0,0,0.0,1.0,0.0,0.0,0.0,1.0,1.0
qwen3-4b,cycle_check,0.5,none,100,1.0,0.9630051925239981,0.9999999999999999,1.0,0.0,1.0,1,0.0,0,0,,,,0.0,0,0,0.0,1.0,0.0,0.0,,,1.0
qwen3-4b,cycle_check,0.5,filler,100,1.0,0.9630051925239981,0.9999999999999999,1.0,0.0,1.0,1,0.0,0,0,1.0,0.0,0.0,0.0,0,0,,,,,0.0,1.0,
qwen3-4b,cycle_check,0.5,degree,99,0.9797979797979798,0.9293083037313168,0.9944423963744768,0.9797979797979798,0.01,1.0,1,-0.02020202020202022,0,2,0.5,-0.050505050505050504,0.0,-0.02020202020202022,0,2,2.0,0.5,-0.050505050505050504,0.0,2.0,1.0,1.0
qwen3-4b,cycle_check,0.5,clustering,100,1.0,0.9630051925239981,0.9999999999999999,1.0,0.0,1.0,1,0.0,0,0,1.0,0.0,0.0,0.0,0,0,0.0,1.0,0.0,0.0,0.0,1.0,1.0
qwen3-4b,cycle_check,0.5,rwse,100,1.0,0.9630051925239981,0.9999999999999999,1.0,0.0,1.0,1,0.0,0,0,1.0,0.0,0.0,0.0,0,0,0.0,1.0,0.0,0.0,0.0,1.0,1.0
qwen3-4b,cycle_check,0.5,components,100,0.98,0.9299868370580063,0.9944981477650318,0.98,0.0,1.0,1,-0.020000000000000018,0,2,0.5,-0.05,0.0,-0.020000000000000018,0,2,2.0,0.5,-0.05,0.0,2.0,1.0,1.0
qwen3-4b,cycle_check,0.5,all,100,0.97,0.915479219195973,0.9897456617765851,0.97,0.0,1.0,1,-0.030000000000000027,0,3,0.25,-0.07,0.0,-0.030000000000000027,0,3,3.0,0.25,-0.07,0.0,3.0,1.0,1.0
qwen3-4b,edge_existence,0.1,none,100,0.96,0.9016278276739262,0.984336949448152,0.96,0.0,1.0,0,0.0,0,0,,,,0.0,1,1,2.0,1.0,-0.03,0.03,,,1.0
qwen3-4b,edge_existence,0.1,filler,100,0.96,0.9016278276739262,0.984336949448152,0.96,0.0,1.0,0,0.0,1,1,1.0,-0.03,0.03,0.0,0,0,,,,,2.0,1.0,
qwen3-4b,edge_existence,0.1,degree,100,0.99,0.9455124752390653,0.9982326134344526,0.99,0.0,1.0,0,0.030000000000000027,3,0,0.25,0.0,0.07,0.030000000000000027,3,0,3.0,0.25,0.0,0.07,3.0,0.45652173913043476,0.525
qwen3-4b,edge_existence,0.1,clustering,100,0.97,0.915479219195973,0.9897456617765851,0.97,0.0,1.0,0,0.010000000000000009,2,1,1.0,-0.02,0.04,0.010000000000000009,2,1,3.0,1.0,-0.02,0.04,3.0,1.0,1.0
qwen3-4b,edge_existence,0.1,rwse,100,0.96,0.9016278276739262,0.984336949448152,0.96,0.0,1.0,0,0.0,1,1,1.0,-0.03,0.03,0.0,1,1,2.0,1.0,-0.03,0.03,2.0,1.0,1.0
qwen3-4b,edge_existence,0.1,components,100,0.99,0.9455124752390653,0.9982326134344526,0.99,0.0,1.0,0,0.030000000000000027,3,0,0.25,0.0,0.07,0.030000000000000027,3,0,3.0,0.25,0.0,0.07,3.0,0.45652173913043476,0.525
qwen3-4b,edge_existence,0.1,all,99,0.9595959595959596,0.9006783167602219,0.9841776170253278,0.9595959595959596,0.01,1.0,0,0.0,3,3,1.0,-0.050505050505050504,0.050505050505050504,0.0,3,3,6.0,1.0,-0.050505050505050504,0.050505050505050504,6.0,1.0,1.0
qwen3-4b,edge_existence,0.2,none,100,0.93,0.8625032899347025,0.965681175635936,0.93,0.0,1.0,0,0.0,0,0,,,,0.09000000000000008,12,3,15.0,0.03515625,0.02,0.17,,,0.123046875
qwen3-4b,edge_existence,0.2,filler,100,0.84,0.7557955544110557,0.8990479765052628,0.84,0.0,1.0,0,-0.09000000000000008,3,12,0.03515625,-0.16024999999999998,-0.02,0.0,0,0,,,,,15.0,0.13423295454545456,
qwen3-4b,edge_existence,0.2,degree,99,0.9191919191919192,0.8485803066346849,0.958486094510377,0.9191919191919192,0.01,1.0,0,-0.010101010101010055,4,5,1.0,-0.0707070707070707,0.050505050505050504,0.07070707070707072,11,4,15.0,0.11846923828125,0.0,0.15151515151515152,9.0,1.0,0.3317138671875
qwen3-4b,edge_existence,0.2,clustering,100,0.98,0.9299868370580063,0.9944981477650318,0.98,0.0,1.0,0,0.04999999999999993,6,1,0.125,0.0,0.1,0.14,14,0,14.0,0.0001220703125,0.08,0.21,7.0,0.2916666666666667,0.0025634765625
qwen3-4b,edge_existence,0.2,rwse,100,0.89,0.8136853697209698,0.9374586804477487,0.89,0.0,1.0,0,-0.040000000000000036,5,9,0.4239501953125,-0.11,0.03,0.050000000000000044,12,7,19.0,0.359283447265625,-0.04,0.14,14.0,0.6594780815972222,0.656082816745924
qwen3-4b,edge_existence,0.2,components,100,0.94,0.8752303146877748,0.9722142547333433,0.94,0.0,1.0,0,0.009999999999999898,5,4,1.0,-0.05,0.07,0.09999999999999998,11,1,12.0,0.00634765625,0.04,0.17,9.0,1.0,0.028780850497159092
qwen3-4b,edge_existence,0.2,all,100,0.84,0.7557955544110557,0.8990479765052628,0.84,0.0,1.0,0,-0.09000000000000008,3,12,0.03515625,-0.16,-0.02,0.0,7,7,14.0,1.0,-0.07,0.07,15.0,0.13423295454545456,1.0
qwen3-4b,edge_existence,0.35,none,100,0.83,0.7445181876635703,0.8910652394022684,0.83,0.0,1.0,0,0.0,0,0,,,,0.07999999999999996,16,8,24.0,0.15158963203430176,-0.01,0.18,,,0.3745155614965102
qwen3-4b,edge_existence,0.35,filler,100,0.75,0.6569535362992417,0.8245490599627573,0.75,0.0,1.0,0,-0.07999999999999996,8,16,0.15158963203430176,-0.18,0.02,0.0,0,0,,,,,24.0,0.33509287081266703,
qwen3-4b,edge_existence,0.35,degree,100,0.79,0.7001985069803768,0.8583445046835422,0.79,0.0,1.0,0,-0.039999999999999925,6,10,0.454498291015625,-0.12,0.04,0.040000000000000036,12,8,20.0,0.5034446716308594,-0.05,0.13,16.0,0.6817474365234375,0.7354525862068966
qwen3-4b,edge_existence,0.35,clustering,100,0.89,0.8136853697209698,0.9374586804477487,0.89,0.0,1.0,0,0.06000000000000005,12,6,0.237884521484375,-0.02,0.14,0.14,19,5,24.0,0.006610751152038574,0.05,0.23,18.0,0.45652173913043476,0.028780850497159092
qwen3-4b,edge_existence,0.35,rwse,100,0.7,0.6041496156718804,0.7810524613377188,0.7,0.0,1.0,0,-0.13,7,20,0.0191572904586792,-0.23,-0.03,-0.050000000000000044,8,13,21.0,0.38331031799316406,-0.14,0.03,27.0,0.1149437427520752,0.6707930564880371
qwen3-4b,edge_existence,0.35,components,100,0.75,0.6569535362992417,0.8245490599627573,0.75,0.0,1.0,0,-0.07999999999999996,5,13,0.09625244140625,-0.16,0.0,0.0,11,11,22.0,1.0,-0.09,0.09,18.0,0.23780014935661764,1.0
qwen3-4b,edge_existence,0.35,all,100,0.7,0.6041496156718804,0.7810524613377188,0.7,0.0,1.0,0,-0.13,7,20,0.0191572904586792,-0.23,-0.03,-0.050000000000000044,10,15,25.0,0.42435622215270996,-0.15,0.04,27.0,0.1149437427520752,0.6854985127082238
qwen3-4b,edge_existence,0.5,none,100,0.9,0.8256326956323347,0.9447714583868639,0.9,0.0,1.0,0,0.0,0,0,,,,0.10999999999999999,13,2,15.0,0.00738525390625,0.04,0.18,,,0.028780850497159092
qwen3-4b,edge_existence,0.5,filler,100,0.79,0.7001985069803768,0.8583445046835422,0.79,0.0,1.0,0,-0.10999999999999999,2,13,0.00738525390625,-0.19,-0.04,0.0,0,0,,,,,15.0,0.0620361328125,
qwen3-4b,edge_existence,0.5,degree,99,0.7474747474747475,0.6537534716648654,0.8227074157581231,0.7474747474747475,0.01,1.0,0,-0.1515151515151515,2,17,0.000728607177734375,-0.23232323232323232,-0.0707070707070707,-0.04040404040404033,5,9,14.0,0.4239501953125,-0.1111111111111111,0.030303030303030304,19.0,0.0076503753662109375,0.6854985127082238
qwen3-4b,edge_existence,0.5,clustering,100,0.94,0.8752303146877748,0.9722142547333433,0.94,0.0,1.0,0,0.039999999999999925,8,4,0.3876953125,-0.03,0.11,0.1499999999999999,17,2,19.0,0.000728607177734375,0.07,0.23,12.0,0.6262770432692307,0.0076503753662109375
qwen3-4b,edge_existence,0.5,rwse,100,0.67,0.5730516033971139,0.7543701620610456,0.67,0.0,1.0,0,-0.22999999999999998,0,23,2.384185791015625e-07,-0.32,-0.15,-0.12,3,15,18.0,0.007537841796875,-0.2,-0.04,23.0,1.0013580322265625e-05,0.028780850497159092
qwen3-4b,edge_existence,0.5,components,100,0.83,0.7445181876635703,0.8910652394022684,0.83,0.0,1.0,0,-0.07000000000000006,3,10,0.09228515625,-0.14,0.0,0.039999999999999925,5,1,6.0,0.21875,0.0,0.09,13.0,0.23780014935661764,0.5104166666666666
qwen3-4b,edge_existence,0.5,all,100,0.73,0.6356769977376873,0.8073053908233518,0.73,0.0,1.0,0,-0.17000000000000004,2,19,0.00022125244140625,-0.26,-0.09,-0.06000000000000005,3,9,12.0,0.14599609375,-0.13,0.0,21.0,0.00464630126953125,0.3745155614965102
qwen3-4b,edge_existence,0.65,none,100,0.87,0.7901947810519012,0.9224290614158575,0.87,0.0,1.0,0,0.0,0,0,,,,0.12,12,0,12.0,0.00048828125,0.06,0.18024999999999863,,,0.0068359375
qwen3-4b,edge_existence,0.65,filler,100,0.75,0.6569535362992417,0.8245490599627573,0.75,0.0,1.0,0,-0.12,0,12,0.00048828125,-0.19,-0.06,0.0,0,0,,,,,12.0,0.0068359375,
qwen3-4b,edge_existence,0.65,degree,99,0.8181818181818182,0.7308102684012943,0.8817823011425481,0.8181818181818182,0.01,1.0,0,-0.0505050505050505,3,8,0.2265625,-0.12121212121212122,0.010101010101010102,0.07070707070707072,8,1,9.0,0.0390625,0.020202020202020204,0.13131313131313133,11.0,0.45652173913043476,0.12620192307692307
qwen3-4b,edge_existence,0.65,clustering,100,0.95,0.8882480347279118,0.9784566385436864,0.95,0.0,1.0,0,0.07999999999999996,11,3,0.057373046875,0.01,0.15,0.19999999999999996,21,1,22.0,1.0967254638671875e-05,0.12,0.28,14.0,0.18535907451923078,0.00046062469482421875
qwen3-4b,edge_existence,0.65,rwse,100,0.9,0.8256326956323347,0.9447714583868639,0.9,0.0,1.0,0,0.030000000000000027,9,6,0.60723876953125,-0.04024999999999999,0.1,0.15000000000000002,19,4,23.0,0.002599477767944336,0.06,0.24,15.0,0.879449252424569,0.02183561325073242
qwen3-4b,edge_existence,0.65,components,100,0.79,0.7001985069803768,0.8583445046835422,0.79,0.0,1.0,0,-0.07999999999999996,2,10,0.03857421875,-0.15,-0.02,0.040000000000000036,6,2,8.0,0.2890625,-0.01,0.1,12.0,0.135009765625,0.578125
qwen3-4b,edge_existence,0.65,all,100,0.88,0.8018773199709163,0.9300066263473222,0.88,0.0,1.0,0,0.010000000000000009,9,8,1.0,-0.07,0.09,0.13,17,4,21.0,0.007197380065917969,0.05,0.22,17.0,1.0,0.028780850497159092
qwen3-4b,edge_existence,0.75,none,100,0.87,0.7901947810519012,0.9224290614158575,0.87,0.0,1.0,0,0.0,0,0,,,,0.020000000000000018,5,3,8.0,0.7265625,-0.03,0.08,,,0.95361328125
qwen3-4b,edge_existence,0.75,filler,100,0.85,0.7671626666784216,0.906940968088377,0.85,0.0,1.0,0,-0.020000000000000018,3,5,0.7265625,-0.08,0.04,0.0,0,0,,,,,8.0,1.0,
qwen3-4b,edge_existence,0.75,degree,100,0.87,0.7901947810519012,0.9224290614158575,0.87,0.0,1.0,0,0.0,4,4,1.0,-0.06,0.06,0.020000000000000018,5,3,8.0,0.7265625,-0.03,0.08,8.0,1.0,0.95361328125
qwen3-4b,edge_existence,0.75,clustering,100,0.96,0.9016278276739262,0.984336949448152,0.96,0.0,1.0,0,0.08999999999999997,11,2,0.0224609375,0.02,0.16,0.10999999999999999,12,1,13.0,0.00341796875,0.04,0.18,13.0,0.117919921875,0.02392578125
qwen3-4b,edge_existence,0.75,rwse,100,0.88,0.8018773199709163,0.9300066263473222,0.88,0.0,1.0,0,0.010000000000000009,7,6,1.0,-0.06,0.08,0.030000000000000027,6,3,9.0,0.5078125,-0.03,0.09,13.0,1.0,0.7354525862068966
qwen3-4b,edge_existence,0.75,components,99,0.8888888888888888,0.8119092356335661,0.9368150160311298,0.8888888888888888,0.01,1.0,0,0.010101010101010055,6,5,1.0,-0.050505050505050504,0.0707070707070707,0.030303030303030276,6,3,9.0,0.5078125,-0.030303030303030304,0.09090909090909091,11.0,1.0,0.7354525862068966
qwen3-4b,edge_existence,0.75,all,99,0.8585858585858586,0.7765261713095185,0.9138559308748114,0.8585858585858586,0.01,1.0,0,-0.010101010101010166,3,4,1.0,-0.06060606060606061,0.04040404040404041,0.010101010101010055,3,2,5.0,1.0,-0.030303030303030304,0.050505050505050504,7.0,1.0,1.0
qwen3-4b,edge_existence,0.85,none,100,0.96,0.9016278276739262,0.984336949448152,0.96,0.0,1.0,0,0.0,0,0,,,,0.04999999999999993,5,0,5.0,0.0625,0.01,0.1,,,0.1875
qwen3-4b,edge_existence,0.85,filler,100,0.91,0.8377362530335634,0.9519280048361151,0.91,0.0,1.0,0,-0.04999999999999993,0,5,0.0625,-0.1,-0.01,0.0,0,0,,,,,5.0,0.1875,
qwen3-4b,edge_existence,0.85,degree,100,0.92,0.8500173312059693,0.9589070305141891,0.92,0.0,1.0,0,-0.039999999999999925,2,6,0.2890625,-0.1,0.01,0.010000000000000009,5,4,9.0,1.0,-0.05,0.07,8.0,0.505859375,1.0
qwen3-4b,edge_existence,0.85,clustering,100,0.95,0.8882480347279118,0.9784566385436864,0.95,0.0,1.0,0,-0.010000000000000009,4,5,1.0,-0.07,0.05,0.039999999999999925,7,3,10.0,0.34375,-0.02,0.1,9.0,1.0,0.656082816745924
qwen3-4b,edge_existence,0.85,rwse,100,0.9,0.8256326956323347,0.9447714583868639,0.9,0.0,1.0,0,-0.05999999999999994,1,7,0.0703125,-0.12,-0.01,-0.010000000000000009,3,4,7.0,1.0,-0.06,0.04,8.0,0.196875,1.0
qwen3-4b,edge_existence,0.85,components,100,0.93,0.8625032899347025,0.965681175635936,0.93,0.0,1.0,0,-0.029999999999999916,1,4,0.375,-0.08,0.01,0.020000000000000018,4,2,6.0,0.6875,-0.03,0.07,5.0,0.6262770432692307,0.95361328125
qwen3-4b,edge_existence,0.85,all,100,0.9,0.8256326956323347,0.9447714583868639,0.9,0.0,1.0,0,-0.05999999999999994,0,6,0.03125,-0.11,-0.02,-0.010000000000000009,2,3,5.0,1.0,-0.06,0.03,6.0,0.13423295454545456,1.0
qwen3-4b,node_degree,0.1,none,100,1.0,0.9630051925239981,0.9999999999999999,1.0,0.0,1.0,0,0.0,0,0,,,,0.0,0,0,0.0,1.0,0.0,0.0,,,1.0
qwen3-4b,node_degree,0.1,filler,100,1.0,0.9630051925239981,0.9999999999999999,1.0,0.0,1.0,0,0.0,0,0,1.0,0.0,0.0,0.0,0,0,,,,,0.0,1.0,
qwen3-4b,node_degree,0.1,degree,100,0.94,0.8752303146877748,0.9722142547333433,0.94,0.0,1.0,0,-0.06000000000000005,0,6,0.03125,-0.11,-0.02,-0.06000000000000005,0,6,6.0,0.03125,-0.11,-0.02,6.0,0.11931818181818182,0.13125
qwen3-4b,node_degree,0.1,clustering,100,1.0,0.9630051925239981,0.9999999999999999,1.0,0.0,1.0,0,0.0,0,0,1.0,0.0,0.0,0.0,0,0,0.0,1.0,0.0,0.0,0.0,1.0,1.0
qwen3-4b,node_degree,0.1,rwse,100,1.0,0.9630051925239981,0.9999999999999999,1.0,0.0,1.0,0,0.0,0,0,1.0,0.0,0.0,0.0,0,0,0.0,1.0,0.0,0.0,0.0,1.0,1.0
qwen3-4b,node_degree,0.1,components,100,1.0,0.9630051925239981,0.9999999999999999,1.0,0.0,1.0,0,0.0,0,0,1.0,0.0,0.0,0.0,0,0,0.0,1.0,0.0,0.0,0.0,1.0,1.0
qwen3-4b,node_degree,0.1,all,100,0.93,0.8625032899347025,0.965681175635936,0.93,0.0,1.0,0,-0.06999999999999995,0,7,0.015625,-0.12,-0.02,-0.06999999999999995,0,7,7.0,0.015625,-0.12,-0.02,7.0,0.065625,0.07291666666666667
qwen3-4b,node_degree,0.2,none,100,0.99,0.9455124752390653,0.9982326134344526,0.99,0.0,1.0,0,0.0,0,0,,,,0.0,1,1,2.0,1.0,-0.03,0.03,,,1.0
qwen3-4b,node_degree,0.2,filler,100,0.99,0.9455124752390653,0.9982326134344526,0.99,0.0,1.0,0,0.0,1,1,1.0,-0.03,0.03,0.0,0,0,,,,,2.0,1.0,
qwen3-4b,node_degree,0.2,degree,100,0.98,0.9299868370580063,0.9944981477650318,0.98,0.0,1.0,0,-0.010000000000000009,1,2,1.0,-0.04,0.02,-0.010000000000000009,1,2,3.0,1.0,-0.04,0.02,3.0,1.0,1.0
qwen3-4b,node_degree,0.2,clustering,100,1.0,0.9630051925239981,0.9999999999999999,1.0,0.0,1.0,0,0.010000000000000009,1,0,1.0,0.0,0.03,0.010000000000000009,1,0,1.0,1.0,0.0,0.03,1.0,1.0,1.0
qwen3-4b,node_degree,0.2,rwse,100,0.97,0.915479219195973,0.9897456617765851,0.97,0.0,1.0,0,-0.020000000000000018,1,3,0.625,-0.06,0.02,-0.020000000000000018,1,3,4.0,0.625,-0.06,0.02,4.0,0.9722222222222222,0.9722222222222222
qwen3-4b,node_degree,0.2,components,100,0.99,0.9455124752390653,0.9982326134344526,0.99,0.0,1.0,0,0.0,0,0,1.0,0.0,0.0,0.0,1,1,2.0,1.0,-0.03,0.03,0.0,1.0,1.0
qwen3-4b,node_degree,0.2,all,100,0.96,0.9016278276739262,0.984336949448152,0.96,0.0,1.0,0,-0.030000000000000027,1,4,0.375,-0.07,0.01,-0.030000000000000027,1,4,5.0,0.375,-0.08,0.01,5.0,0.6847826086956522,0.7159090909090909
qwen3-4b,node_degree,0.35,none,100,0.99,0.9455124752390653,0.9982326134344526,0.99,0.0,1.0,0,0.0,0,0,,,,0.0,1,1,2.0,1.0,-0.03,0.03,,,1.0
qwen3-4b,node_degree,0.35,filler,100,0.99,0.9455124752390653,0.9982326134344526,0.99,0.0,1.0,0,0.0,1,1,1.0,-0.03,0.03,0.0,0,0,,,,,2.0,1.0,
qwen3-4b,node_degree,0.35,degree,100,0.92,0.8500173312059693,0.9589070305141891,0.92,0.0,1.0,0,-0.06999999999999995,1,8,0.0390625,-0.13,-0.01,-0.06999999999999995,1,8,9.0,0.0390625,-0.13,-0.02,9.0,0.12620192307692307,0.13671875
qwen3-4b,node_degree,0.35,clustering,100,0.99,0.9455124752390653,0.9982326134344526,0.99,0.0,1.0,0,0.0,1,1,1.0,-0.03,0.03,0.0,1,1,2.0,1.0,-0.03,0.03,2.0,1.0,1.0
qwen3-4b,node_degree,0.35,rwse,100,0.96,0.9016278276739262,0.984336949448152,0.96,0.0,1.0,0,-0.030000000000000027,0,3,0.25,-0.06,0.0,-0.030000000000000027,1,4,5.0,0.375,-0.08,0.01,3.0,0.5833333333333334,0.7159090909090909
qwen3-4b,node_degree,0.35,components,100,0.99,0.9455124752390653,0.9982326134344526,0.99,0.0,1.0,0,0.0,0,0,1.0,0.0,0.0,0.0,1,1,2.0,1.0,-0.03,0.03,0.0,1.0,1.0
qwen3-4b,node_degree,0.35,all,100,0.92,0.8500173312059693,0.9589070305141891,0.92,0.0,1.0,0,-0.06999999999999995,0,7,0.015625,-0.12,-0.03,-0.06999999999999995,1,8,9.0,0.0390625,-0.13,-0.02,7.0,0.065625,0.13671875
qwen3-4b,node_degree,0.5,none,100,0.99,0.9455124752390653,0.9982326134344526,0.99,0.0,1.0,0,0.0,0,0,,,,0.020000000000000018,3,1,4.0,0.625,-0.02,0.06,,,0.9722222222222222
qwen3-4b,node_degree,0.5,filler,100,0.97,0.915479219195973,0.9897456617765851,0.97,0.0,1.0,0,-0.020000000000000018,1,3,0.625,-0.06,0.02,0.0,0,0,,,,,4.0,0.9722222222222222,
qwen3-4b,node_degree,0.5,degree,100,0.87,0.7901947810519012,0.9224290614158575,0.87,0.0,1.0,0,-0.12,1,13,0.0018310546875,-0.19,-0.05,-0.09999999999999998,2,12,14.0,0.012939453125,-0.17,-0.03,14.0,0.015380859375,0.06793212890625
qwen3-4b,node_degree,0.5,clustering,100,0.96,0.9016278276739262,0.984336949448152,0.96,0.0,1.0,0,-0.030000000000000027,1,4,0.375,-0.08,0.01,-0.010000000000000009,1,2,3.0,1.0,-0.05,0.02,5.0,0.6847826086956522,1.0
qwen3-4b,node_degree,0.5,rwse,100,0.95,0.8882480347279118,0.9784566385436864,0.95,0.0,1.0,0,-0.040000000000000036,1,5,0.21875,-0.09,0.0,-0.020000000000000018,3,5,8.0,0.7265625,-0.08,0.03,6.0,0.5404411764705882,1.0
qwen3-4b,node_degree,0.5,components,100,1.0,0.9630051925239981,0.9999999999999999,1.0,0.0,1.0,0,0.010000000000000009,1,0,1.0,0.0,0.03,0.030000000000000027,3,0,3.0,0.25,0.0,0.07,1.0,1.0,0.6176470588235294
qwen3-4b,node_degree,0.5,all,100,0.84,0.7557955544110557,0.8990479765052628,0.84,0.0,1.0,0,-0.15000000000000002,1,16,0.000274658203125,-0.23,-0.08,-0.13,0,13,13.0,0.000244140625,-0.2,-0.07,17.0,0.005767822265625,0.005126953125
qwen3-4b,node_degree,0.65,none,100,0.82,0.7333246397578691,0.8829986834574896,0.82,0.0,1.0,0,0.0,0,0,,,,-0.040000000000000036,3,7,10.0,0.34375,-0.1,0.02,,,0.7159090909090909
qwen3-4b,node_degree,0.65,filler,100,0.86,0.7786263961619276,0.914737342455351,0.86,0.0,1.0,0,0.040000000000000036,7,3,0.34375,-0.02,0.11,0.0,0,0,,,,,10.0,0.6847826086956522,
qwen3-4b,node_degree,0.65,degree,100,0.76,0.6676748127670786,0.8330878873454004,0.76,0.0,1.0,0,-0.05999999999999994,14,20,0.39152830513194203,-0.17,0.05,-0.09999999999999998,9,19,28.0,0.08715855330228806,-0.2,0.0,34.0,0.6851745339808986,0.26147565990686417
qwen3-4b,node_degree,0.65,clustering,100,0.89,0.8136853697209698,0.9374586804477487,0.89,0.0,1.0,0,0.07000000000000006,8,1,0.0390625,0.02,0.13,0.030000000000000027,7,4,11.0,0.548828125,-0.03,0.09024999999999864,9.0,0.12620192307692307,0.96044921875
qwen3-4b,node_degree,0.65,rwse,100,0.82,0.7333246397578691,0.8829986834574896,0.82,0.0,1.0,0,0.0,5,5,1.0,-0.06,0.06,-0.040000000000000036,5,9,14.0,0.4239501953125,-0.11,0.03,10.0,1.0,0.774169921875
qwen3-4b,node_degree,0.65,components,100,0.74,0.6462882736813838,0.8159542187301354,0.74,0.0,1.0,0,-0.07999999999999996,0,8,0.0078125,-0.13,-0.03,-0.12,2,14,16.0,0.004180908203125,-0.2,-0.05,8.0,0.041015625,0.0438995361328125
qwen3-4b,node_degree,0.65,all,100,0.45,0.3561437510640346,0.5475557296835656,0.45,0.0,1.0,0,-0.36999999999999994,5,42,2.4579776436439715e-08,-0.48,-0.25,-0.41,4,45,49.0,8.225455871979648e-10,-0.52,-0.3,47.0,1.032350610330468e-06,3.454691466231452e-08
qwen3-4b,node_degree,0.75,none,100,0.5,0.40382982859014716,0.5961701714098528,0.5,0.0,1.0,0,0.0,0,0,,,,0.010000000000000009,7,6,13.0,1.0,-0.06,0.08,,,1.0
qwen3-4b,node_degree,0.75,filler,100,0.49,0.3942183009238615,0.5865215952256586,0.49,0.0,1.0,0,-0.010000000000000009,6,7,1.0,-0.08,0.06,0.0,0,0,,,,,13.0,1.0,
qwen3-4b,node_degree,0.75,degree,100,0.57,0.4721521169586435,0.6626686099947162,0.57,0.0,1.0,0,0.06999999999999995,26,19,0.3712980344710104,-0.06,0.2,0.07999999999999996,29,21,50.0,0.3222363203575469,-0.06,0.22,45.0,0.6847826086956522,0.7159090909090909
qwen3-4b,node_degree,0.75,clustering,100,0.59,0.4920125056109662,0.6813284290433533,0.59,0.0,1.0,0,0.08999999999999997,15,6,0.0783538818359375,0.01,0.18,0.09999999999999998,18,8,26.0,0.07551869750022888,0.0,0.19,21.0,0.20567893981933594,0.2439834842315087
qwen3-4b,node_degree,0.75,rwse,100,0.63,0.5322034757513312,0.7181778743049083,0.63,0.0,1.0,0,0.13,17,4,0.007197380065917969,0.04,0.21024999999999863,0.14,20,6,26.0,0.009355306625366211,0.05,0.23024999999999865,21.0,0.041015625,0.057359273139809375
qwen3-4b,node_degree,0.75,components,100,0.46,0.36560643853331865,0.5573531460647615,0.46,0.0,1.0,0,-0.03999999999999998,6,10,0.454498291015625,-0.12,0.04,-0.02999999999999997,5,8,13.0,0.5810546875,-0.1,0.04,16.0,0.76355712890625,0.9722222222222222
qwen3-4b,node_degree,0.75,all,100,0.31,0.22779563206132378,0.40626239477955695,0.31,0.0,1.0,0,-0.19,13,32,0.00660882284228137,-0.32,-0.06975000000000137,-0.18,13,31,44.0,0.009559878856634896,-0.3,-0.05,45.0,0.041015625,0.057359273139809375
qwen3-4b,node_degree,0.85,none,100,0.33,0.24562983793895452,0.4269483966028862,0.33,0.0,1.0,0,0.0,0,0,,,,-0.02999999999999997,13,16,29.0,0.711071103811264,-0.14,0.08,,,1.0
qwen3-4b,node_degree,0.85,filler,100,0.36,0.2727107459049014,0.45764780018837914,0.36,0.0,1.0,0,0.02999999999999997,16,13,0.711071103811264,-0.08,0.14,0.0,0,0,,,,,29.0,1.0,
qwen3-4b,node_degree,0.85,degree,100,0.6,0.5020007846184025,0.6906002538863971,0.6,0.0,1.0,0,0.26999999999999996,42,15,0.00046000500864878946,0.14,0.41,0.24,39,15,54.0,0.0014962588853935088,0.1,0.38,57.0,0.0064400701210830524,0.020947624395509123
qwen3-4b,node_degree,0.85,clustering,100,0.51,0.4134784047743415,0.6057816990761385,0.51,0.0,1.0,0,0.18,23,5,0.0009122341871261597,0.08,0.27024999999999866,0.15000000000000002,21,6,27.0,0.005924612283706665,0.05,0.25,28.0,0.009578458964824677,0.04976674318313599
qwen3-4b,node_degree,0.85,rwse,100,0.43,0.3373313900052838,0.5278478830413564,0.43,0.0,1.0,0,0.09999999999999998,18,8,0.07551869750022888,0.0,0.2,0.07,16,9,25.0,0.2295229434967041,-0.03,0.17,26.0,0.20567893981933594,0.6024977266788483
qwen3-4b,node_degree,0.85,components,100,0.42,0.327982249185113,0.5179369200110473,0.42,0.0,1.0,0,0.08999999999999997,15,6,0.0783538818359375,0.01,0.18,0.06,16,10,26.0,0.32693958282470703,-0.04,0.16,21.0,0.20567893981933594,0.7159090909090909
qwen3-4b,node_degree,0.85,all,100,0.25,0.1754509400372426,0.3430464637007583,0.25,0.0,1.0,0,-0.08000000000000002,16,24,0.26818725105476915,-0.2,0.04,-0.10999999999999999,14,25,39.0,0.10812902140605729,-0.23,0.01,40.0,0.5928349760158055,0.3027612599369604
qwen3-4b,connected_nodes,0.1,none,100,0.93,0.8625032899347025,0.965681175635936,0.9850707070707071,0.0,1.0,0,0.0,0,0,,,,0.21000000000000008,24,3,27.0,4.9233436584472656e-05,0.12,0.3,,,0.00029540061950683594
qwen3-4b,connected_nodes,0.1,filler,100,0.72,0.6251178763865427,0.7986044083240164,0.9427376512376513,0.0,1.0,0,-0.21000000000000008,3,24,4.9233436584472656e-05,-0.3,-0.12,0.0,0,0,,,,,27.0,0.0011816024780273438,
qwen3-4b,connected_nodes,0.1,degree,100,0.86,0.7786263961619276,0.914737342455351,0.9547544677544678,0.0,1.0,0,-0.07000000000000006,2,9,0.0654296875,-0.13,-0.01,0.14,20,6,26.0,0.009355306625366211,0.04,0.23,11.0,0.130859375,0.018710613250732422
qwen3-4b,connected_nodes,0.1,clustering,100,0.85,0.7671626666784216,0.906940968088377,0.9585263625263626,0.0,1.0,0,-0.08000000000000007,1,9,0.021484375,-0.14,-0.02,0.13,17,4,21.0,0.007197380065917969,0.04,0.21,10.0,0.064453125,0.01570337468927557
qwen3-4b,connected_nodes,0.1,rwse,100,0.83,0.7445181876635703,0.8910652394022684,0.9587586857586858,0.0,1.0,0,-0.10000000000000009,4,14,0.0308837890625,-0.18,-0.02,0.10999999999999999,14,3,17.0,0.012725830078125,0.03,0.19,18.0,0.08235677083333333,0.021815708705357144
qwen3-4b,connected_nodes,0.1,components,100,1.0,0.9630051925239981,0.9999999999999999,1.0,0.0,1.0,0,0.06999999999999995,7,0,0.015625,0.02,0.12,0.28,28,0,28.0,7.450580596923828e-09,0.19,0.37,7.0,0.0625,1.7881393432617188e-07
qwen3-4b,connected_nodes,0.1,all,100,0.82,0.7333246397578691,0.8829986834574896,0.9459491619491618,0.0,1.0,0,-0.1100000000000001,3,14,0.012725830078125,-0.19,-0.03,0.09999999999999998,19,9,28.0,0.08715855330228806,0.0,0.2,17.0,0.062109375,0.11009501469762702
qwen3-4b,connected_nodes,0.2,none,100,0.88,0.8018773199709163,0.9300066263473222,0.9855737148987924,0.0,1.0,0,0.0,0,0,,,,0.14,19,5,24.0,0.006610751152038574,0.05,0.23,,,0.01570337468927557
qwen3-4b,connected_nodes,0.2,filler,100,0.74,0.6462882736813838,0.8159542187301354,0.9608578081616141,0.0,1.0,0,-0.14,5,19,0.006610751152038574,-0.23,-0.05,0.0,0,0,,,,,24.0,0.052886009216308594,
qwen3-4b,connected_nodes,0.2,degree,100,0.9,0.8256326956323347,0.9447714583868639,0.9815253090562689,0.0,1.0,0,0.020000000000000018,9,7,0.803619384765625,-0.06,0.1,0.16000000000000003,20,4,24.0,0.001543879508972168,0.07,0.25,16.0,0.867977639903193,0.004631638526916504
qwen3-4b,connected_nodes,0.2,clustering,100,0.97,0.915479219195973,0.9897456617765851,0.9975935828877005,0.0,1.0,0,0.08999999999999997,12,3,0.03515625,0.02,0.17,0.22999999999999998,25,2,27.0,5.647540092468262e-06,0.14,0.32,15.0,0.084375,4.5180320739746094e-05
qwen3-4b,connected_nodes,0.2,rwse,100,0.83,0.7445181876635703,0.8910652394022684,0.9618302296258952,0.0,1.0,0,-0.050000000000000044,7,12,0.359283447265625,-0.13,0.03,0.08999999999999997,14,5,19.0,0.063568115234375,0.0,0.18,19.0,0.5072236902573529,0.08974322150735294
qwen3-4b,connected_nodes,0.2,components,100,0.99,0.9455124752390653,0.9982326134344526,0.9988888888888888,0.0,1.0,0,0.10999999999999999,12,1,0.00341796875,0.05,0.18,0.25,26,1,27.0,4.172325134277344e-07,0.16,0.34,13.0,0.041015625,5.0067901611328125e-06
qwen3-4b,connected_nodes,0.2,all,100,0.88,0.8018773199709163,0.9300066263473222,0.9772503400639085,0.0,1.0,0,0.0,9,9,1.0,-0.08,0.08,0.14,18,4,22.0,0.004343509674072266,0.05,0.23,18.0,1.0,0.011582692464192709
qwen3-4b,connected_nodes,0.35,none,100,0.84,0.7557955544110557,0.8990479765052628,0.9848883101989588,0.0,1.0,0,0.0,0,0,,,,0.05999999999999994,13,7,20.0,0.26317596435546875,-0.03,0.15,,,0.3007725306919643
qwen3-4b,connected_nodes,0.35,filler,100,0.78,0.6892946528499969,0.849988254963442,0.9793700426637665,0.0,1.0,0,-0.05999999999999994,7,13,0.26317596435546875,-0.14,0.02,0.0,0,0,,,,,20.0,0.45115879603794645,
qwen3-4b,connected_nodes,0.35,degree,100,0.8,0.7111690380734977,0.8666340774409013,0.9826796693881092,0.0,1.0,0,-0.039999999999999925,7,11,0.480682373046875,-0.12,0.05,0.020000000000000018,14,12,26.0,0.8450189828872681,-0.07,0.12,18.0,0.6409098307291666,0.8450189828872681
qwen3-4b,connected_nodes,0.35,clustering,100,0.89,0.8136853697209698,0.9374586804477487,0.9926143766335717,0.0,1.0,0,0.050000000000000044,10,5,0.3017578125,-0.02,0.13,0.10999999999999999,16,5,21.0,0.02660369873046875,0.02,0.2,15.0,0.45263671875,0.04256591796875
qwen3-4b,connected_nodes,0.35,rwse,100,0.89,0.8136853697209698,0.9374586804477487,0.9939931635695787,0.0,1.0,0,0.050000000000000044,10,5,0.3017578125,-0.02,0.13,0.10999999999999999,14,3,17.0,0.012725830078125,0.04,0.19,15.0,0.45263671875,0.021815708705357144
qwen3-4b,connected_nodes,0.35,components,100,0.94,0.8752303146877748,0.9722142547333433,0.996369807694885,0.0,1.0,0,0.09999999999999998,12,2,0.012939453125,0.03,0.18,0.15999999999999992,18,2,20.0,0.0004024505615234375,0.08,0.25,14.0,0.062109375,0.00160980224609375
qwen3-4b,connected_nodes,0.35,all,100,0.87,0.7901947810519012,0.9224290614158575,0.991453636070635,0.0,1.0,0,0.030000000000000027,10,7,0.629058837890625,-0.05,0.11,0.08999999999999997,13,4,17.0,0.049041748046875,0.01,0.17,17.0,0.7946006373355263,0.0735626220703125
qwen3-4b,connected_nodes,0.5,none,100,0.79,0.7001985069803768,0.8583445046835422,0.9928996441635083,0.0,1.0,0,0.0,0,0,,,,0.09000000000000008,15,6,21.0,0.0783538818359375,0.01,0.18,,,0.10447184244791667
qwen3-4b,connected_nodes,0.5,filler,100,0.7,0.6041496156718804,0.7810524613377188,0.9808405487316821,0.0,1.0,0,-0.09000000000000008,6,15,0.0783538818359375,-0.18,-0.01,0.0,0,0,,,,,21.0,0.1446533203125,
qwen3-4b,connected_nodes,0.5,degree,100,0.76,0.6676748127670786,0.8330878873454004,0.9884120189794006,0.0,1.0,0,-0.030000000000000027,12,15,0.7011080384254456,-0.13,0.08,0.06000000000000005,17,11,28.0,0.34492845088243484,-0.05,0.16,27.0,0.8012663296290806,0.3599253400512364
qwen3-4b,connected_nodes,0.5,clustering,100,0.77,0.6784543514317231,0.841568452531236,0.989197131421477,0.0,1.0,0,-0.020000000000000018,10,12,0.8318119049072266,-0.11,0.07,0.07000000000000006,17,10,27.0,0.24778856337070465,-0.030249999999999985,0.17,22.0,0.867977639903193,0.2973462760448456
qwen3-4b,connected_nodes,0.5,rwse,100,0.89,0.8136853697209698,0.9374586804477487,0.9957649334431412,0.0,1.0,0,0.09999999999999998,13,3,0.021270751953125,0.02,0.18,0.19000000000000006,23,4,27.0,0.000310748815536499,0.1,0.29,16.0,0.064453125,0.0014915943145751953
qwen3-4b,connected_nodes,0.5,components,100,0.88,0.8018773199709163,0.9300066263473222,0.9951213401663681,0.0,1.0,0,0.08999999999999997,13,4,0.049041748046875,0.01,0.17,0.18000000000000005,24,6,30.0,0.001430906355381012,0.08,0.28,17.0,0.10700017755681818,0.004631638526916504
qwen3-4b,connected_nodes,0.5,all,100,0.76,0.6676748127670786,0.8330878873454004,0.9825983900221503,0.0,1.0,0,-0.030000000000000027,10,13,0.6776394844055176,-0.12024999999999998,0.06,0.06000000000000005,17,11,28.0,0.34492845088243484,-0.04024999999999999,0.16,23.0,0.8012663296290806,0.3599253400512364
qwen3-4b,edge_count,0.1,none,100,0.05,0.02154336145631356,0.11175196527208817,0.05,0.0,1.0,0,0.0,0,0,,,,-0.05,2,7,9.0,0.1796875,-0.11,0.00024999999999863575,,,0.39204545454545453
qwen3-4b,edge_count,0.1,filler,100,0.1,0.05522854161313613,0.1743673043676654,0.1,0.0,1.0,0,0.05,7,2,0.1796875,-0.01,0.11,0.0,0,0,,,,,9.0,0.4791666666666667,
qwen3-4b,edge_count,0.1,degree,97,0.27835051546391754,0.19891045889682296,0.37467821879175006,0.27835051546391754,0.03,1.0,0,0.22680412371134023,24,2,1.049041748046875e-05,0.13402061855670103,0.31958762886597936,0.1752577319587629,25,8,33.0,0.004551384132355452,0.061855670103092786,0.28865979381443296,26.0,6.29425048828125e-05,0.015604745596647263
qwen3-4b,edge_count,0.1,clustering,99,0.0,0.0,0.03735453357396229,0.0,0.01,1.0,0,-0.050505050505050504,0,5,0.0625,-0.10101010101010101,-0.010101010101010102,-0.10101010101010101,0,10,10.0,0.001953125,-0.16161616161616163,-0.050505050505050504,5.0,0.1875,0.009375
qwen3-4b,edge_count,0.1,rwse,98,0.01020408163265306,0.0018035013277367812,0.055556163092303754,0.01020408163265306,0.02,1.0,0,-0.04081632653061225,1,5,0.21875,-0.09183673469387756,0.01020408163265306,-0.09183673469387756,1,10,11.0,0.01171875,-0.16326530612244897,-0.030612244897959183,6.0,0.525,0.03515625
qwen3-4b,edge_count,0.1,components,100,0.0,0.0,0.03699480747600191,0.0,0.0,1.0,0,-0.05,0,5,0.0625,-0.1,-0.01,-0.1,0,10,10.0,0.001953125,-0.16,-0.05,5.0,0.1875,0.009375
qwen3-4b,edge_count,0.1,all,100,0.03,0.010254338223414816,0.08452078080402699,0.03,0.0,1.0,0,-0.020000000000000004,2,4,0.6875,-0.07,0.03,-0.07,1,8,9.0,0.0390625,-0.13,-0.01,6.0,1.0,0.09375
qwen3-4b,edge_count,0.2,none,100,0.02,0.005501852234968185,0.07001316294199365,0.02,0.0,1.0,0,0.0,0,0,,,,0.0,2,2,4.0,1.0,-0.04,0.04,,,1.0
qwen3-4b,edge_count,0.2,filler,100,0.02,0.005501852234968185,0.07001316294199365,0.02,0.0,1.0,0,0.0,2,2,1.0,-0.04,0.04,0.0,0,0,,,,,4.0,1.0,
qwen3-4b,edge_count,0.2,degree,99,0.32323232323232326,0.23919862826396276,0.4204721664339027,0.32323232323232326,0.01,1.0,0,0.30303030303030304,32,2,6.938353180885315e-08,0.20202020202020202,0.40404040404040403,0.30303030303030304,31,1,32.0,1.5366822481155396e-08,0.21212121212121213,0.40404040404040403,34.0,8.326023817062378e-07,1.8440186977386475e-07
qwen3-4b,edge_count,0.2,clustering,100,0.01,0.0017673865655472645,0.0544875247609346,0.01,0.0,1.0,0,-0.01,1,2,1.0,-0.04,0.02,-0.01,1,2,3.0,1.0,-0.04,0.02,3.0,1.0,1.0
qwen3-4b,edge_count,0.2,rwse,100,0.01,0.0017673865655472645,0.0544875247609346,0.01,0.0,1.0,0,-0.01,0,1,1.0,-0.03,0.0,-0.01,1,2,3.0,1.0,-0.04,0.02,1.0,1.0,1.0
qwen3-4b,edge_count,0.2,components,100,0.01,0.0017673865655472645,0.0544875247609346,0.01,0.0,1.0,0,-0.01,0,1,1.0,-0.03,0.0,-0.01,1,2,3.0,1.0,-0.04,0.02,1.0,1.0,1.0
qwen3-4b,edge_count,0.2,all,100,0.03,0.010254338223414816,0.08452078080402699,0.03,0.0,1.0,0,0.009999999999999998,2,1,1.0,-0.02,0.05,0.009999999999999998,3,2,5.0,1.0,-0.03,0.05,3.0,1.0,1.0
qwen3-4b,edge_count,0.35,none,100,0.01,0.0017673865655472645,0.0544875247609346,0.01,0.0,1.0,0,0.0,0,0,,,,0.0,1,1,2.0,1.0,-0.03,0.03,,,1.0
qwen3-4b,edge_count,0.35,filler,100,0.01,0.0017673865655472645,0.0544875247609346,0.01,0.0,1.0,0,0.0,1,1,1.0,-0.03,0.03,0.0,0,0,,,,,2.0,1.0,
qwen3-4b,edge_count,0.35,degree,99,0.25252525252525254,0.17729258424187705,0.34624652833513464,0.25252525252525254,0.01,1.0,0,0.24242424242424243,25,1,8.046627044677734e-07,0.15151515151515152,0.3333333333333333,0.24242424242424243,25,1,26.0,8.046627044677734e-07,0.15151515151515152,0.3333333333333333,26.0,6.4373016357421875e-06,6.4373016357421875e-06
qwen3-4b,edge_count,0.35,clustering,100,0.02,0.005501852234968185,0.07001316294199365,0.02,0.0,1.0,0,0.01,2,1,1.0,-0.02,0.04,0.01,2,1,3.0,1.0,-0.02,0.05,3.0,1.0,1.0
qwen3-4b,edge_count,0.35,rwse,100,0.0,0.0,0.03699480747600191,0.0,0.0,1.0,0,-0.01,0,1,1.0,-0.03,0.0,-0.01,0,1,1.0,1.0,-0.03,0.0,1.0,1.0,1.0
qwen3-4b,edge_count,0.35,components,99,0.020202020202020204,0.005557603625523107,0.07069169626868313,0.020202020202020204,0.01,1.0,0,0.010101010101010102,2,1,1.0,-0.030303030303030304,0.050505050505050504,0.010101010101010102,2,1,3.0,1.0,-0.020202020202020204,0.050505050505050504,3.0,1.0,1.0
qwen3-4b,edge_count,0.35,all,99,0.08080808080808081,0.041513905489623,0.15141969336531508,0.08080808080808081,0.01,1.0,0,0.07070707070707072,8,1,0.0390625,0.020202020202020204,0.13131313131313133,0.07070707070707072,8,1,9.0,0.0390625,0.020202020202020204,0.13131313131313133,9.0,0.15625,0.09375
qwen3-4b,edge_count,0.5,none,100,0.0,0.0,0.03699480747600191,0.0,0.0,1.0,0,0.0,0,0,,,,0.0,0,0,0.0,1.0,0.0,0.0,,,1.0
qwen3-4b,edge_count,0.5,filler,100,0.0,0.0,0.03699480747600191,0.0,0.0,1.0,0,0.0,0,0,1.0,0.0,0.0,0.0,0,0,,,,,0.0,1.0,
qwen3-4b,edge_count,0.5,degree,98,0.336734693877551,0.25089992900091485,0.4348866258057654,0.336734693877551,0.02,1.0,0,0.336734693877551,33,0,2.3283064365386963e-10,0.24489795918367346,0.42857142857142855,0.336734693877551,33,0,33.0,2.3283064365386963e-10,0.24489795918367346,0.42857142857142855,33.0,5.587935447692871e-09,5.587935447692871e-09
qwen3-4b,edge_count,0.5,clustering,100,0.0,0.0,0.03699480747600191,0.0,0.0,1.0,0,0.0,0,0,1.0,0.0,0.0,0.0,0,0,0.0,1.0,0.0,0.0,0.0,1.0,1.0
qwen3-4b,edge_count,0.5,rwse,100,0.0,0.0,0.03699480747600191,0.0,0.0,1.0,0,0.0,0,0,1.0,0.0,0.0,0.0,0,0,0.0,1.0,0.0,0.0,0.0,1.0,1.0
qwen3-4b,edge_count,0.5,components,98,0.0,0.0,0.037721324095458045,0.0,0.02,1.0,0,0.0,0,0,1.0,0.0,0.0,0.0,0,0,0.0,1.0,0.0,0.0,0.0,1.0,1.0
qwen3-4b,edge_count,0.5,all,98,0.09183673469387756,0.04906865909068409,0.16539772792601637,0.09183673469387756,0.02,1.0,0,0.09183673469387756,9,0,0.00390625,0.04081632653061224,0.15306122448979592,0.09183673469387756,9,0,9.0,0.00390625,0.04081632653061224,0.15306122448979592,9.0,0.01875,0.015604745596647263
qwen3-4b-think,node_count,0.1,none,100,0.98,0.9299868370580063,0.9944981477650318,0.98,0.0,1.0,1,0.0,0,0,,,,-0.020000000000000018,0,2,2.0,0.5,-0.05,0.0,,,1.0
qwen3-4b-think,node_count,0.1,filler,100,1.0,0.9630051925239981,0.9999999999999999,1.0,0.0,1.0,1,0.020000000000000018,2,0,0.5,0.0,0.05,0.0,0,0,,,,,2.0,1.0,
qwen3-4b-think,node_count,0.1,degree,100,1.0,0.9630051925239981,0.9999999999999999,1.0,0.0,1.0,1,0.020000000000000018,2,0,0.5,0.0,0.05,0.0,0,0,0.0,1.0,0.0,0.0,2.0,1.0,1.0
qwen3-4b-think,node_count,0.1,clustering,99,1.0,0.9626454664260378,1.0,1.0,0.01,1.0,1,0.02020202020202022,2,0,0.5,0.0,0.050505050505050504,0.0,0,0,0.0,1.0,0.0,0.0,2.0,1.0,1.0
qwen3-4b-think,node_count,0.1,rwse,99,1.0,0.9626454664260378,1.0,1.0,0.01,1.0,1,0.02020202020202022,2,0,0.5,0.0,0.050505050505050504,0.0,0,0,0.0,1.0,0.0,0.0,2.0,1.0,1.0
qwen3-4b-think,node_count,0.1,components,100,0.99,0.9455124752390653,0.9982326134344526,0.99,0.0,1.0,1,0.010000000000000009,2,1,1.0,-0.02,0.05,-0.010000000000000009,0,1,1.0,1.0,-0.03,0.0,3.0,1.0,1.0
qwen3-4b-think,node_count,0.1,all,100,1.0,0.9630051925239981,0.9999999999999999,1.0,0.0,1.0,1,0.020000000000000018,2,0,0.5,0.0,0.05,0.0,0,0,0.0,1.0,0.0,0.0,2.0,1.0,1.0
qwen3-4b-think,node_count,0.2,none,100,1.0,0.9630051925239981,0.9999999999999999,1.0,0.0,1.0,1,0.0,0,0,,,,0.0,0,0,0.0,1.0,0.0,0.0,,,1.0
qwen3-4b-think,node_count,0.2,filler,100,1.0,0.9630051925239981,0.9999999999999999,1.0,0.0,1.0,1,0.0,0,0,1.0,0.0,0.0,0.0,0,0,,,,,0.0,1.0,
qwen3-4b-think,node_count,0.2,degree,100,1.0,0.9630051925239981,0.9999999999999999,1.0,0.0,1.0,1,0.0,0,0,1.0,0.0,0.0,0.0,0,0,0.0,1.0,0.0,0.0,0.0,1.0,1.0
qwen3-4b-think,node_count,0.2,clustering,100,1.0,0.9630051925239981,0.9999999999999999,1.0,0.0,1.0,1,0.0,0,0,1.0,0.0,0.0,0.0,0,0,0.0,1.0,0.0,0.0,0.0,1.0,1.0
qwen3-4b-think,node_count,0.2,rwse,100,1.0,0.9630051925239981,0.9999999999999999,1.0,0.0,1.0,1,0.0,0,0,1.0,0.0,0.0,0.0,0,0,0.0,1.0,0.0,0.0,0.0,1.0,1.0
qwen3-4b-think,node_count,0.2,components,100,1.0,0.9630051925239981,0.9999999999999999,1.0,0.0,1.0,1,0.0,0,0,1.0,0.0,0.0,0.0,0,0,0.0,1.0,0.0,0.0,0.0,1.0,1.0
qwen3-4b-think,node_count,0.2,all,100,1.0,0.9630051925239981,0.9999999999999999,1.0,0.0,1.0,1,0.0,0,0,1.0,0.0,0.0,0.0,0,0,0.0,1.0,0.0,0.0,0.0,1.0,1.0
qwen3-4b-think,node_count,0.35,none,100,1.0,0.9630051925239981,0.9999999999999999,1.0,0.0,1.0,1,0.0,0,0,,,,0.0,0,0,0.0,1.0,0.0,0.0,,,1.0
qwen3-4b-think,node_count,0.35,filler,100,1.0,0.9630051925239981,0.9999999999999999,1.0,0.0,1.0,1,0.0,0,0,1.0,0.0,0.0,0.0,0,0,,,,,0.0,1.0,
qwen3-4b-think,node_count,0.35,degree,100,1.0,0.9630051925239981,0.9999999999999999,1.0,0.0,1.0,1,0.0,0,0,1.0,0.0,0.0,0.0,0,0,0.0,1.0,0.0,0.0,0.0,1.0,1.0
qwen3-4b-think,node_count,0.35,clustering,100,1.0,0.9630051925239981,0.9999999999999999,1.0,0.0,1.0,1,0.0,0,0,1.0,0.0,0.0,0.0,0,0,0.0,1.0,0.0,0.0,0.0,1.0,1.0
qwen3-4b-think,node_count,0.35,rwse,100,1.0,0.9630051925239981,0.9999999999999999,1.0,0.0,1.0,1,0.0,0,0,1.0,0.0,0.0,0.0,0,0,0.0,1.0,0.0,0.0,0.0,1.0,1.0
qwen3-4b-think,node_count,0.35,components,100,1.0,0.9630051925239981,0.9999999999999999,1.0,0.0,1.0,1,0.0,0,0,1.0,0.0,0.0,0.0,0,0,0.0,1.0,0.0,0.0,0.0,1.0,1.0
qwen3-4b-think,node_count,0.35,all,100,1.0,0.9630051925239981,0.9999999999999999,1.0,0.0,1.0,1,0.0,0,0,1.0,0.0,0.0,0.0,0,0,0.0,1.0,0.0,0.0,0.0,1.0,1.0
qwen3-4b-think,node_count,0.5,none,100,1.0,0.9630051925239981,0.9999999999999999,1.0,0.0,1.0,1,0.0,0,0,,,,0.0,0,0,0.0,1.0,0.0,0.0,,,1.0
qwen3-4b-think,node_count,0.5,filler,100,1.0,0.9630051925239981,0.9999999999999999,1.0,0.0,1.0,1,0.0,0,0,1.0,0.0,0.0,0.0,0,0,,,,,0.0,1.0,
qwen3-4b-think,node_count,0.5,degree,99,1.0,0.9626454664260378,1.0,1.0,0.01,1.0,1,0.0,0,0,1.0,0.0,0.0,0.0,0,0,0.0,1.0,0.0,0.0,0.0,1.0,1.0
qwen3-4b-think,node_count,0.5,clustering,100,1.0,0.9630051925239981,0.9999999999999999,1.0,0.0,1.0,1,0.0,0,0,1.0,0.0,0.0,0.0,0,0,0.0,1.0,0.0,0.0,0.0,1.0,1.0
qwen3-4b-think,node_count,0.5,rwse,100,1.0,0.9630051925239981,0.9999999999999999,1.0,0.0,1.0,1,0.0,0,0,1.0,0.0,0.0,0.0,0,0,0.0,1.0,0.0,0.0,0.0,1.0,1.0
qwen3-4b-think,node_count,0.5,components,100,0.99,0.9455124752390653,0.9982326134344526,0.99,0.0,1.0,1,-0.010000000000000009,0,1,1.0,-0.03,0.0,-0.010000000000000009,0,1,1.0,1.0,-0.03,0.0,1.0,1.0,1.0
qwen3-4b-think,node_count,0.5,all,100,1.0,0.9630051925239981,0.9999999999999999,1.0,0.0,1.0,1,0.0,0,0,1.0,0.0,0.0,0.0,0,0,0.0,1.0,0.0,0.0,0.0,1.0,1.0
qwen3-4b-think,cycle_check,0.1,none,98,1.0,0.9622786759045421,1.0000000000000002,1.0,0.02,1.0,1,0.0,0,0,,,,0.0,0,0,0.0,1.0,0.0,0.0,,,1.0
qwen3-4b-think,cycle_check,0.1,filler,99,1.0,0.9626454664260378,1.0,1.0,0.01,1.0,1,0.0,0,0,1.0,0.0,0.0,0.0,0,0,,,,,0.0,1.0,
qwen3-4b-think,cycle_check,0.1,degree,96,0.9791666666666666,0.9271914417038554,0.9942681502898627,0.9791666666666666,0.04,1.0,1,-0.021276595744680882,0,2,0.5,-0.05319148936170213,0.0,-0.021052631578947323,0,2,2.0,0.5,-0.05263157894736842,0.0,2.0,1.0,1.0
qwen3-4b-think,cycle_check,0.1,clustering,98,1.0,0.9622786759045421,1.0000000000000002,1.0,0.02,1.0,1,0.0,0,0,1.0,0.0,0.0,0.0,0,0,0.0,1.0,0.0,0.0,0.0,1.0,1.0
qwen3-4b-think,cycle_check,0.1,rwse,98,1.0,0.9622786759045421,1.0000000000000002,1.0,0.02,1.0,1,0.0,0,0,1.0,0.0,0.0,0.0,0,0,0.0,1.0,0.0,0.0,0.0,1.0,1.0
qwen3-4b-think,cycle_check,0.1,components,99,1.0,0.9626454664260378,1.0,1.0,0.01,1.0,1,0.0,0,0,1.0,0.0,0.0,0.0,0,0,0.0,1.0,0.0,0.0,0.0,1.0,1.0
qwen3-4b-think,cycle_check,0.1,all,100,1.0,0.9630051925239981,0.9999999999999999,1.0,0.0,1.0,1,0.0,0,0,1.0,0.0,0.0,0.0,0,0,0.0,1.0,0.0,0.0,0.0,1.0,1.0
qwen3-4b-think,cycle_check,0.2,none,100,1.0,0.9630051925239981,0.9999999999999999,1.0,0.0,1.0,1,0.0,0,0,,,,0.0,0,0,0.0,1.0,0.0,0.0,,,1.0
qwen3-4b-think,cycle_check,0.2,filler,100,1.0,0.9630051925239981,0.9999999999999999,1.0,0.0,1.0,1,0.0,0,0,1.0,0.0,0.0,0.0,0,0,,,,,0.0,1.0,
qwen3-4b-think,cycle_check,0.2,degree,97,0.9896907216494846,0.9438936439364473,0.9981778821004262,0.9896907216494846,0.03,1.0,1,-0.010309278350515427,0,1,1.0,-0.030927835051546393,0.0,-0.010309278350515427,0,1,1.0,1.0,-0.030927835051546393,0.0,1.0,1.0,1.0
qwen3-4b-think,cycle_check,0.2,clustering,99,1.0,0.9626454664260378,1.0,1.0,0.01,1.0,1,0.0,0,0,1.0,0.0,0.0,0.0,0,0,0.0,1.0,0.0,0.0,0.0,1.0,1.0
qwen3-4b-think,cycle_check,0.2,rwse,100,1.0,0.9630051925239981,0.9999999999999999,1.0,0.0,1.0,1,0.0,0,0,1.0,0.0,0.0,0.0,0,0,0.0,1.0,0.0,0.0,0.0,1.0,1.0
qwen3-4b-think,cycle_check,0.2,components,100,1.0,0.9630051925239981,0.9999999999999999,1.0,0.0,1.0,1,0.0,0,0,1.0,0.0,0.0,0.0,0,0,0.0,1.0,0.0,0.0,0.0,1.0,1.0
qwen3-4b-think,cycle_check,0.2,all,99,1.0,0.9626454664260378,1.0,1.0,0.01,1.0,1,0.0,0,0,1.0,0.0,0.0,0.0,0,0,0.0,1.0,0.0,0.0,0.0,1.0,1.0
qwen3-4b-think,cycle_check,0.35,none,99,1.0,0.9626454664260378,1.0,1.0,0.01,1.0,1,0.0,0,0,,,,0.0,0,0,0.0,1.0,0.0,0.0,,,1.0
qwen3-4b-think,cycle_check,0.35,filler,100,1.0,0.9630051925239981,0.9999999999999999,1.0,0.0,1.0,1,0.0,0,0,1.0,0.0,0.0,0.0,0,0,,,,,0.0,1.0,
qwen3-4b-think,cycle_check,0.35,degree,93,1.0,0.9603310973796383,0.9999999999999999,1.0,0.07,1.0,1,0.0,0,0,1.0,0.0,0.0,0.0,0,0,0.0,1.0,0.0,0.0,0.0,1.0,1.0
qwen3-4b-think,cycle_check,0.35,clustering,100,1.0,0.9630051925239981,0.9999999999999999,1.0,0.0,1.0,1,0.0,0,0,1.0,0.0,0.0,0.0,0,0,0.0,1.0,0.0,0.0,0.0,1.0,1.0
qwen3-4b-think,cycle_check,0.35,rwse,100,1.0,0.9630051925239981,0.9999999999999999,1.0,0.0,1.0,1,0.0,0,0,1.0,0.0,0.0,0.0,0,0,0.0,1.0,0.0,0.0,0.0,1.0,1.0
qwen3-4b-think,cycle_check,0.35,components,93,1.0,0.9603310973796383,0.9999999999999999,1.0,0.07,1.0,1,0.0,0,0,1.0,0.0,0.0,0.0,0,0,0.0,1.0,0.0,0.0,0.0,1.0,1.0
qwen3-4b-think,cycle_check,0.35,all,98,1.0,0.9622786759045421,1.0000000000000002,1.0,0.02,1.0,1,0.0,0,0,1.0,0.0,0.0,0.0,0,0,0.0,1.0,0.0,0.0,0.0,1.0,1.0
qwen3-4b-think,cycle_check,0.5,none,100,1.0,0.9630051925239981,0.9999999999999999,1.0,0.0,1.0,1,0.0,0,0,,,,0.0,0,0,0.0,1.0,0.0,0.0,,,1.0
qwen3-4b-think,cycle_check,0.5,filler,100,1.0,0.9630051925239981,0.9999999999999999,1.0,0.0,1.0,1,0.0,0,0,1.0,0.0,0.0,0.0,0,0,,,,,0.0,1.0,
qwen3-4b-think,cycle_check,0.5,degree,92,1.0,0.9599171967079014,1.0,1.0,0.08,1.0,1,0.0,0,0,1.0,0.0,0.0,0.0,0,0,0.0,1.0,0.0,0.0,0.0,1.0,1.0
qwen3-4b-think,cycle_check,0.5,clustering,100,1.0,0.9630051925239981,0.9999999999999999,1.0,0.0,1.0,1,0.0,0,0,1.0,0.0,0.0,0.0,0,0,0.0,1.0,0.0,0.0,0.0,1.0,1.0
qwen3-4b-think,cycle_check,0.5,rwse,100,1.0,0.9630051925239981,0.9999999999999999,1.0,0.0,1.0,1,0.0,0,0,1.0,0.0,0.0,0.0,0,0,0.0,1.0,0.0,0.0,0.0,1.0,1.0
qwen3-4b-think,cycle_check,0.5,components,92,1.0,0.9599171967079014,1.0,1.0,0.08,1.0,1,0.0,0,0,1.0,0.0,0.0,0.0,0,0,0.0,1.0,0.0,0.0,0.0,1.0,1.0
qwen3-4b-think,cycle_check,0.5,all,98,1.0,0.9622786759045421,1.0000000000000002,1.0,0.02,1.0,1,0.0,0,0,1.0,0.0,0.0,0.0,0,0,0.0,1.0,0.0,0.0,0.0,1.0,1.0
qwen3-4b-think,edge_existence,0.1,none,99,1.0,0.9626454664260378,1.0,1.0,0.01,1.0,0,0.0,0,0,,,,0.0,0,0,0.0,1.0,0.0,0.0,,,1.0
qwen3-4b-think,edge_existence,0.1,filler,99,1.0,0.9626454664260378,1.0,1.0,0.01,1.0,0,0.0,0,0,1.0,0.0,0.0,0.0,0,0,,,,,0.0,1.0,
qwen3-4b-think,edge_existence,0.1,degree,99,1.0,0.9626454664260378,1.0,1.0,0.01,1.0,0,0.0,0,0,1.0,0.0,0.0,0.0,0,0,0.0,1.0,0.0,0.0,0.0,1.0,1.0
qwen3-4b-think,edge_existence,0.1,clustering,97,1.0,0.9619046107955446,0.9999999999999999,1.0,0.03,1.0,0,0.0,0,0,1.0,0.0,0.0,0.0,0,0,0.0,1.0,0.0,0.0,0.0,1.0,1.0
qwen3-4b-think,edge_existence,0.1,rwse,96,1.0,0.9615230525151842,1.0000000000000002,1.0,0.04,1.0,0,0.0,0,0,1.0,0.0,0.0,0.0,0,0,0.0,1.0,0.0,0.0,0.0,1.0,1.0
qwen3-4b-think,edge_existence,0.1,components,99,1.0,0.9626454664260378,1.0,1.0,0.01,1.0,0,0.0,0,0,1.0,0.0,0.0,0.0,0,0,0.0,1.0,0.0,0.0,0.0,1.0,1.0
qwen3-4b-think,edge_existence,0.1,all,96,1.0,0.9615230525151842,1.0000000000000002,1.0,0.04,1.0,0,0.0,0,0,1.0,0.0,0.0,0.0,0,0,0.0,1.0,0.0,0.0,0.0,1.0,1.0
qwen3-4b-think,edge_existence,0.2,none,100,1.0,0.9630051925239981,0.9999999999999999,1.0,0.0,1.0,0,0.0,0,0,,,,0.0,0,0,0.0,1.0,0.0,0.0,,,1.0
qwen3-4b-think,edge_existence,0.2,filler,100,1.0,0.9630051925239981,0.9999999999999999,1.0,0.0,1.0,0,0.0,0,0,1.0,0.0,0.0,0.0,0,0,,,,,0.0,1.0,
qwen3-4b-think,edge_existence,0.2,degree,100,1.0,0.9630051925239981,0.9999999999999999,1.0,0.0,1.0,0,0.0,0,0,1.0,0.0,0.0,0.0,0,0,0.0,1.0,0.0,0.0,0.0,1.0,1.0
qwen3-4b-think,edge_existence,0.2,clustering,99,1.0,0.9626454664260378,1.0,1.0,0.01,1.0,0,0.0,0,0,1.0,0.0,0.0,0.0,0,0,0.0,1.0,0.0,0.0,0.0,1.0,1.0
qwen3-4b-think,edge_existence,0.2,rwse,98,1.0,0.9622786759045421,1.0000000000000002,1.0,0.02,1.0,0,0.0,0,0,1.0,0.0,0.0,0.0,0,0,0.0,1.0,0.0,0.0,0.0,1.0,1.0
qwen3-4b-think,edge_existence,0.2,components,99,1.0,0.9626454664260378,1.0,1.0,0.01,1.0,0,0.0,0,0,1.0,0.0,0.0,0.0,0,0,0.0,1.0,0.0,0.0,0.0,1.0,1.0
qwen3-4b-think,edge_existence,0.2,all,99,1.0,0.9626454664260378,1.0,1.0,0.01,1.0,0,0.0,0,0,1.0,0.0,0.0,0.0,0,0,0.0,1.0,0.0,0.0,0.0,1.0,1.0
qwen3-4b-think,edge_existence,0.35,none,100,1.0,0.9630051925239981,0.9999999999999999,1.0,0.0,1.0,0,0.0,0,0,,,,0.0,0,0,0.0,1.0,0.0,0.0,,,1.0
qwen3-4b-think,edge_existence,0.35,filler,100,1.0,0.9630051925239981,0.9999999999999999,1.0,0.0,1.0,0,0.0,0,0,1.0,0.0,0.0,0.0,0,0,,,,,0.0,1.0,
qwen3-4b-think,edge_existence,0.35,degree,100,1.0,0.9630051925239981,0.9999999999999999,1.0,0.0,1.0,0,0.0,0,0,1.0,0.0,0.0,0.0,0,0,0.0,1.0,0.0,0.0,0.0,1.0,1.0
qwen3-4b-think,edge_existence,0.35,clustering,100,1.0,0.9630051925239981,0.9999999999999999,1.0,0.0,1.0,0,0.0,0,0,1.0,0.0,0.0,0.0,0,0,0.0,1.0,0.0,0.0,0.0,1.0,1.0
qwen3-4b-think,edge_existence,0.35,rwse,100,1.0,0.9630051925239981,0.9999999999999999,1.0,0.0,1.0,0,0.0,0,0,1.0,0.0,0.0,0.0,0,0,0.0,1.0,0.0,0.0,0.0,1.0,1.0
qwen3-4b-think,edge_existence,0.35,components,100,1.0,0.9630051925239981,0.9999999999999999,1.0,0.0,1.0,0,0.0,0,0,1.0,0.0,0.0,0.0,0,0,0.0,1.0,0.0,0.0,0.0,1.0,1.0
qwen3-4b-think,edge_existence,0.35,all,100,1.0,0.9630051925239981,0.9999999999999999,1.0,0.0,1.0,0,0.0,0,0,1.0,0.0,0.0,0.0,0,0,0.0,1.0,0.0,0.0,0.0,1.0,1.0
qwen3-4b-think,edge_existence,0.5,none,100,1.0,0.9630051925239981,0.9999999999999999,1.0,0.0,1.0,0,0.0,0,0,,,,0.0,0,0,0.0,1.0,0.0,0.0,,,1.0
qwen3-4b-think,edge_existence,0.5,filler,100,1.0,0.9630051925239981,0.9999999999999999,1.0,0.0,1.0,0,0.0,0,0,1.0,0.0,0.0,0.0,0,0,,,,,0.0,1.0,
qwen3-4b-think,edge_existence,0.5,degree,100,1.0,0.9630051925239981,0.9999999999999999,1.0,0.0,1.0,0,0.0,0,0,1.0,0.0,0.0,0.0,0,0,0.0,1.0,0.0,0.0,0.0,1.0,1.0
qwen3-4b-think,edge_existence,0.5,clustering,100,1.0,0.9630051925239981,0.9999999999999999,1.0,0.0,1.0,0,0.0,0,0,1.0,0.0,0.0,0.0,0,0,0.0,1.0,0.0,0.0,0.0,1.0,1.0
qwen3-4b-think,edge_existence,0.5,rwse,100,1.0,0.9630051925239981,0.9999999999999999,1.0,0.0,1.0,0,0.0,0,0,1.0,0.0,0.0,0.0,0,0,0.0,1.0,0.0,0.0,0.0,1.0,1.0
qwen3-4b-think,edge_existence,0.5,components,99,1.0,0.9626454664260378,1.0,1.0,0.01,1.0,0,0.0,0,0,1.0,0.0,0.0,0.0,0,0,0.0,1.0,0.0,0.0,0.0,1.0,1.0
qwen3-4b-think,edge_existence,0.5,all,100,1.0,0.9630051925239981,0.9999999999999999,1.0,0.0,1.0,0,0.0,0,0,1.0,0.0,0.0,0.0,0,0,0.0,1.0,0.0,0.0,0.0,1.0,1.0
qwen3-4b-think,edge_existence,0.65,none,100,1.0,0.9630051925239981,0.9999999999999999,1.0,0.0,1.0,0,0.0,0,0,,,,0.0,0,0,0.0,1.0,0.0,0.0,,,1.0
qwen3-4b-think,edge_existence,0.65,filler,100,1.0,0.9630051925239981,0.9999999999999999,1.0,0.0,1.0,0,0.0,0,0,1.0,0.0,0.0,0.0,0,0,,,,,0.0,1.0,
qwen3-4b-think,edge_existence,0.65,degree,100,1.0,0.9630051925239981,0.9999999999999999,1.0,0.0,1.0,0,0.0,0,0,1.0,0.0,0.0,0.0,0,0,0.0,1.0,0.0,0.0,0.0,1.0,1.0
qwen3-4b-think,edge_existence,0.65,clustering,100,1.0,0.9630051925239981,0.9999999999999999,1.0,0.0,1.0,0,0.0,0,0,1.0,0.0,0.0,0.0,0,0,0.0,1.0,0.0,0.0,0.0,1.0,1.0
qwen3-4b-think,edge_existence,0.65,rwse,100,1.0,0.9630051925239981,0.9999999999999999,1.0,0.0,1.0,0,0.0,0,0,1.0,0.0,0.0,0.0,0,0,0.0,1.0,0.0,0.0,0.0,1.0,1.0
qwen3-4b-think,edge_existence,0.65,components,100,1.0,0.9630051925239981,0.9999999999999999,1.0,0.0,1.0,0,0.0,0,0,1.0,0.0,0.0,0.0,0,0,0.0,1.0,0.0,0.0,0.0,1.0,1.0
qwen3-4b-think,edge_existence,0.65,all,100,1.0,0.9630051925239981,0.9999999999999999,1.0,0.0,1.0,0,0.0,0,0,1.0,0.0,0.0,0.0,0,0,0.0,1.0,0.0,0.0,0.0,1.0,1.0
qwen3-4b-think,edge_existence,0.75,none,100,1.0,0.9630051925239981,0.9999999999999999,1.0,0.0,1.0,0,0.0,0,0,,,,0.0,0,0,0.0,1.0,0.0,0.0,,,1.0
qwen3-4b-think,edge_existence,0.75,filler,100,1.0,0.9630051925239981,0.9999999999999999,1.0,0.0,1.0,0,0.0,0,0,1.0,0.0,0.0,0.0,0,0,,,,,0.0,1.0,
qwen3-4b-think,edge_existence,0.75,degree,100,1.0,0.9630051925239981,0.9999999999999999,1.0,0.0,1.0,0,0.0,0,0,1.0,0.0,0.0,0.0,0,0,0.0,1.0,0.0,0.0,0.0,1.0,1.0
qwen3-4b-think,edge_existence,0.75,clustering,100,1.0,0.9630051925239981,0.9999999999999999,1.0,0.0,1.0,0,0.0,0,0,1.0,0.0,0.0,0.0,0,0,0.0,1.0,0.0,0.0,0.0,1.0,1.0
qwen3-4b-think,edge_existence,0.75,rwse,100,1.0,0.9630051925239981,0.9999999999999999,1.0,0.0,1.0,0,0.0,0,0,1.0,0.0,0.0,0.0,0,0,0.0,1.0,0.0,0.0,0.0,1.0,1.0
qwen3-4b-think,edge_existence,0.75,components,100,1.0,0.9630051925239981,0.9999999999999999,1.0,0.0,1.0,0,0.0,0,0,1.0,0.0,0.0,0.0,0,0,0.0,1.0,0.0,0.0,0.0,1.0,1.0
qwen3-4b-think,edge_existence,0.75,all,100,1.0,0.9630051925239981,0.9999999999999999,1.0,0.0,1.0,0,0.0,0,0,1.0,0.0,0.0,0.0,0,0,0.0,1.0,0.0,0.0,0.0,1.0,1.0
qwen3-4b-think,edge_existence,0.85,none,100,0.98,0.9299868370580063,0.9944981477650318,0.98,0.0,1.0,0,0.0,0,0,,,,-0.020000000000000018,0,2,2.0,0.5,-0.05,0.0,,,1.0
qwen3-4b-think,edge_existence,0.85,filler,100,1.0,0.9630051925239981,0.9999999999999999,1.0,0.0,1.0,0,0.020000000000000018,2,0,0.5,0.0,0.05,0.0,0,0,,,,,2.0,1.0,
qwen3-4b-think,edge_existence,0.85,degree,100,1.0,0.9630051925239981,0.9999999999999999,1.0,0.0,1.0,0,0.020000000000000018,2,0,0.5,0.0,0.05,0.0,0,0,0.0,1.0,0.0,0.0,2.0,1.0,1.0
qwen3-4b-think,edge_existence,0.85,clustering,100,1.0,0.9630051925239981,0.9999999999999999,1.0,0.0,1.0,0,0.020000000000000018,2,0,0.5,0.0,0.05,0.0,0,0,0.0,1.0,0.0,0.0,2.0,1.0,1.0
qwen3-4b-think,edge_existence,0.85,rwse,100,0.99,0.9455124752390653,0.9982326134344526,0.99,0.0,1.0,0,0.010000000000000009,2,1,1.0,-0.02,0.04,-0.010000000000000009,0,1,1.0,1.0,-0.03,0.0,3.0,1.0,1.0
qwen3-4b-think,edge_existence,0.85,components,100,1.0,0.9630051925239981,0.9999999999999999,1.0,0.0,1.0,0,0.020000000000000018,2,0,0.5,0.0,0.05,0.0,0,0,0.0,1.0,0.0,0.0,2.0,1.0,1.0
qwen3-4b-think,edge_existence,0.85,all,100,0.99,0.9455124752390653,0.9982326134344526,0.99,0.0,1.0,0,0.010000000000000009,2,1,1.0,-0.02,0.04,-0.010000000000000009,0,1,1.0,1.0,-0.03,0.0,3.0,1.0,1.0
qwen3-4b-think,node_degree,0.1,none,97,0.9896907216494846,0.9438936439364473,0.9981778821004262,0.9896907216494846,0.03,1.0,0,0.0,0,0,,,,0.0,0,0,0.0,1.0,0.0,0.0,,,1.0
qwen3-4b-think,node_degree,0.1,filler,97,1.0,0.9619046107955446,0.9999999999999999,1.0,0.03,1.0,0,0.0,0,0,1.0,0.0,0.0,0.0,0,0,,,,,0.0,1.0,
qwen3-4b-think,node_degree,0.1,degree,99,1.0,0.9626454664260378,1.0,1.0,0.01,1.0,0,0.01041666666666663,1,0,1.0,0.0,0.03125,0.0,0,0,0.0,1.0,0.0,0.0,1.0,1.0,1.0
qwen3-4b-think,node_degree,0.1,clustering,97,1.0,0.9619046107955446,0.9999999999999999,1.0,0.03,1.0,0,0.010638297872340385,1,0,1.0,0.0,0.031914893617021274,0.0,0,0,0.0,1.0,0.0,0.0,1.0,1.0,1.0
qwen3-4b-think,node_degree,0.1,rwse,93,1.0,0.9603310973796383,0.9999999999999999,1.0,0.07,1.0,0,0.0,0,0,1.0,0.0,0.0,0.0,0,0,0.0,1.0,0.0,0.0,0.0,1.0,1.0
qwen3-4b-think,node_degree,0.1,components,94,1.0,0.9607365374237544,1.0,1.0,0.06,1.0,0,0.0,0,0,1.0,0.0,0.0,0.0,0,0,0.0,1.0,0.0,0.0,0.0,1.0,1.0
qwen3-4b-think,node_degree,0.1,all,95,1.0,0.9611337736337738,1.0000000000000002,1.0,0.05,1.0,0,0.0,0,0,1.0,0.0,0.0,0.0,0,0,0.0,1.0,0.0,0.0,0.0,1.0,1.0
qwen3-4b-think,node_degree,0.2,none,95,1.0,0.9611337736337738,1.0000000000000002,1.0,0.05,1.0,0,0.0,0,0,,,,0.0,0,0,0.0,1.0,0.0,0.0,,,1.0
qwen3-4b-think,node_degree,0.2,filler,100,1.0,0.9630051925239981,0.9999999999999999,1.0,0.0,1.0,0,0.0,0,0,1.0,0.0,0.0,0.0,0,0,,,,,0.0,1.0,
qwen3-4b-think,node_degree,0.2,degree,100,0.99,0.9455124752390653,0.9982326134344526,0.99,0.0,1.0,0,-0.010526315789473717,0,1,1.0,-0.031578947368421054,0.0,-0.010000000000000009,0,1,1.0,1.0,-0.03,0.0,1.0,1.0,1.0
qwen3-4b-think,node_degree,0.2,clustering,100,0.99,0.9455124752390653,0.9982326134344526,0.99,0.0,1.0,0,-0.010526315789473717,0,1,1.0,-0.031578947368421054,0.0,-0.010000000000000009,0,1,1.0,1.0,-0.030249999999999985,0.0,1.0,1.0,1.0
qwen3-4b-think,node_degree,0.2,rwse,98,0.9795918367346939,0.9286164917311492,0.9943855035242277,0.9795918367346939,0.02,1.0,0,-0.021276595744680882,0,2,0.5,-0.05319148936170213,0.0,-0.020408163265306145,0,2,2.0,0.5,-0.05102040816326531,0.0,2.0,1.0,1.0
qwen3-4b-think,node_degree,0.2,components,99,0.98989898989899,0.944983344585968,0.9982147386799481,0.98989898989899,0.01,1.0,0,0.0,0,0,1.0,0.0,0.0,-0.010101010101010055,0,1,1.0,1.0,-0.030303030303030304,0.0,0.0,1.0,1.0
qwen3-4b-think,node_degree,0.2,all,99,0.98989898989899,0.944983344585968,0.9982147386799481,0.98989898989899,0.01,1.0,0,-0.010526315789473717,0,1,1.0,-0.031578947368421054,0.0,-0.010101010101010055,0,1,1.0,1.0,-0.030303030303030304,0.0,1.0,1.0,1.0
qwen3-4b-think,node_degree,0.35,none,97,1.0,0.9619046107955446,0.9999999999999999,1.0,0.03,1.0,0,0.0,0,0,,,,0.0,0,0,0.0,1.0,0.0,0.0,,,1.0
qwen3-4b-think,node_degree,0.35,filler,100,1.0,0.9630051925239981,0.9999999999999999,1.0,0.0,1.0,0,0.0,0,0,1.0,0.0,0.0,0.0,0,0,,,,,0.0,1.0,
qwen3-4b-think,node_degree,0.35,degree,100,1.0,0.9630051925239981,0.9999999999999999,1.0,0.0,1.0,0,0.0,0,0,1.0,0.0,0.0,0.0,0,0,0.0,1.0,0.0,0.0,0.0,1.0,1.0
qwen3-4b-think,node_degree,0.35,clustering,100,1.0,0.9630051925239981,0.9999999999999999,1.0,0.0,1.0,0,0.0,0,0,1.0,0.0,0.0,0.0,0,0,0.0,1.0,0.0,0.0,0.0,1.0,1.0
qwen3-4b-think,node_degree,0.35,rwse,100,1.0,0.9630051925239981,0.9999999999999999,1.0,0.0,1.0,0,0.0,0,0,1.0,0.0,0.0,0.0,0,0,0.0,1.0,0.0,0.0,0.0,1.0,1.0
qwen3-4b-think,node_degree,0.35,components,98,1.0,0.9622786759045421,1.0000000000000002,1.0,0.02,1.0,0,0.0,0,0,1.0,0.0,0.0,0.0,0,0,0.0,1.0,0.0,0.0,0.0,1.0,1.0
qwen3-4b-think,node_degree,0.35,all,100,0.98,0.9299868370580063,0.9944981477650318,0.98,0.0,1.0,0,-0.020618556701030966,0,2,0.5,-0.05154639175257732,0.0,-0.020000000000000018,0,2,2.0,0.5,-0.05,0.0,2.0,1.0,1.0
qwen3-4b-think,node_degree,0.5,none,100,1.0,0.9630051925239981,0.9999999999999999,1.0,0.0,1.0,0,0.0,0,0,,,,0.0,0,0,0.0,1.0,0.0,0.0,,,1.0
qwen3-4b-think,node_degree,0.5,filler,99,1.0,0.9626454664260378,1.0,1.0,0.01,1.0,0,0.0,0,0,1.0,0.0,0.0,0.0,0,0,,,,,0.0,1.0,
qwen3-4b-think,node_degree,0.5,degree,100,1.0,0.9630051925239981,0.9999999999999999,1.0,0.0,1.0,0,0.0,0,0,1.0,0.0,0.0,0.0,0,0,0.0,1.0,0.0,0.0,0.0,1.0,1.0
qwen3-4b-think,node_degree,0.5,clustering,100,0.99,0.9455124752390653,0.9982326134344526,0.99,0.0,1.0,0,-0.010000000000000009,0,1,1.0,-0.03,0.0,0.0,0,0,0.0,1.0,0.0,0.0,1.0,1.0,1.0
qwen3-4b-think,node_degree,0.5,rwse,100,0.94,0.8752303146877748,0.9722142547333433,0.94,0.0,1.0,0,-0.06000000000000005,0,6,0.03125,-0.11,-0.02,-0.06060606060606055,0,6,6.0,0.03125,-0.1111111111111111,-0.020202020202020204,6.0,1.0,1.0
qwen3-4b-think,node_degree,0.5,components,100,0.99,0.9455124752390653,0.9982326134344526,0.99,0.0,1.0,0,-0.010000000000000009,0,1,1.0,-0.03,0.0,-0.010101010101010055,0,1,1.0,1.0,-0.030303030303030304,0.0,1.0,1.0,1.0
qwen3-4b-think,node_degree,0.5,all,99,1.0,0.9626454664260378,1.0,1.0,0.01,1.0,0,0.0,0,0,1.0,0.0,0.0,0.0,0,0,0.0,1.0,0.0,0.0,0.0,1.0,1.0
qwen3-4b-think,node_degree,0.65,none,100,1.0,0.9630051925239981,0.9999999999999999,1.0,0.0,1.0,0,0.0,0,0,,,,0.0,0,0,0.0,1.0,0.0,0.0,,,1.0
qwen3-4b-think,node_degree,0.65,filler,100,1.0,0.9630051925239981,0.9999999999999999,1.0,0.0,1.0,0,0.0,0,0,1.0,0.0,0.0,0.0,0,0,,,,,0.0,1.0,
qwen3-4b-think,node_degree,0.65,degree,99,0.9696969696969697,0.9146617688347427,0.9896415481109291,0.9696969696969697,0.01,1.0,0,-0.030303030303030276,0,3,0.25,-0.0707070707070707,0.0,-0.030303030303030276,0,3,3.0,0.25,-0.0707070707070707,0.0,3.0,1.0,1.0
qwen3-4b-think,node_degree,0.65,clustering,100,0.98,0.9299868370580063,0.9944981477650318,0.98,0.0,1.0,0,-0.020000000000000018,0,2,0.5,-0.05,0.0,-0.020000000000000018,0,2,2.0,0.5,-0.05,0.0,2.0,1.0,1.0
qwen3-4b-think,node_degree,0.65,rwse,98,0.9897959183673469,0.9444438369076963,0.9981964986722632,0.9897959183673469,0.02,1.0,0,-0.010204081632653073,0,1,1.0,-0.030612244897959183,0.0,-0.010204081632653073,0,1,1.0,1.0,-0.030612244897959183,0.0,1.0,1.0,1.0
qwen3-4b-think,node_degree,0.65,components,99,0.98989898989899,0.944983344585968,0.9982147386799481,0.98989898989899,0.01,1.0,0,-0.010101010101010055,0,1,1.0,-0.030303030303030304,0.0,-0.010101010101010055,0,1,1.0,1.0,-0.030303030303030304,0.0,1.0,1.0,1.0
qwen3-4b-think,node_degree,0.65,all,99,0.98989898989899,0.944983344585968,0.9982147386799481,0.98989898989899,0.01,1.0,0,-0.010101010101010055,0,1,1.0,-0.030303030303030304,0.0,-0.010101010101010055,0,1,1.0,1.0,-0.030303030303030304,0.0,1.0,1.0,1.0
qwen3-4b-think,node_degree,0.75,none,99,0.9696969696969697,0.9146617688347427,0.9896415481109291,0.9696969696969697,0.01,1.0,0,0.0,0,0,,,,0.0,2,2,4.0,1.0,-0.04040404040404041,0.04040404040404041,,,1.0
qwen3-4b-think,node_degree,0.75,filler,100,0.97,0.915479219195973,0.9897456617765851,0.97,0.0,1.0,0,0.0,2,2,1.0,-0.04040404040404041,0.04040404040404041,0.0,0,0,,,,,4.0,1.0,
qwen3-4b-think,node_degree,0.75,degree,100,0.98,0.9299868370580063,0.9944981477650318,0.98,0.0,1.0,0,0.010101010101010055,3,2,1.0,-0.030303030303030304,0.050505050505050504,0.010000000000000009,3,2,5.0,1.0,-0.03,0.050249999999998636,5.0,1.0,1.0
qwen3-4b-think,node_degree,0.75,clustering,100,0.97,0.915479219195973,0.9897456617765851,0.97,0.0,1.0,0,0.0,2,2,1.0,-0.04040404040404041,0.04040404040404041,0.0,2,2,4.0,1.0,-0.04,0.04,4.0,1.0,1.0
qwen3-4b-think,node_degree,0.75,rwse,100,0.95,0.8882480347279118,0.9784566385436864,0.95,0.0,1.0,0,-0.02020202020202022,3,5,0.7265625,-0.08080808080808081,0.030303030303030304,-0.020000000000000018,3,5,8.0,0.7265625,-0.08,0.03,8.0,1.0,1.0
qwen3-4b-think,node_degree,0.75,components,99,0.9696969696969697,0.9146617688347427,0.9896415481109291,0.9696969696969697,0.01,1.0,0,0.010204081632653073,3,2,1.0,-0.030612244897959183,0.05102040816326531,0.0,2,2,4.0,1.0,-0.04040404040404041,0.04040404040404041,5.0,1.0,1.0
qwen3-4b-think,node_degree,0.75,all,99,0.9797979797979798,0.9293083037313168,0.9944423963744768,0.9797979797979798,0.01,1.0,0,0.010204081632653073,2,1,1.0,-0.02040816326530612,0.05102040816326531,0.010101010101010055,2,1,3.0,1.0,-0.020202020202020204,0.04040404040404041,3.0,1.0,1.0
qwen3-4b-think,node_degree,0.85,none,100,0.96,0.9016278276739262,0.984336949448152,0.96,0.0,1.0,0,0.0,0,0,,,,0.010000000000000009,2,1,3.0,1.0,-0.02,0.04,,,1.0
qwen3-4b-think,node_degree,0.85,filler,100,0.95,0.8882480347279118,0.9784566385436864,0.95,0.0,1.0,0,-0.010000000000000009,1,2,1.0,-0.04,0.02,0.0,0,0,,,,,3.0,1.0,
qwen3-4b-think,node_degree,0.85,degree,99,0.9696969696969697,0.9146617688347427,0.9896415481109291,0.9696969696969697,0.01,1.0,0,0.010101010101010166,2,1,1.0,-0.020202020202020204,0.050505050505050504,0.02020202020202022,3,1,4.0,0.625,-0.020202020202020204,0.06060606060606061,3.0,1.0,1.0
qwen3-4b-think,node_degree,0.85,clustering,99,0.9595959595959596,0.9006783167602219,0.9841776170253278,0.9595959595959596,0.01,1.0,0,0.0,3,3,1.0,-0.050505050505050504,0.050505050505050504,0.010101010101010055,3,2,5.0,1.0,-0.030303030303030304,0.06060606060606061,6.0,1.0,1.0
qwen3-4b-think,node_degree,0.85,rwse,99,0.98989898989899,0.944983344585968,0.9982147386799481,0.98989898989899,0.01,1.0,0,0.030303030303030387,3,0,0.25,0.0,0.0707070707070707,0.04040404040404044,4,0,4.0,0.125,0.010101010101010102,0.08080808080808081,3.0,1.0,1.0
qwen3-4b-think,node_degree,0.85,components,100,0.92,0.8500173312059693,0.9589070305141891,0.92,0.0,1.0,0,-0.039999999999999925,0,4,0.125,-0.08,-0.01,-0.029999999999999916,1,4,5.0,0.375,-0.08,0.01,4.0,1.0,1.0
qwen3-4b-think,node_degree,0.85,all,99,0.98989898989899,0.944983344585968,0.9982147386799481,0.98989898989899,0.01,1.0,0,0.030303030303030387,4,1,0.375,-0.010101010101010102,0.08080808080808081,0.030303030303030387,4,1,5.0,0.375,-0.010101010101010102,0.08080808080808081,5.0,1.0,1.0
qwen3-4b-think,connected_nodes,0.1,none,97,0.979381443298969,0.9279110074824457,0.9943274337957568,0.9939081537019681,0.03,1.0,0,0.0,0,0,,,,-0.010526315789473717,0,1,1.0,1.0,-0.031578947368421054,0.0,,,1.0
qwen3-4b-think,connected_nodes,0.1,filler,98,1.0,0.9622786759045421,1.0000000000000002,1.0,0.02,1.0,0,0.010526315789473717,1,0,1.0,0.0,0.031578947368421054,0.0,0,0,,,,,1.0,1.0,
qwen3-4b-think,connected_nodes,0.1,degree,94,1.0,0.9607365374237544,1.0,1.0,0.06,1.0,0,0.01098901098901095,1,0,1.0,0.0,0.03296703296703297,0.0,0,0,0.0,1.0,0.0,0.0,1.0,1.0,1.0
qwen3-4b-think,connected_nodes,0.1,clustering,90,1.0,0.9590629315783191,0.9999999999999999,1.0,0.1,1.0,0,0.0,0,0,1.0,0.0,0.0,0.0,0,0,0.0,1.0,0.0,0.0,0.0,1.0,1.0
qwen3-4b-think,connected_nodes,0.1,rwse,96,1.0,0.9615230525151842,1.0000000000000002,1.0,0.04,1.0,0,0.010752688172043001,1,0,1.0,0.0,0.03225806451612903,0.0,0,0,0.0,1.0,0.0,0.0,1.0,1.0,1.0
qwen3-4b-think,connected_nodes,0.1,components,94,0.9893617021276596,0.9421756818388973,0.9981196526609477,0.9964539007092198,0.06,1.0,0,0.0,0,0,1.0,0.0,0.0,0.0,0,0,0.0,1.0,0.0,0.0,0.0,1.0,1.0
qwen3-4b-think,connected_nodes,0.1,all,91,0.978021978021978,0.9233668616945964,0.9939521206928791,0.9935064935064934,0.09,1.0,0,-0.011111111111111183,0,1,1.0,-0.03333333333333333,0.0,-0.011111111111111072,0,1,1.0,1.0,-0.03333333333333333,0.0,1.0,1.0,1.0
qwen3-4b-think,connected_nodes,0.2,none,95,0.9894736842105263,0.9427599067633495,0.9981394716360291,0.9992982456140351,0.05,1.0,0,0.0,0,0,,,,-0.01098901098901095,0,1,1.0,1.0,-0.03296703296703297,0.0,,,1.0
qwen3-4b-think,connected_nodes,0.2,filler,94,0.9893617021276596,0.9421756818388973,0.9981196526609477,0.9982269503546098,0.06,1.0,0,0.01098901098901095,1,0,1.0,0.0,0.03296703296703297,0.0,0,0,,,,,1.0,1.0,
qwen3-4b-think,connected_nodes,0.2,degree,97,0.979381443298969,0.9279110074824457,0.9943274337957568,0.9982697714656479,0.03,1.0,0,-0.010869565217391242,1,2,1.0,-0.04374999999999998,0.021739130434782608,-0.010752688172043001,1,2,3.0,1.0,-0.043279569892473106,0.021505376344086023,3.0,1.0,1.0
qwen3-4b-think,connected_nodes,0.2,clustering,93,0.989247311827957,0.9415794088135158,0.9980994069020442,0.9992831541218639,0.07,1.0,0,0.0,1,1,1.0,-0.03333333333333333,0.03333333333333333,0.0,1,1,2.0,1.0,-0.03333333333333333,0.03333333333333333,2.0,1.0,1.0
qwen3-4b-think,connected_nodes,0.2,rwse,92,1.0,0.9599171967079014,1.0,1.0,0.08,1.0,0,0.01098901098901095,1,0,1.0,0.0,0.03296703296703297,0.011363636363636354,1,0,1.0,1.0,0.0,0.03409090909090909,1.0,1.0,1.0
qwen3-4b-think,connected_nodes,0.2,components,94,1.0,0.9607365374237544,1.0,1.0,0.06,1.0,0,0.01098901098901095,1,0,1.0,0.0,0.03296703296703297,0.0,0,0,0.0,1.0,0.0,0.0,1.0,1.0,1.0
qwen3-4b-think,connected_nodes,0.2,all,93,0.978494623655914,0.9249439098234603,0.9940826242280217,0.9975853612525939,0.07,1.0,0,-0.010989010989011061,1,2,1.0,-0.054945054945054944,0.02197802197802198,-0.011111111111111183,1,2,3.0,1.0,-0.05555555555555555,0.022222222222222223,3.0,1.0,1.0
qwen3-4b-think,connected_nodes,0.35,none,97,1.0,0.9619046107955446,0.9999999999999999,1.0,0.03,1.0,0,0.0,0,0,,,,0.010309278350515427,1,0,1.0,1.0,0.0,0.030927835051546393,,,1.0
qwen3-4b-think,connected_nodes,0.35,filler,100,0.99,0.9455124752390653,0.9982326134344526,0.9996,0.0,1.0,0,-0.010309278350515427,0,1,1.0,-0.030927835051546393,0.0,0.0,0,0,,,,,1.0,1.0,
qwen3-4b-think,connected_nodes,0.35,degree,98,1.0,0.9622786759045421,1.0000000000000002,1.0,0.02,1.0,0,0.0,0,0,1.0,0.0,0.0,0.010204081632653073,1,0,1.0,1.0,0.0,0.030612244897959183,0.0,1.0,1.0
qwen3-4b-think,connected_nodes,0.35,clustering,99,1.0,0.9626454664260378,1.0,1.0,0.01,1.0,0,0.0,0,0,1.0,0.0,0.0,0.010101010101010055,1,0,1.0,1.0,0.0,0.030303030303030304,0.0,1.0,1.0
qwen3-4b-think,connected_nodes,0.35,rwse,100,0.97,0.915479219195973,0.9897456617765851,0.9908354312354313,0.0,1.0,0,-0.030927835051546393,0,3,0.25,-0.07216494845360824,0.0,-0.020000000000000018,1,3,4.0,0.625,-0.06,0.02,3.0,1.0,1.0
qwen3-4b-think,connected_nodes,0.35,components,99,1.0,0.9626454664260378,1.0,1.0,0.01,1.0,0,0.0,0,0,1.0,0.0,0.0,0.010101010101010055,1,0,1.0,1.0,0.0,0.030303030303030304,0.0,1.0,1.0
qwen3-4b-think,connected_nodes,0.35,all,100,0.99,0.9455124752390653,0.9982326134344526,0.9996969696969696,0.0,1.0,0,-0.010309278350515427,0,1,1.0,-0.030927835051546393,0.0,0.0,1,1,2.0,1.0,-0.03,0.03,1.0,1.0,1.0
qwen3-4b-think,connected_nodes,0.5,none,98,0.9795918367346939,0.9286164917311492,0.9943855035242277,0.9906083891046298,0.02,1.0,0,0.0,0,0,,,,-0.02083333333333337,0,2,2.0,0.5,-0.052083333333333336,0.0,,,1.0
qwen3-4b-think,connected_nodes,0.5,filler,97,1.0,0.9619046107955446,0.9999999999999999,1.0,0.03,1.0,0,0.02083333333333337,2,0,0.5,0.0,0.052083333333333336,0.0,0,0,,,,,2.0,1.0,
qwen3-4b-think,connected_nodes,0.5,degree,99,0.9797979797979798,0.9293083037313168,0.9944423963744768,0.9957246887479445,0.01,1.0,0,0.0,2,2,1.0,-0.041237113402061855,0.041237113402061855,-0.020618556701030966,0,2,2.0,0.5,-0.05154639175257732,0.0,4.0,1.0,1.0
qwen3-4b-think,connected_nodes,0.5,clustering,100,0.98,0.9299868370580063,0.9944981477650318,0.9980909090909091,0.0,1.0,0,0.0,2,2,1.0,-0.04081632653061224,0.04081632653061224,-0.010309278350515427,0,1,1.0,1.0,-0.030927835051546393,0.0,4.0,1.0,1.0
qwen3-4b-think,connected_nodes,0.5,rwse,100,0.99,0.9455124752390653,0.9982326134344526,0.9997142857142858,0.0,1.0,0,0.010204081632653073,2,1,1.0,-0.02040816326530612,0.04081632653061224,-0.010309278350515427,0,1,1.0,1.0,-0.030927835051546393,0.0,3.0,1.0,1.0
qwen3-4b-think,connected_nodes,0.5,components,99,0.98989898989899,0.944983344585968,0.9982147386799481,0.9997536338999753,0.01,1.0,0,0.010309278350515538,2,1,1.0,-0.020618556701030927,0.05154639175257732,-0.01041666666666663,0,1,1.0,1.0,-0.03125,0.0,3.0,1.0,1.0
qwen3-4b-think,connected_nodes,0.5,all,99,0.98989898989899,0.944983344585968,0.9982147386799481,0.9989898989898991,0.01,1.0,0,0.010309278350515538,2,1,1.0,-0.020618556701030927,0.05154639175257732,0.0,0,0,0.0,1.0,0.0,0.0,3.0,1.0,1.0
qwen3-4b-think,edge_count,0.1,none,40,0.975,0.8711834051199223,0.9955732825922052,0.975,0.6,1.0,0,0.0,0,0,,,,0.0,0,0,0.0,1.0,0.0,0.0,,,1.0
qwen3-4b-think,edge_count,0.1,filler,60,1.0,0.9398260695220669,0.9999999999999999,1.0,0.4,1.0,0,0.0,0,0,1.0,0.0,0.0,0.0,0,0,,,,,0.0,1.0,
qwen3-4b-think,edge_count,0.1,degree,36,0.7777777777777778,0.6191498017214091,0.882838070251604,0.7777777777777778,0.64,1.0,0,-0.2727272727272727,0,3,0.25,-0.5454545454545454,0.0,-0.19047619047619047,0,4,4.0,0.125,-0.38095238095238093,-0.047619047619047616,3.0,1.0,0.3958333333333333
qwen3-4b-think,edge_count,0.1,clustering,80,0.975,0.9133539994467789,0.9931172511018748,0.975,0.2,1.0,0,0.0,1,1,1.0,-0.09090909090909091,0.09090909090909091,-0.018181818181818188,0,1,1.0,1.0,-0.05454545454545454,0.0,2.0,1.0,1.0
qwen3-4b-think,edge_count,0.1,rwse,69,0.9130434782608695,0.8229829488715114,0.9595369298790927,0.9130434782608695,0.31,1.0,0,0.033333333333333326,1,0,1.0,0.0,0.1,-0.11363636363636365,0,5,5.0,0.0625,-0.20454545454545456,-0.022727272727272728,1.0,1.0,0.2486328125
qwen3-4b-think,edge_count,0.1,components,73,0.9863013698630136,0.9264008673087267,0.9975778109072393,0.9863013698630136,0.27,1.0,0,0.02941176470588236,1,0,1.0,0.0,0.08823529411764706,-0.021739130434782594,0,1,1.0,1.0,-0.06521739130434782,0.0,1.0,1.0,1.0
qwen3-4b-think,edge_count,0.1,all,50,0.68,0.5418944286372394,0.792419559060006,0.68,0.5,1.0,0,-0.42105263157894735,0,8,0.0078125,-0.631578947368421,-0.21052631578947367,-0.34375,0,11,11.0,0.0009765625,-0.53125,-0.1875,8.0,0.06640625,0.0185546875
qwen3-4b-think,edge_count,0.2,none,34,1.0,0.8984820937803899,1.0,1.0,0.66,1.0,0,0.0,0,0,,,,0.04347826086956519,1,0,1.0,1.0,0.0,0.13043478260869565,,,1.0
qwen3-4b-think,edge_count,0.2,filler,50,0.92,0.8116149745493629,0.9684509967442093,0.92,0.5,1.0,0,-0.04347826086956519,0,1,1.0,-0.13043478260869565,0.0,0.0,0,0,,,,,1.0,1.0,
qwen3-4b-think,edge_count,0.2,degree,48,0.75,0.6121535625207293,0.8507951119028996,0.75,0.52,1.0,0,-0.1578947368421053,0,3,0.25,-0.3157894736842105,0.0,-0.20833333333333337,0,5,5.0,0.0625,-0.375,-0.08333333333333333,3.0,1.0,0.2486328125
qwen3-4b-think,edge_count,0.2,clustering,53,0.9811320754716981,0.9005685649885059,0.9966616326132506,0.9811320754716981,0.47,1.0,0,0.0,0,0,1.0,0.0,0.0,0.0,1,1,2.0,1.0,-0.0967741935483871,0.0967741935483871,0.0,1.0,1.0
qwen3-4b-think,edge_count,0.2,rwse,52,0.9230769230769231,0.8182618931787533,0.9696811457026542,0.9230769230769231,0.48,1.0,0,-0.052631578947368474,0,1,1.0,-0.15789473684210525,0.0,0.0,3,3,6.0,1.0,-0.16129032258064516,0.16129032258064516,1.0,1.0,1.0
qwen3-4b-think,edge_count,0.2,components,66,0.9696969696969697,0.8960728112941316,0.9916502649240535,0.9696969696969697,0.34,1.0,0,0.0,0,0,1.0,0.0,0.0,0.09999999999999998,4,1,5.0,0.375,-0.03333333333333333,0.23333333333333334,0.0,1.0,1.0
qwen3-4b-think,edge_count,0.2,all,53,0.5283018867924528,0.3965985230075645,0.6561797239101858,0.5283018867924528,0.47,1.0,0,-0.4,0,8,0.0078125,-0.6,-0.2,-0.29166666666666663,2,9,11.0,0.0654296875,-0.5416666666666666,-0.041666666666666664,8.0,0.06640625,0.2486328125
qwen3-4b-think,edge_count,0.35,none,8,0.875,0.5291051942301386,0.9775830911367038,0.875,0.92,1.0,0,0.0,0,0,,,,0.0,0,0,0.0,1.0,0.0,0.0,,,1.0
qwen3-4b-think,edge_count,0.35,filler,23,0.9565217391304348,0.7900841350594088,0.9922835330378734,0.9565217391304348,0.77,1.0,0,0.0,0,0,1.0,0.0,0.0,0.0,0,0,,,,,0.0,1.0,
qwen3-4b-think,edge_count,0.35,degree,41,0.6341463414634146,0.4812042325216125,0.7641036958306319,0.6341463414634146,0.59,1.0,0,-0.5,0,2,0.5,-1.0,0.0,-0.18181818181818177,0,2,2.0,0.5,-0.45454545454545453,0.0,2.0,1.0,1.0
qwen3-4b-think,edge_count,0.35,clustering,49,0.9183673469387755,0.8081061295851387,0.9677977037582878,0.9183673469387755,0.51,1.0,0,0.16666666666666663,1,0,1.0,0.0,0.5,0.07692307692307687,1,0,1.0,1.0,0.0,0.23076923076923078,1.0,1.0,1.0
qwen3-4b-think,edge_count,0.35,rwse,9,1.0,0.7008472464490407,1.0,1.0,0.91,1.0,0,,0,0,,,,0.0,0,0,0.0,1.0,0.0,0.0,,,1.0
qwen3-4b-think,edge_count,0.35,components,35,1.0,0.9010957324106112,1.0,1.0,0.65,1.0,0,0.0,0,0,1.0,0.0,0.0,0.0,0,0,0.0,1.0,0.0,0.0,0.0,1.0,1.0
qwen3-4b-think,edge_count,0.35,all,37,0.3783783783783784,0.2406378746389103,0.5389985744718004,0.3783783783783784,0.63,1.0,0,-0.5,0,1,1.0,-1.0,0.0,-0.6,0,6,6.0,0.03125,-0.9,-0.3,1.0,1.0,0.2486328125
qwen3-4b-think,edge_count,0.5,filler,1,1.0,0.20654329147389294,1.0,1.0,0.99,1.0,0,,0,0,,,,0.0,0,0,,,,,,,
qwen3-4b-think,edge_count,0.5,degree,40,0.6,0.445956198273935,0.7365188938759863,0.6,0.6,1.0,0,,0,0,,,,0.0,0,0,0.0,1.0,0.0,0.0,,,1.0
qwen3-4b-think,edge_count,0.5,clustering,4,1.0,0.5100999795960008,1.0,1.0,0.96,1.0,0,,0,0,,,,,0,0,,,,,,,
qwen3-4b-think,edge_count,0.5,rwse,1,1.0,0.20654329147389294,1.0,1.0,0.99,1.0,0,,0,0,,,,,0,0,,,,,,,
qwen3-4b-think,edge_count,0.5,components,8,1.0,0.6755843804891231,1.0,1.0,0.92,1.0,0,,0,0,,,,,0,0,,,,,,,
qwen3-4b-think,edge_count,0.5,all,37,0.2972972972972973,0.17489302346408198,0.45783439172043583,0.2972972972972973,0.63,1.0,0,,0,0,,,,,0,0,,,,,,,
