instance_id,task,condition,style,gold,model,response,n_new_tokens,hit_cap
node_degree/diverse/er/0,node_degree,all,zero_shot,9,qwen3-1.7b,"To determine the **degree** of node 14, we need to count how many edges are connected to it in the graph.

From the given information:

- **Node 14 is connected to nodes 1, 2, 3, 4, 6, 8, 9, 10, 16**.

So, the degree of node 14 is:

$$
\boxed{9}
$$",92,False
node_degree/diverse/er/0,node_degree,clustering,zero_shot,9,qwen3-1.7b,"To find the **degree** of node 14 in the graph, we need to count how many edges are connected to it.

From the given adjacency list:

**Node 14 is connected to nodes:**

- 1, 2, 3, 4, 6, 8, 9, 10, 16

So, the degree of node 14 is:

$$
\boxed{9}
$$",94,False
node_degree/diverse/er/0,node_degree,components,zero_shot,9,qwen3-1.7b,"To find the **degree of node 14**, we need to count how many edges are connected to it in the graph.

From the given information:

- **Node 14** is connected to nodes:  
  `1, 2, 3, 4, 6, 8, 9, 10, 16`

So, the degree of node 14 is the number of these connections, which is:

$$
\boxed{9}
$$

### ✅ Final Answer: **9**",112,False
node_degree/diverse/er/0,node_degree,degree,zero_shot,9,qwen3-1.7b,"To determine the **degree of node 14**, we need to count how many edges are connected to it in the graph.

From the given information:

- **Node 14 is connected to nodes 1, 2, 3, 4, 6, 8, 9, 10, 16**

So, the degree of node 14 is:

$$
\boxed{9}
$$",90,False
node_degree/diverse/er/0,node_degree,filler,zero_shot,9,qwen3-1.7b,"To determine the **degree of node 14**, we need to count how many edges are connected to it in the graph.

From the given information:

- **Node 14** is connected to nodes: **1, 2, 3, 4, 6, 8, 9, 10, 16**

So, the degree of node 14 is the number of these connections, which is:

$$
\boxed{9}
$$

### ✅ Final Answer: **9**",110,False
node_degree/diverse/er/0,node_degree,none,zero_shot,9,qwen3-1.7b,"To determine the **degree of node 14**, we need to count how many edges are connected to it in the graph.

From the given information:

- **Node 14 is connected to nodes 1, 2, 3, 4, 6, 8, 9, 10, 16**

So, the degree of node 14 is the number of these connections, which is:

$$
\boxed{9}
$$

### ✅ Final Answer: **9**",108,False
node_degree/diverse/er/0,node_degree,rwse,zero_shot,9,qwen3-1.7b,"To find the **degree** of node 14 in the graph, we need to count how many **edges** are connected to it.

From the given information:

- **Node 14 is connected to nodes 1, 2, 3, 4, 6, 8, 9, 10, 16**.

So, the degree of node 14 is the number of these connections:

$$
\text{Degree of node 14} = 9
$$

### ✅ Final Answer: **9**",118,False
node_degree/diverse/er/1,node_degree,all,zero_shot,4,qwen3-1.7b,"We are asked to find the **degree** of **node 3** in the given graph.

---

### Step 1: Understand the Definition of Degree

In graph theory, the **degree** of a node is the number of edges connected to it.

---

### Step 2: Look at the Given Information

From the problem, we are given the **degree** of node 3 in the graph:

> **Node 3 has degree 4**

This is directly stated in the question.

---

### ✅ Final Answer:

**The degree of node 3 is 4.**

$$
\boxed{4}
$$",129,False
node_degree/diverse/er/1,node_degree,clustering,zero_shot,4,qwen3-1.7b,"To determine the **degree of node 3**, we need to count how many edges are connected to it in the graph.

From the given information:

- **Node 3** is connected to:
  - Node 1
  - Node 6
  - Node 8
  - Node 13

So, node 3 has **4 edges** connected to it.

### ✅ Final Answer:
**The degree of node 3 is 4.**",98,False
node_degree/diverse/er/1,node_degree,components,zero_shot,4,qwen3-1.7b,"To find the **degree of node 3**, we need to count how many edges are connected to it in the graph.

From the given information:

- **Node 3 is connected to nodes 1, 6, 8, 13.**

So, the degree of node 3 is:

$$
\boxed{4}
$$",72,False
node_degree/diverse/er/1,node_degree,degree,zero_shot,4,qwen3-1.7b,"We are asked to find the **degree of node 3** in the given graph.

---

### Step 1: Understand the Definition of Degree

In graph theory, the **degree** of a node is the **number of edges** connected to it.

---

### Step 2: Look at the Given Information

From the problem, we are given the **degrees** of all nodes:

- Node 0: 1  
- Node 1: 2  
- Node 2: 3  
- Node 3: 4  
- Node 4: 1  
- Node 5: 2  
- Node 6: 3  
- Node 7: 1  
- Node 8: 1  
- Node 9: 5  
- Node 10: 2  
- Node 11: 1  
- Node 12: 1  
- Node 13: 3  
- Node 14: 3  
- Node 15: 3  
- Node 16: 2  
- Node 17: 2  
- Node 18: 4  
- Node 19: 1  

---

### Step 3: Identify the Degree of Node 3

From the list above:

- **Node 3 has degree 4**

---

### ✅ Final Answer:

**The degree of node 3 is 4.**",298,False
node_degree/diverse/er/1,node_degree,filler,zero_shot,4,qwen3-1.7b,"To determine the **degree of node 3**, we need to count how many edges are connected to it in the graph.

From the given information:

- **Node 3** is connected to nodes: **1, 6, 8, 13**

So, the degree of node 3 is:

$$
\boxed{4}
$$",73,False
node_degree/diverse/er/1,node_degree,none,zero_shot,4,qwen3-1.7b,"To determine the **degree of node 3**, we need to count how many edges are connected to it.

From the given information:

- **Node 3 is connected to nodes 1, 6, 8, 13.**

So, node 3 is connected to **4** nodes.

### ✅ Final Answer:
**The degree of node 3 is 4.**",82,False
node_degree/diverse/er/1,node_degree,rwse,zero_shot,4,qwen3-1.7b,"To determine the **degree of node 3**, we need to count how many **edges** are connected to it in the graph.

From the given information:

- **Node 3 is connected to nodes 1, 6, 8, and 13.**

So, the degree of node 3 is:

$$
\boxed{4}
$$

---

**Answer: 4**",83,False
node_degree/diverse/er/2,node_degree,all,zero_shot,4,qwen3-1.7b,"The question asks for the **degree of node 0** in the given graph.

### Step 1: Understand the definition of degree
In graph theory, the **degree** of a node is the number of edges connected to it.

### Step 2: Look at the given information
From the problem statement:

> **Node 0 is connected to nodes 7, 12, 13, 19.**

This means node 0 has **4 edges** connected to it.

### Step 3: Confirm the answer
The degree of node 0 is the number of neighbors it has, which is **4**.

---

### ✅ Final Answer:
**4**",143,False
node_degree/diverse/er/2,node_degree,clustering,zero_shot,4,qwen3-1.7b,"To find the **degree** of **node 0**, we need to count how many edges are connected to it in the graph.

From the given information:

- **Node 0 is connected to nodes 7, 12, 13, 19.**

So, the degree of **node 0** is:

$$
\boxed{4}
$$",78,False
node_degree/diverse/er/2,node_degree,components,zero_shot,4,qwen3-1.7b,"To find the **degree of node 0**, we need to count how many edges are connected to it.

From the given information:

- **Node 0** is connected to **nodes 7, 12, 13, 19**.

So, the degree of node 0 is:

$$
\boxed{4}
$$",73,False
node_degree/diverse/er/2,node_degree,degree,zero_shot,4,qwen3-1.7b,"The question is asking for the **degree of node 0** in the given graph.

From the problem statement:

> **Node 0 is connected to nodes 7, 12, 13, 19.**

This means node 0 is connected to **4 nodes**, so its **degree is 4**.

---

### ✅ Final Answer:
**4**",80,False
node_degree/diverse/er/2,node_degree,filler,zero_shot,4,qwen3-1.7b,"To determine the **degree of node 0**, we need to count how many edges are connected to it.

From the given information:

- **Node 0** is connected to **nodes 7, 12, 13, 19**.

So, the degree of node 0 is:

$$
\boxed{4}
$$",73,False
node_degree/diverse/er/2,node_degree,none,zero_shot,4,qwen3-1.7b,"To determine the **degree of node 0**, we need to count how many edges are connected to it.

From the given information:

- **Node 0** is connected to **nodes 7, 12, 13, 19**.

So, the degree of node 0 is:

$$
\boxed{4}
$$",73,False
node_degree/diverse/er/2,node_degree,rwse,zero_shot,4,qwen3-1.7b,"To find the **degree of node 0**, we need to count how many **edges** are connected to it in the graph.

From the given information:

- **Node 0 is connected to nodes 7, 12, 13, 19.**

So, the degree of node 0 is:

$$
\boxed{4}
$$

---

**Answer: 4**",84,False
node_degree/diverse/er/3,node_degree,all,zero_shot,18,qwen3-1.7b,"The question asks for the **degree** of **node 2**.

### Step 1: Understand the definition of degree
In graph theory, the **degree** of a node is the number of edges connected to it.

### Step 2: Look at the given information
From the problem, we are given the **degree** of node 2 in the graph:

> **Node 2 has degree 18**

### ✅ Final Answer:
**18**",98,False
node_degree/diverse/er/3,node_degree,clustering,zero_shot,18,qwen3-1.7b,"To find the **degree** of node 2 in the graph, we need to count how many edges are connected to it.

From the given information:

- **Node 2** is connected to nodes:  
  0, 1, 3, 4, 5, 6, 7, 8, 9, 10, 11, 12, 14, 15, 16, 17, 18, 19.

So, the degree of node 2 is the number of these connections, which is:

$$
\boxed{19}
$$

### ✅ Final Answer: **19**",146,False
node_degree/diverse/er/3,node_degree,components,zero_shot,18,qwen3-1.7b,"To find the **degree of node 2**, we need to count how many edges are connected to it.

From the description:

- **Node 2** is connected to nodes:  
  `0, 1, 3, 4, 5, 6, 7, 8, 9, 10, 11, 12, 14, 15, 16, 17, 18, 19`

Counting these:

- 0
- 1
- 3
- 4
- 5
- 6
- 7
- 8
- 9
- 10
- 11
- 12
- 14
- 15
- 16
- 17
- 18
- 19

That's **18** connections.

### ✅ Final Answer:
**The degree of node 2 is 18.**",215,False
node_degree/diverse/er/3,node_degree,degree,zero_shot,18,qwen3-1.7b,"We are asked to find the **degree of node 2** in the given graph.

### Step 1: Understand the definition of degree
In a graph, the **degree of a node** is the number of edges connected to it.

### Step 2: Look at the given information
From the problem, we are given the **degrees** of all nodes:

- Node 0: 19  
- Node 1: 18  
- Node 2: 18  
- Node 3: 19  
- Node 4: 17  
- Node 5: 19  
- Node 6: 19  
- Node 7: 19  
- Node 8: 19  
- Node 9: 19  
- Node 10: 18  
- Node 11: 19  
- Node 12: 19  
- Node 13: 18  
- Node 14: 19  
- Node 15: 19  
- Node 16: 19  
- Node 17: 19  
- Node 18: 19  
- Node 19: 19

### Step 3: Identify the degree of node 2
From the list above, **node 2 has degree 18**.

---

### ✅ Final Answer:
**The degree of node 2 is 18.**",315,False
node_degree/diverse/er/3,node_degree,filler,zero_shot,18,qwen3-1.7b,"To determine the **degree of node 2**, we need to count how many edges are connected to it in the graph.

From the given information:

- **Node 2** is connected to the following nodes:
  - 0
  - 1
  - 3
  - 4
  - 5
  - 6
  - 7
  - 8
  - 9
  - 10
  - 11
  - 12
  - 13
  - 14
  - 15
  - 16
  - 17
  - 18
  - 19

This is a total of **19 connections**.

### ✅ Final Answer:
**The degree of node 2 is 19.**",179,False
node_degree/diverse/er/3,node_degree,none,zero_shot,18,qwen3-1.7b,"To determine the **degree of node 2**, we need to count how many edges are connected to it.

From the given information:

- **Node 2** is connected to the following nodes:
  - 0
  - 1
  - 3
  - 4
  - 5
  - 6
  - 7
  - 8
  - 9
  - 10
  - 11
  - 12
  - 14
  - 15
  - 16
  - 17
  - 18
  - 19

Let's count these:

- 0
- 1
- 3
- 4
- 5
- 6
- 7
- 8
- 9
- 10
- 11
- 12
- 14
- 15
- 16
- 17
- 18
- 19

That's **18** connections.

### ✅ Final Answer:
**The degree of node 2 is 18.**",253,False
node_degree/diverse/er/3,node_degree,rwse,zero_shot,18,qwen3-1.7b,"To determine the **degree** of node 2 in the graph, we need to count how many edges are connected to it.

From the given information:

- **Node 2** is connected to nodes:  
  **0, 1, 3, 4, 5, 6, 7, 8, 9, 10, 11, 12, 14, 15, 16, 17, 18, 19**

Let's count these:

- 0
- 1
- 3
- 4
- 5
- 6
- 7
- 8
- 9
- 10
- 11
- 12
- 14
- 15
- 16
- 17
- 18
- 19

That's **18** connections.

### ✅ Final Answer:
**The degree of node 2 is 18.**",221,False
node_degree/diverse/er/4,node_degree,all,zero_shot,8,qwen3-1.7b,"To determine the **degree of node 18**, we can look directly at the given information about the graph.

From the problem statement:

> **Node 18 is connected to nodes 0, 3, 6, 10, 12, 13, 14, 19.**

So, node 18 is connected to **8 nodes**.

### ✅ Final Answer:
**The degree of node 18 is 8.**",102,False
node_degree/diverse/er/4,node_degree,clustering,zero_shot,8,qwen3-1.7b,"To find the **degree** of node 18 in the graph, we need to count how many edges are connected to it.

From the given information:

- **Node 18 is connected to nodes 0, 3, 6, 10, 12, 13, 14, 19**.

So, the degree of node 18 is the number of these connections:

$$
\text{Degree of node 18} = 8
$$

### ✅ Final Answer: **8**",116,False
node_degree/diverse/er/4,node_degree,components,zero_shot,8,qwen3-1.7b,"To find the **degree of node 18**, we need to count how many edges are connected to it in the graph.

From the given information:

- **Node 18** is connected to nodes:  
  0, 3, 6, 10, 12, 13, 14, 19

So, the degree of node 18 is the number of these connections, which is:

$$
\boxed{8}
$$

### ✅ Final Answer: **8**",112,False
node_degree/diverse/er/4,node_degree,degree,zero_shot,8,qwen3-1.7b,"We are asked to find the **degree of node 18** in the given graph.

---

### Step 1: Understand the Definition of Degree

In a graph, the **degree of a node** is the number of edges connected to it.

---

### Step 2: Look at the Given Information

From the problem, we are given the **degrees** of all nodes:

- Node 0: 6  
- Node 1: 6  
- Node 2: 8  
- Node 3: 8  
- Node 4: 7  
- Node 5: 7  
- Node 6: 4  
- Node 7: 4  
- Node 8: 6  
- Node 9: 6  
- Node 10: 6  
- Node 11: 1  
- Node 12: 5  
- Node 13: 6  
- Node 14: 7  
- Node 15: 9  
- Node 16: 3  
- Node 17: 7  
- Node 18: ? (this is what we need to find)  
- Node 19: 6

---

### Step 3: Use the Degree Information

From the list, we can see that **node 18** has a degree of **8** (as per the list: **Node 18 has degree 8**).

---

### ✅ Final Answer:

**The degree of node 18 is 8.**",326,False
node_degree/diverse/er/4,node_degree,filler,zero_shot,8,qwen3-1.7b,"To find the **degree of node 18**, we need to count how many edges are connected to it in the graph.

From the given information:

- **Node 18** is connected to nodes:  
  0, 3, 6, 10, 12, 13, 14, 19

So, the degree of node 18 is the number of these connections, which is:

$$
\boxed{8}
$$

### ✅ Final Answer: **8**",112,False
node_degree/diverse/er/4,node_degree,none,zero_shot,8,qwen3-1.7b,"To find the **degree of node 18**, we need to count how many edges are connected to it in the graph.

From the given information:

- **Node 18** is connected to nodes:  
  0, 3, 6, 10, 12, 13, 14, 19

So, the degree of node 18 is the number of these connections, which is:

$$
\boxed{8}
$$

### ✅ Final Answer: **8**",112,False
node_degree/diverse/er/4,node_degree,rwse,zero_shot,8,qwen3-1.7b,"To find the **degree of node 18**, we need to count how many **edges** are connected to it in the graph.

From the given information:

- **Node 18 is connected to nodes 0, 3, 6, 10, 12, 13, 14, 19**.

So, the degree of node 18 is the number of these connections:

$$
\text{Degree of node 18} = 8
$$

### ✅ Final Answer: **8**",117,False
node_degree/diverse/ba/0,node_degree,all,zero_shot,6,qwen3-1.7b,"We are asked to find the **degree** of **node 1**.

---

### Step 1: Understand the Definition of Degree

In graph theory, the **degree** of a node is the number of edges connected to it.

---

### Step 2: Look at the Given Information

From the problem, we are given the **degree** of node 1 in the graph:

> **Node 1 has degree 6**

---

### ✅ Final Answer:

**The degree of node 1 is 6.**

---

**Answer: 6**",116,False
node_degree/diverse/ba/0,node_degree,clustering,zero_shot,6,qwen3-1.7b,"To find the **degree** of node 1 in the graph, we need to count how many edges are connected to it.

From the given information:

- **Node 1** is connected to **nodes 0, 15, 16, 17, 18, 19**.

So, the degree of node 1 is:

$$
\boxed{6}
$$",85,False
node_degree/diverse/ba/0,node_degree,components,zero_shot,6,qwen3-1.7b,"We are asked to find the **degree of node 1** in the given graph.

---

### Step 1: Understand the definition of degree

In graph theory, the **degree of a node** is the number of edges connected to it.

---

### Step 2: Look at the given information

From the description:

- **Node 1** is connected to **nodes 0, 15, 16, 17, 18, 19**.

So, the edges connected to node 1 are:

- 0
- 15
- 16
- 17
- 18
- 19

That's **6 edges**.

---

### ✅ Final Answer:

**The degree of node 1 is 6.**",168,False
node_degree/diverse/ba/0,node_degree,degree,zero_shot,6,qwen3-1.7b,"We are given the **degrees** of all nodes in a graph, and we are asked to find the **degree of node 1**.

From the problem statement:

> **Node 1 has degree 6.**

---

### ✅ Final Answer:
**6**",56,False
node_degree/diverse/ba/0,node_degree,filler,zero_shot,6,qwen3-1.7b,"To determine the **degree of node 1**, we need to count how many edges are connected to it.

From the given information:

- **Node 1** is connected to **nodes 0, 15, 16, 17, 18, 19**.

So, the degree of node 1 is:

$$
\text{Degree of node 1} = 6
$$

### ✅ Final Answer:
**6**",99,False
node_degree/diverse/ba/0,node_degree,none,zero_shot,6,qwen3-1.7b,"We are given a graph with 19 nodes (0 through 19), and we are asked to find the **degree of node 1**.

### Definition of Degree:
The **degree** of a node in a graph is the number of edges connected to it.

---

### Step 1: Look at the given information

From the problem, we are given the **connections** for each node. Let's focus on **node 1**.

From the description:

> **Node 1 is connected to nodes 0, 15, 16, 17, 18, 19.**

So, node 1 is connected to:

- 0
- 15
- 16
- 17
- 18
- 19

That's **6** connections.

---

### ✅ Final Answer:

**The degree of node 1 is 6.**",195,False
node_degree/diverse/ba/0,node_degree,rwse,zero_shot,6,qwen3-1.7b,"We are asked to find the **degree** of node **1** in the given graph.

---

### Step 1: Understand the Definition of Degree

In graph theory, the **degree** of a node is the number of edges connected to it.

---

### Step 2: Look at the Given Information

From the problem, we are given the **connections** (edges) for each node. Specifically, the connections are listed as:

- **Node 1** is connected to: **0, 15, 16, 17, 18, 19**

So, the edges from node 1 are:

- 1 → 0  
- 1 → 15  
- 1 → 16  
- 1 → 17  
- 1 → 18  
- 1 → 19

---

### Step 3: Count the Number of Edges

There are **6** edges connected to node 1.

---

### ✅ Final Answer:

**The degree of node 1 is 6.**",224,False
node_degree/diverse/ba/1,node_degree,all,zero_shot,9,qwen3-1.7b,"To determine the **degree of node 2**, we can refer directly to the given information in the problem.

From the problem statement:

> **Node 2 is connected to nodes 0, 5, 6, 7, 8, 12, 14, 18, 19.**

So, the degree of node 2 is the number of nodes it is connected to, which is:

$$
\boxed{8}
$$

---

**Answer:** $\boxed{8}$",108,False
node_degree/diverse/ba/1,node_degree,clustering,zero_shot,9,qwen3-1.7b,"To find the **degree** of **node 2**, we need to count how many edges are connected to it in the graph.

From the given information:

- **Node 2 is connected to nodes 0, 5, 6, 7, 8, 12, 14, 18, 19**.

So, the degree of **node 2** is:

$$
\boxed{8}
$$",94,False
node_degree/diverse/ba/1,node_degree,components,zero_shot,9,qwen3-1.7b,"To find the **degree of node 2**, we need to count how many edges are connected to it.

From the description:

- **Node 2 is connected to nodes 0, 5, 6, 7, 8, 12, 14, 18, 19**.

So, the degree of node 2 is the number of these connections:

$$
\text{Degree of node 2} = 8
$$

### ✅ Final Answer:
**8**",109,False
node_degree/diverse/ba/1,node_degree,degree,zero_shot,9,qwen3-1.7b,"We are asked to find the **degree of node 2** in the given graph.

---

### Step 1: Understand the Definition of Degree

In graph theory, the **degree** of a node is the number of edges connected to it.

---

### Step 2: Look at the Given Information

From the problem, we are given the **degrees** of all nodes:

- Node 0: 15  
- Node 1: 1  
- Node 2: 9  
- Node 3: 3  
- Node 4: 11  
- Node 5: 7  
- Node 6: 11  
- Node 7: 8  
- Node 8: 6  
- Node 9: 6  
- Node 10: 8  
- Node 11: 5  
- Node 12: 6  
- Node 13: 6  
- Node 14: 5  
- Node 15: 5  
- Node 16: 4  
- Node 17: 4  
- Node 18: 4  
- Node 19: 4  

---

### Step 3: Answer the Question

We are asked: **What is the degree of node 2?**

From the list above:

$$
\boxed{9}
$$

---

### ✅ Final Answer: **9**",300,False
node_degree/diverse/ba/1,node_degree,filler,zero_shot,9,qwen3-1.7b,"To determine the **degree of node 2**, we need to count how many edges are connected to it.

From the given information:

- **Node 2 is connected to nodes 0, 5, 6, 7, 8, 12, 14, 18, 19**.

So, the degree of node 2 is the number of these connections:

$$
\text{Degree of node 2} = 8
$$

### ✅ Final Answer:
**The degree of node 2 is 8.**",119,False
node_degree/diverse/ba/1,node_degree,none,zero_shot,9,qwen3-1.7b,"To find the **degree of node 2**, we need to count how many edges are connected to it.

From the given information:

- **Node 2 is connected to nodes 0, 5, 6, 7, 8, 12, 14, 18, 19.**

So, the degree of node 2 is the number of these connections:

$$
\text{Degree of node 2} = 8
$$

### ✅ Final Answer:
**The degree of node 2 is 8.**",119,False
node_degree/diverse/ba/1,node_degree,rwse,zero_shot,9,qwen3-1.7b,"To find the **degree of node 2**, we need to count how many **edges** are connected to it in the graph.

From the given information:

- **Node 2 is connected to nodes 0, 5, 6, 7, 8, 12, 14, 18, 19**.

So, the degree of node 2 is the number of these connections:

$$
\text{Degree of node 2} = 8
$$

### ✅ Final Answer: **8**",115,False
node_degree/diverse/ba/2,node_degree,all,zero_shot,8,qwen3-1.7b,"To determine the **degree** of node 3, we look at the number of edges connected to it in the graph.

From the given information:

- **Node 3 is connected to nodes 0, 10, 11, 12, 13, 14, 15, 19**.

So, the degree of node 3 is:

$$
\boxed{8}
$$",90,False
node_degree/diverse/ba/2,node_degree,clustering,zero_shot,8,qwen3-1.7b,"To find the **degree** of node 3 in the graph, we need to count how many edges are connected to it.

From the given information:

- **Node 3 is connected to nodes 0, 10, 11, 12, 13, 14, 15, 19.**

So, the degree of node 3 is the number of these connections:

$$
\text{Degree of node 3} = 8
$$

### ✅ Final Answer: **8**",114,False
node_degree/diverse/ba/2,node_degree,components,zero_shot,8,qwen3-1.7b,"To find the **degree of node 3**, we need to count how many edges are connected to it.

From the given information:

- **Node 3** is connected to nodes:  
  0, 10, 11, 12, 13, 14, 15, 19

So, the degree of node 3 is the number of these connections, which is:

$$
\boxed{8}
$$

### ✅ Final Answer: **8**",108,False
node_degree/diverse/ba/2,node_degree,degree,zero_shot,8,qwen3-1.7b,"We are asked to find the **degree of node 3** in the given graph.

### Step 1: Understand the definition of degree
In a graph, the **degree of a node** is the number of edges connected to it.

### Step 2: Look at the given information
From the problem, we are given the **degrees** of all nodes:

- Node 0: 18  
- Node 1: 8  
- Node 2: 9  
- Node 3: 8  
- Node 4: 6  
- Node 5: 7  
- Node 6: 8  
- Node 7: 4  
- Node 8: 2  
- Node 9: 8  
- Node 10: 17  
- Node 11: 15  
- Node 12: 13  
- Node 13: 14  
- Node 14: 11  
- Node 15: 13  
- Node 16: 10  
- Node 17: 9  
- Node 18: 9  
- Node 19: 9  

### Step 3: Identify the degree of node 3
From the list above, the degree of **node 3** is:

$$
\boxed{8}
$$

---

### ✅ Final Answer:
**The degree of node 3 is 8.**",310,False
node_degree/diverse/ba/2,node_degree,filler,zero_shot,8,qwen3-1.7b,"To determine the **degree of node 3**, we need to count how many edges are connected to it in the graph.

From the given information:

- **Node 3** is connected to the following nodes:
  - 0
  - 10
  - 11
  - 12
  - 13
  - 14
  - 15
  - 19

So, node 3 is connected to **8** different nodes.

### ✅ Final Answer:
**The degree of node 3 is 8.**",123,False
node_degree/diverse/ba/2,node_degree,none,zero_shot,8,qwen3-1.7b,"To determine the **degree of node 3**, we need to count how many edges are connected to it.

From the given information:

- **Node 3** is connected to nodes:  
  0, 10, 11, 12, 13, 14, 15, 19

So, the degree of node 3 is the number of these connections, which is:

$$
\boxed{8}
$$

### ✅ Final Answer: **8**",108,False
node_degree/diverse/ba/2,node_degree,rwse,zero_shot,8,qwen3-1.7b,"To find the **degree of node 3**, we need to count how many **edges** are connected to it in the graph.

From the given information:

- **Node 3 is connected to nodes 0, 10, 11, 12, 13, 14, 15, 19**.

So, the degree of node 3 is the number of these connections:

$$
\text{Degree of node 3} = 8
$$

### ✅ Final Answer: **8**",115,False
node_degree/diverse/ba/3,node_degree,all,zero_shot,5,qwen3-1.7b,"To determine the **degree of node 11**, we need to count how many edges are connected to it in the graph.

From the given information:

- **Node 11 is connected to nodes 0, 13, 14, 15, 17**.

So, the degree of node 11 is:

$$
\boxed{5}
$$",81,False
node_degree/diverse/ba/3,node_degree,clustering,zero_shot,5,qwen3-1.7b,"To find the **degree** of node 11 in the graph, we need to count how many edges are connected to it.

From the given information:

- **Node 11 is connected to nodes 0, 13, 14, 15, 17**

So, the degree of node 11 is:

$$
\boxed{5}
$$",81,False
node_degree/diverse/ba/3,node_degree,components,zero_shot,5,qwen3-1.7b,"To find the **degree of node 11**, we need to count how many edges are connected to it.

From the description:

- **Node 11** is connected to **nodes 0, 13, 14, 15, 17**.

So, the degree of node 11 is:

$$
\boxed{5}
$$",79,False
node_degree/diverse/ba/3,node_degree,degree,zero_shot,5,qwen3-1.7b,"We are asked to find the **degree of node 11** in the given graph.

---

### Step 1: Understand the Definition of Degree

In a graph, the **degree of a node** is the number of edges connected to it.

---

### Step 2: Look at the Given Information

From the problem, we are given the **degree of each node**:

- Node 0: 19  
- Node 1: 6  
- Node 2: 7  
- Node 3: 7  
- Node 4: 7  
- Node 5: 1  
- Node 6: 4  
- Node 7: 6  
- Node 8: 8  
- Node 9: 6  
- Node 10: 6  
- Node 11: ? (this is what we need to find)  
- Node 12: 7  
- Node 13: 18  
- Node 14: 16  
- Node 15: 16  
- Node 16: 15  
- Node 17: 14  
- Node 18: 12  
- Node 19: 12

---

### Step 3: Use the Degree Information

From the problem, we are also given the **connections** (edges) for each node. But we **do not need** to list all edges. Instead, we can directly use the **degree** information provided.

From the list:

- **Node 11** has degree **5**.

---

### ✅ Final Answer:

**The degree of node 11 is 5.**",357,False
node_degree/diverse/ba/3,node_degree,filler,zero_shot,5,qwen3-1.7b,"To determine the **degree of node 11**, we need to count how many edges are connected to it in the graph.

From the given information:

- **Node 11** is connected to **nodes 0, 13, 14, 15, 17**.

So, the degree of node 11 is:

$$
\boxed{5}
$$",83,False
node_degree/diverse/ba/3,node_degree,none,zero_shot,5,qwen3-1.7b,"To find the **degree of node 11**, we need to count how many edges are connected to it.

From the given information:

- **Node 11** is connected to **nodes 0, 13, 14, 15, 17**.

So, the degree of node 11 is:

$$
\boxed{5}
$$",80,False
node_degree/diverse/ba/3,node_degree,rwse,zero_shot,5,qwen3-1.7b,"To find the **degree** of node 11, we need to count how many **edges** are connected to it in the graph.

From the given information:

- **Node 11 is connected to nodes 0, 13, 14, 15, 17** (as per the adjacency list).

So, the degree of node 11 is:

$$
\text{Degree of node 11} = 5
$$

### ✅ Final Answer: **5**",109,False
node_degree/diverse/ba/4,node_degree,all,zero_shot,5,qwen3-1.7b,"We are asked to find the **degree** of **node 7** in the graph described.

---

### Step 1: Understand the Definition of Degree

In graph theory, the **degree** of a node is the number of edges connected to it.

---

### Step 2: Look at the Given Information

From the problem, we are given the **degree** of node 7 in the graph:

> **Node 7 has degree 5**

---

### ✅ Final Answer:

**The degree of node 7 is 5.**

---

**Answer: 5**",120,False
node_degree/diverse/ba/4,node_degree,clustering,zero_shot,5,qwen3-1.7b,"To find the **degree** of node 7, we need to count how many edges are connected to it in the graph.

From the given information:

- **Node 7 is connected to nodes 0, 13, 14, 17, 18**

So, the degree of node 7 is:

$$
\boxed{5}
$$",78,False
node_degree/diverse/ba/4,node_degree,components,zero_shot,5,qwen3-1.7b,"To find the **degree of node 7**, we need to count how many edges are connected to it.

From the description:

- **Node 7** is connected to nodes:  
  `0, 13, 14, 17, 18`

So, the degree of node 7 is:

$$
\boxed{5}
$$",77,False
node_degree/diverse/ba/4,node_degree,degree,zero_shot,5,qwen3-1.7b,"We are asked to find the **degree of node 7** in the given graph.

---

### Step 1: Understand the Definition of Degree

In a graph, the **degree of a node** is the number of edges connected to it.

---

### Step 2: Look at the Given Information

From the problem, we are given the **degrees** of all nodes:

- Node 0: 19  
- Node 1: 7  
- Node 2: 6  
- Node 3: 6  
- Node 4: 8  
- Node 5: 5  
- Node 6: 4  
- Node 7: ? (this is what we need to find)  
- Node 8: 6  
- Node 9: 8  
- Node 10: 5  
- Node 11: 7  
- Node 12: 4  
- Node 13: 16  
- Node 14: 17  
- Node 15: 16  
- Node 16: 14  
- Node 17: 14  
- Node 18: 13  
- Node 19: 12

---

### Step 3: Use the Degree Information

From the problem, we are also given the **connections** (edges) for each node. But we **do not need** to list all edges. Instead, we can use the **degree** of node 7 directly.

From the list of degrees:

- Node 7 has degree **6**.

---

### ✅ Final Answer:

**The degree of node 7 is 6.**",356,False
node_degree/diverse/ba/4,node_degree,filler,zero_shot,5,qwen3-1.7b,"To determine the **degree of node 7**, we need to count how many edges are connected to it in the graph.

From the given information:

- **Node 7** is connected to nodes:  
  0, 13, 14, 17, 18

So, the degree of node 7 is:

$$
\boxed{5}
$$",81,False
node_degree/diverse/ba/4,node_degree,none,zero_shot,5,qwen3-1.7b,"To find the **degree of node 7**, we need to count how many edges are connected to it.

From the given information:

- **Node 7** is connected to nodes:  
  **0, 13, 14, 17, 18**

So, the degree of node 7 is:

$$
\boxed{5}
$$",78,False
node_degree/diverse/ba/4,node_degree,rwse,zero_shot,5,qwen3-1.7b,"To find the **degree of node 7**, we need to count how many **edges** are connected to it in the graph.

From the given information:

- **Node 7 is connected to nodes 0, 13, 14, 17, 18** (as per the adjacency list).

So, the degree of node 7 is:

$$
\text{Degree of node 7} = 5
$$

### ✅ Final Answer: **5**",104,False
node_degree/diverse/sbm/0,node_degree,all,zero_shot,9,qwen3-1.7b,"The question asks for the **degree** of **node 0**.

### Step 1: Understand the definition of degree
In graph theory, the **degree** of a node is the number of edges connected to it.

### Step 2: Look at the given information
From the problem statement:

> **Node 0 is connected to nodes 5, 10, 12, 13, 14, 15, 17, 18, 19.**

This means node 0 is connected to **9 nodes**.

### Step 3: Conclusion
The degree of node 0 is:

$$
\boxed{9}
$$",144,False
node_degree/diverse/sbm/0,node_degree,clustering,zero_shot,9,qwen3-1.7b,"To find the **degree** of node 0 in the graph, we need to count how many edges are connected to node 0.

From the given information:

- **Node 0 is connected to nodes 5, 10, 12, 13, 14, 15, 17, 18, 19.**

So, the degree of node 0 is the number of these connections:

$$
\text{Degree of node 0} = 8
$$

### ✅ Final Answer:
**The degree of node 0 is 8.**",129,False
node_degree/diverse/sbm/0,node_degree,components,zero_shot,9,qwen3-1.7b,"To find the **degree of node 0**, we need to count how many edges are connected to it.

From the given information:

- **Node 0** is connected to **nodes 5, 10, 12, 13, 14, 15, 17, 18, 19**.

So, the degree of node 0 is:

$$
\boxed{9}
$$",93,False
node_degree/diverse/sbm/0,node_degree,degree,zero_shot,9,qwen3-1.7b,"We are asked to find the **degree of node 0** in the given graph.

### Step 1: Understand the definition of degree
In a graph, the **degree of a node** is the number of edges connected to it.

### Step 2: Look at the given information
From the problem, we are given the **degrees** of all nodes:

- Node 0: degree 9  
- Node 1: degree 8  
- Node 2: degree 9  
- Node 3: degree 6  
- Node 4: degree 8  
- Node 5: degree 7  
- Node 6: degree 6  
- Node 7: degree 5  
- Node 8: degree 8  
- Node 9: degree 7  
- Node 10: degree 6  
- Node 11: degree 5  
- Node 12: degree 7  
- Node 13: degree 11  
- Node 14: degree 11  
- Node 15: degree 9  
- Node 16: degree 3  
- Node 17: degree 7  
- Node 18: degree 7  
- Node 19: degree 9  

### Step 3: Identify the degree of node 0
From the list above:

> **Node 0 has degree 9**

---

### ✅ Final Answer:
**The degree of node 0 is 9.**",315,False
node_degree/diverse/sbm/0,node_degree,filler,zero_shot,9,qwen3-1.7b,"To determine the **degree of node 0**, we need to count how many edges are connected to it in the graph.

From the given information:

- **Node 0** is connected to **nodes 5, 10, 12, 13, 14, 15, 17, 18, 19**.

So, the degree of node 0 is the number of these connections, which is:

$$
\boxed{9}
$$

### ✅ Final Answer: **9**",114,False
node_degree/diverse/sbm/0,node_degree,none,zero_shot,9,qwen3-1.7b,"To determine the **degree of node 0**, we need to count how many edges are connected to it.

From the given information:

- **Node 0** is connected to **nodes 5, 10, 12, 13, 14, 15, 17, 18, 19**.

So, the degree of node 0 is the number of these connections, which is:

$$
\boxed{9}
$$

### ✅ Final Answer: **9**",111,False
node_degree/diverse/sbm/0,node_degree,rwse,zero_shot,9,qwen3-1.7b,"To find the **degree of node 0**, we need to count how many **edges** are connected to it in the graph.

From the given information:

- **Node 0 is connected to nodes 5, 10, 12, 13, 14, 15, 17, 18, 19**

So, the degree of node 0 is the number of these connections:

$$
\text{Degree of node 0} = 9
$$

### ✅ Final Answer:
**9**",118,False
node_degree/diverse/sbm/1,node_degree,all,zero_shot,11,qwen3-1.7b,"The question asks for the **degree** of **node 0**.

### Step 1: Understand the definition of degree
In graph theory, the **degree** of a node is the number of edges connected to it.

### Step 2: Look at the given information
From the problem statement:

> **Node 0 is connected to nodes 2, 3, 4, 6, 7, 8, 9, 11, 12, 13, 14.**

This means node 0 is connected to **11** nodes.

### Step 3: Conclusion
The degree of node 0 is:

$$
\boxed{11}
$$",148,False
node_degree/diverse/sbm/1,node_degree,clustering,zero_shot,11,qwen3-1.7b,"To find the **degree** of node 0, we need to count how many edges are connected to it in the graph.

From the given information:

- **Node 0 is connected to nodes 2, 3, 4, 6, 7, 8, 9, 11, 12, 13, 14**

So, the degree of node 0 is the number of these connections:

$$
\text{Degree of node 0} = 11
$$

### ✅ Final Answer:
**11**",121,False
node_degree/diverse/sbm/1,node_degree,components,zero_shot,11,qwen3-1.7b,"To find the **degree of node 0**, we need to count how many edges are connected to it.

From the description:

- **Node 0** is connected to nodes: **2, 3, 4, 6, 7, 8, 9, 11, 12, 13, 14**

So, the degree of node 0 is the number of these connections:

$$
\text{Degree of node 0} = 11
$$

### ✅ Final Answer:
**11**",118,False
node_degree/diverse/sbm/1,node_degree,degree,zero_shot,11,qwen3-1.7b,"To determine the **degree of node 0**, we can look at the list of connections provided in the problem.

From the problem:

> **Node 0 is connected to nodes 2, 3, 4, 6, 7, 8, 9, 11, 12, 13, 14.**

This means node 0 is connected to **11** other nodes.

### ✅ Final Answer:
**The degree of node 0 is 11.**",109,False
node_degree/diverse/sbm/1,node_degree,filler,zero_shot,11,qwen3-1.7b,"To determine the **degree of node 0**, we need to count how many edges are connected to it in the graph.

From the given information:

- **Node 0** is connected to nodes: **2, 3, 4, 6, 7, 8, 9, 11, 12, 13, 14**

So, the degree of node 0 is the number of these connections, which is:

$$
\boxed{11}
$$

### ✅ Final Answer: **11**",117,False
node_degree/diverse/sbm/1,node_degree,none,zero_shot,11,qwen3-1.7b,"To determine the **degree of node 0**, we need to count how many edges are connected to it.

From the given information:

- **Node 0 is connected to nodes 2, 3, 4, 6, 7, 8, 9, 11, 12, 13, 14**

So, the degree of node 0 is the number of these connections:

$$
\text{Degree of node 0} = 11
$$

### ✅ Final Answer:
**The degree of node 0 is 11.**",126,False
node_degree/diverse/sbm/1,node_degree,rwse,zero_shot,11,qwen3-1.7b,"To find the **degree** of node 0, we need to count how many **edges** are connected to it in the graph.

From the given information:

- **Node 0 is connected to nodes 2, 3, 4, 6, 7, 8, 9, 11, 12, 13, 14**

So, the degree of node 0 is the number of these connections:

$$
\text{Degree of node 0} = 11
$$

### ✅ Final Answer:
**11**",123,False
node_degree/diverse/sbm/2,node_degree,all,zero_shot,12,qwen3-1.7b,"The question asks for the **degree** of **node 0**.

### Step 1: Understand the definition of degree
In graph theory, the **degree** of a node is the number of edges connected to it.

### Step 2: Look at the given information
From the problem, we are given the **degree** of node 0 as:

> **Node 0 has degree 12**

### ✅ Final Answer:
**12**",96,False
node_degree/diverse/sbm/2,node_degree,clustering,zero_shot,12,qwen3-1.7b,"To find the **degree** of node 0, we need to count how many edges are connected to it in the graph.

From the given information:

- **Node 0 is connected to nodes 2, 3, 8, 9, 10, 12, 14, 15, 16, 17, 18, 19.**

So, the degree of node 0 is the number of these connections:

$$
\text{Degree of node 0} = 12
$$

### ✅ Final Answer:
**12**",129,False
node_degree/diverse/sbm/2,node_degree,components,zero_shot,12,qwen3-1.7b,"To find the **degree of node 0**, we need to count how many edges are connected to it.

From the given information:

- **Node 0** is connected to nodes: **2, 3, 8, 9, 10, 12, 14, 15, 16, 17, 18, 19**

So, the degree of node 0 is the number of these connections:

$$
\text{Degree of node 0} = 12
$$

### ✅ Final Answer:
**12**",126,False
node_degree/diverse/sbm/2,node_degree,degree,zero_shot,12,qwen3-1.7b,"To determine the **degree of node 0**, we can look at the list of connections provided in the problem.

From the description:

> **Node 0 is connected to nodes 2, 3, 8, 9, 10, 12, 14, 15, 16, 17, 18, 19.**

This means node 0 is connected to **12** other nodes.

### ✅ Final Answer:
**The degree of node 0 is 12.**",116,False
node_degree/diverse/sbm/2,node_degree,filler,zero_shot,12,qwen3-1.7b,"To determine the **degree of node 0**, we need to count how many edges are connected to it.

From the given information:

- **Node 0** is connected to nodes: **2, 3, 8, 9, 10, 12, 14, 15, 16, 17, 18, 19**

So, the degree of node 0 is the number of these connections, which is:

$$
\boxed{12}
$$

**Answer: 12**",118,False
node_degree/diverse/sbm/2,node_degree,none,zero_shot,12,qwen3-1.7b,"To determine the **degree of node 0**, we need to count how many edges are connected to it.

From the given information:

- **Node 0** is connected to nodes: **2, 3, 8, 9, 10, 12, 14, 15, 16, 17, 18, 19**

So, the degree of node 0 is the number of these connections:

$$
\text{Degree of node 0} = 12
$$

### ✅ Final Answer:
**12**",126,False
node_degree/diverse/sbm/2,node_degree,rwse,zero_shot,12,qwen3-1.7b,"To find the **degree of node 0**, we need to count how many **edges** are connected to it in the graph.

From the given information:

- **Node 0 is connected to nodes 2, 3, 8, 9, 10, 12, 14, 15, 16, 17, 18, 19**

Let's count them:

- 2
- 3
- 8
- 9
- 10
- 12
- 14
- 15
- 16
- 17
- 18
- 19

That's **12** connections.

---

### ✅ Final Answer:
**The degree of node 0 is 12.**",175,False
node_degree/diverse/sbm/3,node_degree,all,zero_shot,14,qwen3-1.7b,"To determine the **degree of node 11**, we need to count how many edges are connected to it in the graph.

From the given information:

- **Node 11 is connected to nodes 0, 1, 2, 3, 4, 5, 6, 9, 12, 13, 14, 17, 18, 19**.

Let's count these:

- 0
- 1
- 2
- 3
- 4
- 5
- 6
- 9
- 12
- 13
- 14
- 17
- 18
- 19

That's **14** connections.

### ✅ Final Answer:
**The degree of node 11 is 14.**",186,False
node_degree/diverse/sbm/3,node_degree,clustering,zero_shot,14,qwen3-1.7b,"To find the **degree** of node 11 in the graph, we need to count how many edges are connected to it.

From the given information:

- **Node 11 is connected to nodes 0, 1, 2, 3, 4, 5, 6, 9, 12, 13, 14, 17, 18, 19**.

Let's count these:

- 0
- 1
- 2
- 3
- 4
- 5
- 6
- 9
- 12
- 13
- 14
- 17
- 18
- 19

That's **14** connections.

### ✅ Final Answer:
**The degree of node 11 is 14.**",187,False
node_degree/diverse/sbm/3,node_degree,components,zero_shot,14,qwen3-1.7b,"To find the **degree of node 11**, we need to count how many edges are connected to it in the graph.

From the given information:

- **Node 11** is connected to the following nodes:
  - 0
  - 1
  - 2
  - 3
  - 4
  - 5
  - 6
  - 9
  - 12
  - 13
  - 14
  - 17
  - 18

So, the degree of node 11 is the number of these connections, which is:

$$
\boxed{14}
$$

### ✅ Final Answer: **14**",155,False
node_degree/diverse/sbm/3,node_degree,degree,zero_shot,14,qwen3-1.7b,"To find the **degree of node 11**, we need to count how many edges are connected to it in the graph.

From the given information:

- **Node 11 is connected to nodes 0, 1, 2, 3, 4, 5, 6, 9, 12, 13, 14, 17, 18, 19**

Let's count these:

- 0
- 1
- 2
- 3
- 4
- 5
- 6
- 9
- 12
- 13
- 14
- 17
- 18
- 19

That's **14** connections.

### ✅ Final Answer: **14**",175,False
node_degree/diverse/sbm/3,node_degree,filler,zero_shot,14,qwen3-1.7b,"To determine the **degree of node 11**, we need to count how many edges are connected to it in the graph.

From the given information:

- **Node 11** is connected to the following nodes:
  - 0
  - 1
  - 2
  - 3
  - 4
  - 5
  - 6
  - 9
  - 12
  - 13
  - 14
  - 17
  - 18

This gives a total of **14 connections**.

### ✅ Final Answer:
**The degree of node 11 is 14.**",147,False
node_degree/diverse/sbm/3,node_degree,none,zero_shot,14,qwen3-1.7b,"To find the **degree of node 11**, we need to count how many edges are connected to it.

From the given information:

- **Node 11** is connected to nodes:  
  0, 1, 2, 3, 4, 5, 6, 9, 12, 13, 14, 17, 18, 19

So, the degree of node 11 is the number of these connections, which is:

$$
\boxed{14}
$$

### ✅ Final Answer: **14**",130,False
node_degree/diverse/sbm/3,node_degree,rwse,zero_shot,14,qwen3-1.7b,"To find the **degree** of node 11 in the graph, we need to count how many **edges** are connected to it.

From the given information:

- **Node 11 is connected to nodes 0, 1, 2, 3, 4, 5, 6, 9, 12, 13, 14, 17, 18, 19**.

Let's count these:

- 0
- 1
- 2
- 3
- 4
- 5
- 6
- 9
- 12
- 13
- 14
- 17
- 18
- 19

That's **14** connections.

### ✅ Final Answer:
**The degree of node 11 is 14.**",189,False
node_degree/diverse/sfn/0,node_degree,all,zero_shot,1,qwen3-1.7b,"We are asked to find the **degree of node 19** in the graph described.

---

### Step 1: Understand the Graph Structure

From the problem, we are given the **degree**, **clustering coefficient**, and **return probability** for each node. However, the **actual connections** (i.e., adjacency list) are also provided.

Let’s look at the **connection list** for node 19:

> **Node 19 is connected to node 1.**

So, node 19 is connected to **node 1**.

---

### Step 2: Determine the Degree

The **degree** of a node is the number of edges connected to it.

From the connection list:

- **Node 19** is connected to **node 1**.

So, the **degree of node 19** is:

$$
\boxed{1}
$$

---

### ✅ Final Answer:

**The degree of node 19 is 1.**",207,False
node_degree/diverse/sfn/0,node_degree,clustering,zero_shot,1,qwen3-1.7b,"To find the **degree** of node 19 in the graph, we need to count how many edges are connected to it.

From the given information:

- **Node 19** is connected to **node 1** (as per the list of connections).

So, the degree of node 19 is:

$$
\boxed{1}
$$",75,False
node_degree/diverse/sfn/0,node_degree,components,zero_shot,1,qwen3-1.7b,"To find the **degree of node 19**, we need to count how many edges are connected to it in the graph.

From the description:

- **Node 19** is connected to **node 1** (as per the list: ""Node 19 is connected to node 1"").

So, the degree of **node 19** is:

$$
\boxed{1}
$$",85,False
node_degree/diverse/sfn/0,node_degree,degree,zero_shot,1,qwen3-1.7b,"We are given the **degrees** of all nodes in a graph, and we are asked to find the **degree of node 19**.

Let's look at the information provided:

From the question:

- Node 0 has degree 5  
- Node 1 has degree 9  
- Node 2 has degree 10  
- Node 3 has degree 4  
- Node 4 has degree 4  
- Node 5 has degree 1  
- Node 6 has degree 1  
- Node 7 has degree 1  
- Node 8 has degree 2  
- Node 9 has degree 1  
- Node 10 has degree 1  
- Node 11 has degree 1  
- Node 12 has degree 1  
- Node 13 has degree 1  
- Node 14 has degree 1  
- Node 15 has degree 1  
- Node 16 has degree 1  
- Node 17 has degree 1  
- Node 18 has degree 1  
- Node 19 has degree **?**

---

### Step-by-step:

From the list, we can see that **node 19** is not explicitly listed with a degree. But we can **reconstruct the degree** from the information given in the graph description.

Let’s go through the graph description and count the number of connections (edges) for each node.

---

### Node 19:

From the graph description:

> **Node 19 is connected to node 1.**

So, **node 19 has degree 1**.

---

### ✅ Final Answer:

**The degree of node 19 is 1.**",359,False
node_degree/diverse/sfn/0,node_degree,filler,zero_shot,1,qwen3-1.7b,"To determine the **degree of node 19**, we need to count how many edges are connected to it in the graph.

From the given information:

- **Node 19** is connected to **node 1**.

So, the degree of **node 19** is:

$$
\boxed{1}
$$",69,False
node_degree/diverse/sfn/0,node_degree,none,zero_shot,1,qwen3-1.7b,"To find the **degree of node 19**, we need to count how many edges are connected to it in the graph.

From the given information:

- **Node 19** is connected to **node 1** (as per the list: ""Node 1 is connected to nodes 0, 1, 2, 4, 9, 11, 16, 19"").

So, **node 19 is connected to node 1**.

Therefore, the **degree of node 19** is:

$$
\boxed{1}
$$",124,False
node_degree/diverse/sfn/0,node_degree,rwse,zero_shot,1,qwen3-1.7b,"To determine the **degree of node 19**, we need to count how many **edges** are connected to it in the graph.

From the given information:

- **Node 19 is connected to node 1** (as per the list of connections).
- **Node 19 is not connected to any other node** (as per the list of connections, it only has one connection: to node 1).

### Conclusion:
Node 19 has **1 edge** connected to it.

### Final Answer:
**1**",111,False
node_degree/diverse/sfn/1,node_degree,all,zero_shot,1,qwen3-1.7b,"To determine the **degree of node 15**, we need to count how many edges are connected to it in the graph.

### Step 1: Look at the given connections for node 15

From the problem statement:

> **Node 15 is connected to node 0.**

So, node 15 is connected to **one other node** (node 0), and thus has a **degree of 1**.

---

### ✅ Final Answer:
**The degree of node 15 is 1.**",112,False
node_degree/diverse/sfn/1,node_degree,clustering,zero_shot,1,qwen3-1.7b,"To find the **degree** of node 15 in the graph, we need to count how many edges are connected to it.

From the given information:

- **Node 15 is connected to node 0** (as per the list of connections).
- **Node 15 is not connected to any other nodes** (as per the list of connections).

So, the degree of node 15 is:

$$
\boxed{1}
$$",95,False
node_degree/diverse/sfn/1,node_degree,components,zero_shot,1,qwen3-1.7b,"To find the **degree of node 15**, we need to count how many edges are connected to it in the graph.

From the description:

- **Node 15** is connected to **node 0**.

So, the degree of node 15 is:

$$
\boxed{1}
$$",66,False
node_degree/diverse/sfn/1,node_degree,degree,zero_shot,1,qwen3-1.7b,"We are asked to find the **degree of node 15** in the given graph.

---

### Step 1: Understand the Definition of Degree

In a graph, the **degree of a node** is the number of edges connected to it.

---

### Step 2: Look at the Given Information

From the problem, we are given the **degrees** of all nodes:

- Node 0: 8  
- Node 1: 11  
- Node 2: 7  
- Node 3: 5  
- Node 4: 3  
- Node 5: 4  
- Node 6: 1  
- Node 7: 1  
- Node 8: 1  
- Node 9: 3  
- Node 10: 1  
- Node 11: 2  
- Node 12: 1  
- Node 13: 1  
- Node 14: 1  
- Node 15: 1  
- Node 16: 1  
- Node 17: 2  
- Node 18: 1  
- Node 19: 1  

---

### Step 3: Identify the Degree of Node 15

From the list above, we can directly see:

> **Node 15 has degree 1**

---

### ✅ Final Answer:

**The degree of node 15 is 1.**",306,False
node_degree/diverse/sfn/1,node_degree,filler,zero_shot,1,qwen3-1.7b,"To determine the **degree of node 15**, we need to count how many edges are connected to it in the graph.

From the given information:

- **Node 15** is connected to **node 0**.

So, the degree of **node 15** is:

$$
\boxed{1}
$$",69,False
node_degree/diverse/sfn/1,node_degree,none,zero_shot,1,qwen3-1.7b,"To determine the **degree of node 15**, we need to count how many edges are connected to it in the graph.

From the given information:

- **Node 15** is connected to **node 0**.

So, the degree of node 15 is:

$$
\boxed{1}
$$",67,False
node_degree/diverse/sfn/1,node_degree,rwse,zero_shot,1,qwen3-1.7b,"To determine the **degree** of node 15 in the graph, we need to count how many **edges** are connected to it.

From the given information:

- **Node 15 is connected to node 0** (as per the adjacency list).
- **Node 15 is not connected to any other node** (as per the adjacency list).

So, the degree of node 15 is:

$$
\boxed{1}
$$",95,False
node_degree/diverse/sfn/2,node_degree,all,zero_shot,1,qwen3-1.7b,"To determine the **degree of node 19**, we need to count how many edges are connected to it in the graph.

From the given information:

- **Node 19** is connected to **node 5** (as per the adjacency list provided).

So, the **degree of node 19** is:

$$
\boxed{1}
$$",76,False
node_degree/diverse/sfn/2,node_degree,clustering,zero_shot,1,qwen3-1.7b,"To find the **degree** of node 19 in the graph, we need to count how many edges are connected to it.

From the given information:

- **Node 19** is connected to **node 5** (as per the list of connections for node 5: 0, 1, 3, 8, 10, 11, 19).

So, **node 19 has degree 1**.

---

### ✅ Final Answer:
**The degree of node 19 is 1.**",117,False
node_degree/diverse/sfn/2,node_degree,components,zero_shot,1,qwen3-1.7b,"To find the **degree of node 19**, we need to count how many edges are connected to it in the graph.

From the description:

- **Node 19** is connected to **node 5**.

So, the degree of node 19 is:

$$
\boxed{1}
$$",66,False
node_degree/diverse/sfn/2,node_degree,degree,zero_shot,1,qwen3-1.7b,"We are given the **degree** of each node in the graph, and we are asked to find the **degree of node 19**.

### Step 1: Understand the question
The question is asking for the **degree of node 19**, which is already provided in the initial list.

### Step 2: Look at the given data
From the problem statement:

> Node 19 has degree 1.

### ✅ Final Answer:
**The degree of node 19 is 1.**",108,False
node_degree/diverse/sfn/2,node_degree,filler,zero_shot,1,qwen3-1.7b,"To determine the **degree of node 19**, we need to count how many edges are connected to it in the graph.

From the given information:

- **Node 19** is connected to **node 5**.

So, the degree of node 19 is:

$$
\boxed{1}
$$",67,False
node_degree/diverse/sfn/2,node_degree,none,zero_shot,1,qwen3-1.7b,"To find the **degree of node 19**, we need to count how many edges are connected to it.

From the given information:

- **Node 19** is connected to **node 5**.

So, the degree of **node 19** is:

$$
\boxed{1}
$$",66,False
node_degree/diverse/sfn/2,node_degree,rwse,zero_shot,1,qwen3-1.7b,"To find the **degree** of node 19 in the graph, we need to count how many **edges** are connected to it.

From the given information:

- **Node 19 is connected to node 5** (as per the list of connections).
- It is **not connected to any other nodes** (as per the list of connections).

So, the degree of node 19 is:

$$
\boxed{1}
$$",94,False
node_degree/diverse/sfn/3,node_degree,all,zero_shot,1,qwen3-1.7b,"To determine the **degree of node 14**, we need to count how many edges are connected to it in the graph.

From the given information:

- **Node 14** is connected to **node 2** (as per the list of connections for node 2: ""connected to nodes 0, 1, 2, 3, 4, 5, 6, 7, 8, 9, 11, 12, 14, 16, 18"").

So, **node 14 has degree 1**.

---

### ✅ Final Answer:
**1**",136,False
node_degree/diverse/sfn/3,node_degree,clustering,zero_shot,1,qwen3-1.7b,"To find the **degree** of node 14 in the graph, we need to count how many edges are connected to it.

From the given information:

- **Node 14 is connected to node 2** (as per the list of connections for node 2: ""connected to nodes 2, 7, 6, 8, 9, 11, 12, 14, 16, 18"").

So, **node 14 is connected to node 2**.

Therefore, the **degree of node 14** is:

$$
\boxed{1}
$$",133,False
node_degree/diverse/sfn/3,node_degree,components,zero_shot,1,qwen3-1.7b,"To find the **degree of node 14**, we need to count how many edges are connected to it in the graph.

From the description:

- **Node 14** is connected to **node 2**.

So, the degree of node 14 is:

$$
\boxed{1}
$$",66,False
node_degree/diverse/sfn/3,node_degree,degree,zero_shot,1,qwen3-1.7b,"We are asked to find the **degree of node 14** in the given graph.

---

### Step 1: Understand the Definition of Degree

In a graph, the **degree of a node** is the number of edges connected to it.

---

### Step 2: Look at the Given Information

From the problem, we are given the **degrees** of all nodes:

- Node 0: 7  
- Node 1: 6  
- Node 2: 16  
- Node 3: 2  
- Node 4: 3  
- Node 5: 2  
- Node 6: 2  
- Node 7: 3  
- Node 8: 5  
- Node 9: 1  
- Node 10: 1  
- Node 11: 2  
- Node 12: 1  
- Node 13: 1  
- Node 14: **?** (this is what we need to find)  
- Node 15: 1  
- Node 16: 1  
- Node 17: 1  
- Node 18: 1  
- Node 19: 1  

---

### Step 3: Use the Degree Information

From the problem, we are also given the **connections** (edges) for each node. Let's look at **node 14**:

> **Node 14 is connected to node 2.**

So, **node 14 has one edge** connected to it.

---

### ✅ Final Answer:

$$
\boxed{1}
$$

**The degree of node 14 is 1.**",359,False
node_degree/diverse/sfn/3,node_degree,filler,zero_shot,1,qwen3-1.7b,"To determine the **degree of node 14**, we need to count how many edges are connected to it in the graph.

From the given information:

- **Node 14 is connected to node 2** (as per the list of connections).
- It is **not connected to any other nodes** (based on the list of connections).

So, the degree of node 14 is:

$$
\boxed{1}
$$",91,False
node_degree/diverse/sfn/3,node_degree,none,zero_shot,1,qwen3-1.7b,"To determine the **degree of node 14**, we need to count how many edges are connected to it.

From the given information:

- **Node 14 is connected to node 2** (as per the list: ""Node 2 is connected to nodes 2, 7, 6, 12, 14, 16, 18"").

So, **node 14 is connected to node 2**.

Therefore, the **degree of node 14** is:

$$
\boxed{1}
$$",117,False
node_degree/diverse/sfn/3,node_degree,rwse,zero_shot,1,qwen3-1.7b,"To determine the **degree** of node 14 in the graph, we need to count how many **edges** are connected to it.

From the given information:

- **Node 14 is connected to node 2** (as per the adjacency list).
- It is **not connected to any other node** (as per the adjacency list provided).

So, the **degree of node 14** is:

$$
\boxed{1}
$$",95,False
node_degree/diverse/complete/0,node_degree,all,zero_shot,19,qwen3-1.7b,"We are asked to determine the **degree** of **node 4** in the graph described.

---

### Step 1: Understand the Graph Structure

From the problem, we are given a graph with **20 nodes** (nodes 0 through 19), and each node has the following properties:

- **Degree**: 19 (each node is connected to all other 19 nodes)
- **Clustering Coefficient**: 1.00 (every node is part of a fully connected subgraph)
- **Return Probability**:
  - After 2 steps: 0.05
  - After 3 steps: 0.05

This strongly suggests that the graph is **completely connected** (i.e., a complete graph), and the return probabilities are consistent with the structure of a **complete graph**.

---

### Step 2: Interpret the Degree

In a **complete graph** with **n** nodes, each node is connected to every other node. So:

- Degree of each node = $ n - 1 = 19 $

This matches the given data for all nodes (nodes 0 through 19).

---

### ✅ Final Answer:

**The degree of node 4 is 19.**",262,False
node_degree/diverse/complete/0,node_degree,clustering,zero_shot,19,qwen3-1.7b,"To determine the **degree** of node 4 in the graph, we need to count how many edges are connected to it.

From the given information:

- Node 4 is connected to **nodes 0, 1, 2, 3, 5, 6, 7, 8, 9, 10, 11, 12, 13, 14, 15, 16, 17, 18, 19**.

Let's count these:

- 0
- 1
- 2
- 3
- 5
- 6
- 7
- 8
- 9
- 10
- 11
- 12
- 13
- 14
- 15
- 16
- 17
- 18
- 19

That's **19** connections.

### ✅ Final Answer:
**The degree of node 4 is 19.**",227,False
node_degree/diverse/complete/0,node_degree,components,zero_shot,19,qwen3-1.7b,"To determine the **degree of node 4**, we need to count how many edges are connected to it.

From the description:

- Node 4 is connected to **nodes 0, 1, 2, 3, 5, 6, 7, 8, 9, 10, 11, 12, 13, 14, 15, 16, 17, 18, 19**.

That is, node 4 is connected to **19** different nodes.

### ✅ Answer:
**The degree of node 4 is 19.**",138,False
node_degree/diverse/complete/0,node_degree,degree,zero_shot,19,qwen3-1.7b,"We are asked to find the **degree of node 4** in the given graph.

### Understanding the Degree:
The **degree** of a node in a graph is the number of edges connected to it.

From the problem, we are given the degree of **every node** as 19. That is, **every node has degree 19**.

### Therefore, the degree of node 4 is:

$$
\boxed{19}
$$",95,False
node_degree/diverse/complete/0,node_degree,filler,zero_shot,19,qwen3-1.7b,"To determine the **degree of node 4**, we need to count how many edges are connected to it in the graph.

From the description:

- Node 4 is connected to **nodes 0, 1, 2, 3, 5, 6, 7, 8, 9, 10, 11, 12, 13, 14, 15, 16, 17, 18, 19**.

This is a list of all the nodes connected to node 4.

### Count the number of connections:
There are **19** nodes listed.

### Final Answer:
The **degree of node 4** is **19**.",155,False
node_degree/diverse/complete/0,node_degree,none,zero_shot,19,qwen3-1.7b,"To determine the **degree of node 4**, we need to count how many edges are connected to it.

From the description of the graph:

- Node 4 is connected to **nodes 0, 1, 2, 3, 5, 6, 7, 8, 9, 10, 11, 12, 13, 14, 15, 16, 17, 18, 19**.

Let's count the number of these connections:

- 0
- 1
- 2
- 3
- 5
- 6
- 7
- 8
- 9
- 10
- 11
- 12
- 13
- 14
- 15
- 16
- 17
- 18
- 19

That's **19 connections**.

So, the **degree of node 4** is:

$$
\boxed{19}
$$",231,False
node_degree/diverse/complete/0,node_degree,rwse,zero_shot,19,qwen3-1.7b,"To determine the **degree** of node 4 in the graph, we need to count how many edges are connected to it.

From the given information:

- **Node 4** is connected to nodes:  
  0, 1, 2, 3, 5, 6, 7, 8, 9, 10, 11, 12, 13, 14, 15, 16, 17, 18, 19.

So, the degree of node 4 is the number of these connected nodes.

Let's count them:

- 0, 1, 2, 3, 5, 6, 7, 8, 9, 10, 11, 12, 13, 14, 15, 16, 17, 18, 19 → **19 nodes**

### ✅ Final Answer:
**The degree of node 4 is 19.**",225,False
node_degree/diverse/complete/1,node_degree,all,zero_shot,19,qwen3-1.7b,"The question asks for the **degree of node 2**.

### Step-by-step Analysis:

From the given information:

- **Node 2** is connected to **nodes 0, 1, 3, 4, 5, 6, 7, 8, 9, 10, 11, 12, 13, 14, 15, 16, 17, 18, 19**.

Let's count how many nodes are listed in the ""connected to"" list for node 2:

- 0, 1, 3, 4, 5, 6, 7, 8, 9, 10, 11, 12, 13, 14, 15, 16, 17, 18, 19 → **19 nodes**

### Conclusion:

Node 2 is connected to **19 nodes**.

### Final Answer:
**19**",220,False
node_degree/diverse/complete/1,node_degree,clustering,zero_shot,19,qwen3-1.7b,"To determine the **degree** of node 2 in the graph, we need to count how many edges are connected to it.

From the given information:

- Node 2 is connected to nodes:  
  **0, 1, 3, 4, 5, 6, 7, 8, 9, 10, 11, 12, 13, 14, 15, 16, 17, 18, 19**

So, node 2 is connected to **19** different nodes.

### ✅ Final Answer:
**The degree of node 2 is 19.**",144,False
node_degree/diverse/complete/1,node_degree,components,zero_shot,19,qwen3-1.7b,"To find the **degree of node 2**, we need to count how many edges are connected to it.

From the description:

- Node 2 is connected to **nodes 0, 1, 3, 4, 5, 6, 7, 8, 9, 10, 11, 12, 13, 14, 15, 16, 17, 18, 19**.

Let's count them:

- 0
- 1
- 3
- 4
- 5
- 6
- 7
- 8
- 9
- 10
- 11
- 12
- 13
- 14
- 15
- 16
- 17
- 18
- 19

That's **19** connections.

### ✅ Final Answer:
**The degree of node 2 is 19.**",222,False
node_degree/diverse/complete/1,node_degree,degree,zero_shot,19,qwen3-1.7b,"We are asked to find the **degree of node 2** in the given graph.

### Understanding the Degree:
The **degree** of a node in a graph is the number of edges connected to it.

From the problem, we are given the degree of **every node** as 19. That is, **all nodes have degree 19**.

### Therefore, the degree of node 2 is:

$$
\boxed{19}
$$",95,False
node_degree/diverse/complete/1,node_degree,filler,zero_shot,19,qwen3-1.7b,"To determine the **degree of node 2**, we need to count how many edges are connected to it.

From the given information:

- Node 2 is connected to **nodes 0, 1, 3, 4, 5, 6, 7, 8, 9, 10, 11, 12, 13, 14, 15, 16, 17, 18, 19**.

This is a list of **19** nodes connected to node 2.

### ✅ Answer:
The **degree of node 2** is **19**.",140,False
node_degree/diverse/complete/1,node_degree,none,zero_shot,19,qwen3-1.7b,"To determine the **degree of node 2**, we need to count how many edges are connected to it.

From the description:

- Node 2 is connected to **nodes 0, 1, 3, 4, 5, 6, 7, 8, 9, 10, 11, 12, 13, 14, 15, 16, 17, 18, 19**.

Let's count them:

- 0
- 1
- 3
- 4
- 5
- 6
- 7
- 8
- 9
- 10
- 11
- 12
- 13
- 14
- 15
- 16
- 17
- 18
- 19

That's **19** connections.

### ✅ Final Answer:
**The degree of node 2 is 19.**",222,False
node_degree/diverse/complete/1,node_degree,rwse,zero_shot,19,qwen3-1.7b,"To determine the **degree** of node 2 in the graph, we need to count how many edges are connected to it.

From the description of the graph:

- **Node 2** is connected to **nodes 0, 1, 3, 4, 5, 6, 7, 8, 9, 10, 11, 12, 13, 14, 15, 16, 17, 18, 19**.

Let's count the number of connected nodes:

- 0
- 1
- 3
- 4
- 5
- 6
- 7
- 8
- 9
- 10
- 11
- 12
- 13
- 14
- 15
- 16
- 17
- 18
- 19

That's **19** connected nodes.

### ✅ Final Answer:
**The degree of node 2 is 19.**",236,False
node_degree/diverse/complete/2,node_degree,all,zero_shot,19,qwen3-1.7b,"The question asks for the **degree** of node 5.

### Step-by-step Analysis:

From the given information:

- **Node 5** is connected to nodes 0, 1, 2, 3, 4, 6, 7, 8, 9, 10, 11, 12, 13, 14, 15, 16, 17, 18, 19.

Let's count how many nodes are connected to node 5:

- 0
- 1
- 2
- 3
- 4
- 6
- 7
- 8
- 9
- 10
- 11
- 12
- 13
- 14
- 15
- 16
- 17
- 18
- 19

That's **19** connections.

### Final Answer:
**The degree of node 5 is 19.**",226,False
node_degree/diverse/complete/2,node_degree,clustering,zero_shot,19,qwen3-1.7b,"To determine the **degree** of node 5 in the graph, we need to count how many edges are connected to it.

From the given information:

- Node 5 is connected to nodes:  
  **0, 1, 2, 3, 4, 6, 7, 8, 9, 10, 11, 12, 13, 14, 15, 16, 17, 18, 19**

Let's count these:

- 0
- 1
- 2
- 3
- 4
- 6
- 7
- 8
- 9
- 10
- 11
- 12
- 13
- 14
- 15
- 16
- 17
- 18
- 19

That's **19** connections.

### ✅ Final Answer:
**The degree of node 5 is 19.**",228,False
node_degree/diverse/complete/2,node_degree,components,zero_shot,19,qwen3-1.7b,"To determine the **degree of node 5**, we need to count how many edges are connected to it.

From the description:

- Node 5 is connected to **nodes 0, 1, 2, 3, 4, 6, 7, 8, 9, 10, 11, 12, 13, 14, 15, 16, 17, 18, 19**.

Let's count the number of these connections:

- 0
- 1
- 2
- 3
- 4
- 6
- 7
- 8
- 9
- 10
- 11
- 12
- 13
- 14
- 15
- 16
- 17
- 18
- 19

That's **19 connections**.

So, the **degree of node 5** is:

$$
\boxed{19}
$$",228,False
node_degree/diverse/complete/2,node_degree,degree,zero_shot,19,qwen3-1.7b,"We are asked to find the **degree of node 5** in the given graph.

---

### Step 1: Understand the Degree Definition

In graph theory, the **degree** of a node is the number of edges connected to it.

---

### Step 2: Look at the Given Information

From the problem, we are given the **connections** of each node. For example:

- Node 0 is connected to **all other nodes** (19 nodes), so its degree is **19**.
- Similarly, nodes 1 through 19 are connected to **all other nodes**, so their degree is also **19**.

This is a **complete graph** with **20 nodes**, where **every node is connected to every other node**.

---

### Step 3: Conclusion

Since **node 5** is connected to **all other 19 nodes**, its degree is:

$$
\boxed{19}
$$",197,False
node_degree/diverse/complete/2,node_degree,filler,zero_shot,19,qwen3-1.7b,"To determine the **degree of node 5**, we need to count how many edges are connected to it in the graph.

From the given information:

- Node 5 is connected to **nodes 0, 1, 2, 3, 4, 6, 7, 8, 9, 10, 11, 12, 13, 14, 15, 16, 17, 18, 19**.

This means node 5 is connected to **19** different nodes.

### ✅ Answer:
The **degree of node 5** is **19**.",142,False
node_degree/diverse/complete/2,node_degree,none,zero_shot,19,qwen3-1.7b,"To determine the **degree of node 5**, we need to count how many edges are connected to it.

From the description of the graph:

- Node 5 is connected to **nodes 0, 1, 2, 3, 4, 6, 7, 8, 9, 10, 11, 12, 13, 14, 15, 16, 17, 18, 19**.

Let's count the number of these connections:

- 0
- 1
- 2
- 3
- 4
- 6
- 7
- 8
- 9
- 10
- 11
- 12
- 13
- 14
- 15
- 16
- 17
- 18
- 19

That's **19 connections**.

So, the **degree of node 5** is:

$$
\boxed{19}
$$",231,False
node_degree/diverse/complete/2,node_degree,rwse,zero_shot,19,qwen3-1.7b,"To determine the **degree** of node 5 in the graph, we need to count how many edges are connected to it.

From the given information:

- **Node 5** is connected to nodes:  
  `0, 1, 2, 3, 4, 6, 7, 8, 9, 10, 11, 12, 13, 14, 15, 16, 17, 18, 19`

Let's count the number of connected nodes:

- 0
- 1
- 2
- 3
- 4
- 6
- 7
- 8
- 9
- 10
- 11
- 12
- 13
- 14
- 15
- 16
- 17
- 18
- 19

That's **19** connected nodes.

### ✅ Final Answer:
**The degree of node 5 is 19.**",235,False
node_degree/diverse/complete/3,node_degree,all,zero_shot,19,qwen3-1.7b,"The question asks for the **degree** of node 3.

### Step-by-step Analysis:

From the given information:

- **Node 3** is connected to **nodes 0, 1, 2, 4, 5, 6, 7, 8, 9, 10, 11, 12, 13, 14, 15, 16, 17, 18, 19**.

Let's count how many nodes are listed in the ""connected to"" list for node 3:

- 0, 1, 2, 4, 5, 6, 7, 8, 9, 10, 11, 12, 13, 14, 15, 16, 17, 18, 19 → **19 nodes**

### Final Answer:

**The degree of node 3 is 19.**",214,False
node_degree/diverse/complete/3,node_degree,clustering,zero_shot,19,qwen3-1.7b,"To determine the **degree** of node 3 in the graph, we need to count how many edges are connected to it.

From the given information:

- Node 3 is connected to nodes:  
  **0, 1, 2, 4, 5, 6, 7, 8, 9, 10, 11, 12, 13, 14, 15, 16, 17, 18, 19**

Counting these:

- 0, 1, 2, 4, 5, 6, 7, 8, 9, 10, 11, 12, 13, 14, 15, 16, 17, 18, 19 → **19 nodes**

So, the **degree of node 3** is:

$$
\boxed{19}
$$",208,False
node_degree/diverse/complete/3,node_degree,components,zero_shot,19,qwen3-1.7b,"To determine the **degree of node 3**, we need to count how many edges are connected to it.

From the description:

- Node 3 is connected to **nodes 0, 1, 2, 4, 5, 6, 7, 8, 9, 10, 11, 12, 13, 14, 15, 16, 17, 18, 19**.

Let's count the number of these connections:

- 0
- 1
- 2
- 4
- 5
- 6
- 7
- 8
- 9
- 10
- 11
- 12
- 13
- 14
- 15
- 16
- 17
- 18
- 19

That's **19 connections**.

So, the **degree of node 3** is:

$$
\boxed{19}
$$",228,False
node_degree/diverse/complete/3,node_degree,degree,zero_shot,19,qwen3-1.7b,"We are asked to find the **degree of node 3** in the given graph.

---

### Step 1: Understand the Problem

- A **degree** of a node in a graph is the number of edges connected to it.
- In this graph, all nodes from 0 to 19 have **degree 19**.
- This is a **regular graph** of degree 19, with 20 nodes.

---

### Step 2: Analyze the Degree of Node 3

From the description:

- Node 3 is connected to **nodes 0, 1, 2, 4, 5, 6, 7, 8, 9, 10, 11, 12, 13, 14, 15, 16, 17, 18, 19**.

Let's count how many nodes are listed:

- 0, 1, 2, 4, 5, 6, 7, 8, 9, 10, 11, 12, 13, 14, 15, 16, 17, 18, 19 → **19 nodes**

So, node 3 is connected to **19 other nodes**.

---

### ✅ Final Answer:

**The degree of node 3 is 19.**",304,False
node_degree/diverse/complete/3,node_degree,filler,zero_shot,19,qwen3-1.7b,"To determine the **degree of node 3**, we need to count how many edges are connected to it in the graph.

From the description:

- Node 3 is connected to **nodes 0, 1, 2, 4, 5, 6, 7, 8, 9, 10, 11, 12, 13, 14, 15, 16, 17, 18, 19**.

This is a list of **19** nodes connected to node 3.

### ✅ Answer:
The **degree of node 3** is **19**.",142,False
node_degree/diverse/complete/3,node_degree,none,zero_shot,19,qwen3-1.7b,"To determine the **degree of node 3**, we need to count how many edges are connected to it.

From the description of the graph:

- Node 3 is connected to **nodes 0, 1, 2, 4, 5, 6, 7, 8, 9, 10, 11, 12, 13, 14, 15, 16, 17, 18, 19**.

Let's count the number of these connections:

- 0
- 1
- 2
- 4
- 5
- 6
- 7
- 8
- 9
- 10
- 11
- 12
- 13
- 14
- 15
- 16
- 17
- 18
- 19

That's **19 connections**.

### ✅ Final Answer:
**The degree of node 3 is 19.**",229,False
node_degree/diverse/complete/3,node_degree,rwse,zero_shot,19,qwen3-1.7b,"To determine the **degree** of node 3 in the graph, we need to count how many edges are connected to it.

From the description of the graph:

- **Node 3** is connected to nodes: 0, 1, 2, 4, 5, 6, 7, 8, 9, 10, 11, 12, 13, 14, 15, 16, 17, 18, 19.

Let's count the number of these connections:

- 0
- 1
- 2
- 4
- 5
- 6
- 7
- 8
- 9
- 10
- 11
- 12
- 13
- 14
- 15
- 16
- 17
- 18
- 19

That's **19** connections.

### ✅ Final Answer:
**The degree of node 3 is 19.**",234,False
node_degree/diverse/star/0,node_degree,all,zero_shot,19,qwen3-1.7b,"The question is asking for the **degree of node 0** in the graph described.

### Step-by-step analysis:

- **Node 0** is explicitly stated to have **degree 19** in the question.
- The rest of the nodes (1 through 19) are described with degree 1, and they are all connected only to node 0.
- The graph is fully described, and node 0 is connected to **all other 19 nodes**.

### Conclusion:

The degree of node 0 is:

$$
\boxed{19}
$$",120,False
node_degree/diverse/star/0,node_degree,clustering,zero_shot,19,qwen3-1.7b,"The question is asking for the **degree** of **node 0** in the graph described.

### Step-by-step analysis:

- **Node 0** is connected to **all other nodes** (nodes 1 through 19).
- That means **node 0 has 19 edges** connecting it to other nodes.

### Therefore, the degree of node 0 is:

**19**

---

### ✅ Final Answer:
**19**",95,False
node_degree/diverse/star/0,node_degree,components,zero_shot,19,qwen3-1.7b,"The question is asking for the **degree of node 0** in the given graph.

### Understanding the Graph:

- The graph has **20 nodes** (from 0 to 19).
- Node 0 is **connected to all other 19 nodes**.
- This means node 0 has **19 edges** connected to it.

### Degree of a Node:

- The **degree** of a node is the **number of edges** connected to it.

### Conclusion:

Node 0 is connected to **all 19 other nodes**, so its degree is:

$$
\boxed{19}
$$",130,False
node_degree/diverse/star/0,node_degree,degree,zero_shot,19,qwen3-1.7b,"We are given a graph with **20 nodes** (nodes 0 through 19), and the following information about their degrees:

- **Node 0** has degree **19**.
- All other nodes (1 through 19) have degree **1**.

### Let's verify the total number of edges:

- The sum of all degrees in a graph is **equal to twice the number of edges** (since each edge contributes to the degree of two nodes).
- Sum of degrees = $19 + 1 + 1 + 1 + \dots + 1$ (19 times).

So:
$$
\text{Sum of degrees} = 19 + 19 \times 1 = 19 + 19 = 38
$$

Then:
$$
\text{Number of edges} = \frac{38}{2} = 19
$$

Now, let's check the degree of node 0:

- Node 0 is connected to **all other 19 nodes** (nodes 1 through 19).
- So, node 0 has degree **19**, which matches the given information.

### ✅ Final Answer:
$$
\boxed{19}
$$",263,False
node_degree/diverse/star/0,node_degree,filler,zero_shot,19,qwen3-1.7b,"The question is asking for the **degree of node 0** in the graph described.

### Understanding the Graph:

- The graph has **20 nodes** (from 0 to 19).
- **Node 0** is connected to **all other nodes** (1 through 19).
- Therefore, **node 0 has 19 edges** connecting it to other nodes.

### Degree Definition:

- The **degree of a node** is the **number of edges incident to that node**.

### Conclusion:

- Node 0 is connected to **all 19 other nodes**.
- Therefore, its **degree is 19**.

### Final Answer:
**A: 19**",148,False
node_degree/diverse/star/0,node_degree,none,zero_shot,19,qwen3-1.7b,"The question is asking for the **degree** of node **0** in the given graph.

### Understanding the Graph:

- The graph has **20 nodes** labeled from **0 to 19**.
- Node **0** is connected to **all other nodes** (1 through 19).
- This means node **0** is **connected to every other node** in the graph.

### Definition of Degree:
In graph theory, the **degree** of a node is the number of edges connected to it.

### Calculation:
- Node 0 is connected to **all 19 other nodes**.
- Therefore, the **degree of node 0** is **19**.

### Final Answer:
**A: 19**",155,False
node_degree/diverse/star/0,node_degree,rwse,zero_shot,19,qwen3-1.7b,"The question is asking for the **degree of node 0** in the given graph.

---

### Understanding the Graph:

- **Node 0** is connected to **all other nodes** (nodes 1 through 19).
- This means **node 0 has 19 edges** connecting it to other nodes.

---

### Degree Definition:

- **Degree of a node** is the number of edges connected to it.

---

### Conclusion:

- Node 0 is connected to **all 19 other nodes**.
- Therefore, the **degree of node 0 is 19**.

---

### Final Answer:

**A: 19**",136,False
node_degree/diverse/star/1,node_degree,all,zero_shot,1,qwen3-1.7b,"We are asked to determine the **degree** of **node 16** in the graph described.

---

### Step 1: Understand the structure of the graph

From the problem:

- **Node 0** is connected to **all other nodes** (nodes 1 through 19).
- **Nodes 1 through 19** are each **connected only to node 0**.

So, the graph is a **star graph** with node 0 as the central hub, and all other nodes directly connected to it.

---

### Step 2: Determine the degree of node 16

- Node 16 is one of the nodes connected to node 0.
- In a star graph, **every node except the center is connected to the center**.
- So, **node 16 is connected to node 0**.

Therefore, the **degree of node 16** is:

$$
\boxed{1}
$$",198,False
node_degree/diverse/star/1,node_degree,clustering,zero_shot,1,qwen3-1.7b,"To determine the **degree** of node 16 in the graph described:

### Step 1: Understand the structure of the graph

- The graph has **20 nodes** (nodes 0 through 19).
- Node 0 is **connected to all other 19 nodes**.
- Every other node (1 through 19) is **connected only to node 0**.

### Step 2: Determine the degree of node 16

- Node 16 is connected to **node 0**.
- No other connections are mentioned for node 16.

### ✅ Conclusion:

The **degree of node 16** is **1**.

**Answer: 1**",149,False
node_degree/diverse/star/1,node_degree,components,zero_shot,1,qwen3-1.7b,"The question is asking for the **degree of node 16** in the given graph.

### Step-by-step analysis:

- The graph has **20 nodes** (from 0 to 19).
- Node 0 is connected to **all 19 other nodes** (nodes 1 through 19).
- All other nodes (1 through 19) are **connected only to node 0**.

### So, the degree of node 16:

- Node 16 is connected to **node 0**.
- It is **not connected to any other node** (since all other nodes are only connected to node 0).

### Therefore, the degree of node 16 is:

**1**

---

### ✅ Final Answer: **1**",163,False
node_degree/diverse/star/1,node_degree,degree,zero_shot,1,qwen3-1.7b,"We are given a graph with **20 nodes** (nodes 0 through 19), and the following information about their degrees:

- **Node 0** has degree **19** (connected to all other nodes).
- All other nodes (1 through 19) have degree **1** (connected only to node 0).

---

### Question: What is the degree of node 16?

### Answer:

Node 16 is one of the nodes that is **connected only to node 0**.

So, the degree of **node 16** is:

$$
\boxed{1}
$$",130,False
node_degree/diverse/star/1,node_degree,filler,zero_shot,1,qwen3-1.7b,"The question is asking for the **degree** of node 16 in the graph described.

### Understanding the Graph:

- The graph has **20 nodes** (from 0 to 19).
- **Node 0** is connected to **all other nodes** (1 through 19).
- **Nodes 1 through 19** are each connected to **node 0**.

### Degree of a Node:

The **degree** of a node is the number of edges connected to it.

- Node 0 is connected to **all 19 other nodes**, so its degree is **19**.
- Nodes 1 through 19 are each connected only to **node 0**, so their degree is **1**.

### Therefore, the degree of node 16 is:

**1**

---

**Answer: 1**",178,False
node_degree/diverse/star/1,node_degree,none,zero_shot,1,qwen3-1.7b,"To determine the **degree of node 16** in the given graph:

### Step 1: Understand the structure of the graph

- The graph has **20 nodes** (from 0 to 19).
- Node 0 is **connected to all other 19 nodes**.
- All other nodes (1 through 19) are **connected only to node 0**.

### Step 2: Determine the degree of node 16

- Node 16 is connected to **node 0**.
- Since node 0 is connected to all other nodes, node 16 is also connected to **node 0**.
- Therefore, node 16 has **degree 1**.

### ✅ Final Answer:
**The degree of node 16 is 1.**",171,False
node_degree/diverse/star/1,node_degree,rwse,zero_shot,1,qwen3-1.7b,"To determine the **degree** of node 16 in the graph described:

---

### Step 1: Understand the definition of degree

In graph theory, the **degree** of a node is the number of edges connected to it.

---

### Step 2: Analyze the graph structure

From the description:

- **Node 0** is connected to **all other nodes** (nodes 1 through 19).
- **Nodes 1 through 19** are all connected to **node 0**.

So, **every node from 1 to 19 is connected to node 0**, and **node 0 is connected to all of them**.

---

### Step 3: Determine the degree of node 16

- Node 16 is one of the nodes from 1 to 19.
- It is connected to **node 0**.
- It is **not connected to any other node** (as per the description, no other connections are mentioned).

So, **node 16 has degree 1**.

---

### ✅ Final Answer:

**The degree of node 16 is 1.**",240,False
node_degree/diverse/star/2,node_degree,all,zero_shot,1,qwen3-1.7b,"The question is asking for the **degree** of **node 15** in the graph described.

### Step 1: Understand the graph structure

From the description:

- **Node 0** is connected to **all other nodes (1 to 19)**. So, node 0 has degree **19**.
- All other nodes (1 through 19) are **connected only to node 0**.
- Therefore, **each of nodes 1 through 19 has degree 1**.

### Step 2: Answer the question

The question asks: **What is the degree of node 15?**

Since node 15 is one of the nodes connected only to node 0, its degree is:

$$
\boxed{1}
$$",163,False
node_degree/diverse/star/2,node_degree,clustering,zero_shot,1,qwen3-1.7b,"The question is asking for the **degree** of node 15 in the graph described.

---

### Step 1: Understand the graph structure

From the description:

- **Node 0** is connected to **all other nodes (1 to 19)**.
- **Node 1** is connected to **node 0**.
- **Node 2** is connected to **node 0**.
- ...
- **Node 19** is connected to **node 0**.

So, **node 0 is connected to all 20 nodes (0 to 19)**.

---

### Step 2: Determine the degree of node 15

- Node 15 is connected to **node 0**.
- Since node 0 is connected to all other nodes, node 15 is also connected to **node 0**.

Therefore, **node 15 has degree 1**.

---

### ✅ Final Answer:

**The degree of node 15 is 1.**",214,False
node_degree/diverse/star/2,node_degree,components,zero_shot,1,qwen3-1.7b,"To determine the **degree of node 15** in the graph described:

### Step 1: Understand the graph structure

- The graph has **20 nodes** (from 0 to 19).
- Node **0** is connected to **all other 19 nodes**.
- All other nodes (1 through 19) are **connected only to node 0**.

### Step 2: Determine the degree of node 15

- The **degree of a node** is the number of edges connected to it.
- Node 15 is connected to **node 0**.
- Since node 0 is connected to **all other 19 nodes**, node 15 is connected to **node 0**.

### ✅ Final Answer:

**The degree of node 15 is 1.**",176,False
node_degree/diverse/star/2,node_degree,degree,zero_shot,1,qwen3-1.7b,"We are given a graph with **20 nodes** (nodes 0 through 19), and we are told the **degrees** of all the nodes:

- Node 0 has degree **19**.
- All other nodes (1 through 19) have degree **1**.

---

### Let's understand the structure of the graph:

- Node 0 is **connected to all other 19 nodes**.
- All other nodes (1 through 19) are **connected only to node 0**.

This means:

- Node 0 is connected to **all other nodes**, so it has degree **19**.
- Each of the other nodes (1 through 19) is connected only to node 0, so they have degree **1**.

---

### The question is:

> What is the degree of node 15?

---

### Answer:

**The degree of node 15 is 1.**

This is consistent with the information given: all nodes from 1 to 19 have degree 1.",219,False
node_degree/diverse/star/2,node_degree,filler,zero_shot,1,qwen3-1.7b,"The question is asking for the **degree** of node 15 in the graph described.

### Understanding the Graph:

- The graph has **20 nodes** (from 0 to 19).
- Node 0 is **connected to all other 19 nodes**.
- Every other node (1 through 19) is **connected only to node 0**.

### Degree of a Node:

- The **degree** of a node is the **number of edges** connected to it.

### Analysis:

- Node 0 is connected to **all 19 other nodes**, so its degree is **19**.
- Nodes 1 through 19 are each connected only to node 0, so their degree is **1**.

### Conclusion:

- The degree of **node 15** is **1**.

**Answer: 1**",181,False
node_degree/diverse/star/2,node_degree,none,zero_shot,1,qwen3-1.7b,"To determine the **degree of node 15** in the given graph:

### Step 1: Understand the structure of the graph

- The graph has **20 nodes** (from 0 to 19).
- Node 0 is **connected to all other 19 nodes**.
- All other nodes (1 through 19) are **connected only to node 0**.

### Step 2: Determine the degree of node 15

- The **degree of a node** is the number of edges connected to it.
- Node 15 is connected to **node 0**.
- No other connections are mentioned for node 15.

### ✅ Conclusion:

- Node 15 is connected to **1 node** (node 0).
- Therefore, its **degree is 1**.

**Answer: 1**",180,False
node_degree/diverse/star/2,node_degree,rwse,zero_shot,1,qwen3-1.7b,"To determine the **degree** of node 15 in the graph described:

---

### Step 1: Understand the definition of degree

In graph theory, the **degree** of a node is the number of edges connected to it.

---

### Step 2: Analyze the graph structure

From the description:

- **Node 0** is connected to **all other nodes** (nodes 1 through 19).
- **Nodes 1 through 19** are all connected to **node 0**.

So, **every node from 1 to 19 is connected to node 0**, and **node 0 is connected to all of them**.

---

### Step 3: Determine the degree of node 15

- Node 15 is one of the nodes from 1 to 19.
- It is connected to **node 0**.
- It is **not connected to any other node** (since the description only mentions node 0 being connected to all others, and no other connections are mentioned).

So, **node 15 has degree 1**.

---

### ✅ Final Answer:

**The degree of node 15 is 1.**",250,False
node_degree/diverse/star/3,node_degree,all,zero_shot,1,qwen3-1.7b,"We are given a graph with nodes 0 through 19, and we are told:

- **Node 0** has degree 19, clustering coefficient 0.00, and return probability 1.00 after 2 steps and 0.00 after 3 steps.
- **Nodes 1 through 19** each have degree 1, clustering coefficient 0.00, and return probability 0.05 after 2 steps and 0.00 after 3 steps.

Now, the question is: **What is the degree of node 7?**

### Step-by-step analysis:

- **Node 0** is connected to **all other nodes (1 through 19)**, so its degree is **19**.
- **Nodes 1 through 19** each have **degree 1**, meaning they are connected to **only one other node**.
- The question specifically asks about **node 7**.
- Since **node 7** is one of the nodes with degree 1, and all nodes 1 through 19 have degree 1, the degree of **node 7** is:

### ✅ Final Answer:
**1**",254,False
node_degree/diverse/star/3,node_degree,clustering,zero_shot,1,qwen3-1.7b,"To determine the **degree** of node 7 in the graph described:

### Step 1: Understand the graph structure

- The graph has **20 nodes** (nodes 0 through 19).
- Node 0 is **connected to all other 19 nodes**.
- All other nodes (1 through 19) are **connected only to node 0**.

### Step 2: Determine the degree of node 7

- The **degree** of a node is the number of edges connected to it.
- Node 7 is connected to **node 0**.
- No other connections are mentioned for node 7.

### ✅ Final Answer:
**Degree of node 7 = 1**.",152,False
node_degree/diverse/star/3,node_degree,components,zero_shot,1,qwen3-1.7b,"The question is asking for the **degree of node 7** in the given graph.

### Step-by-step analysis:

- The graph has **20 nodes** (from 0 to 19).
- Node 0 is **connected to all 19 other nodes** (nodes 1 through 19).
- Node 1 is connected to **node 0** only.
- Node 2 is connected to **node 0** only.
- Similarly, nodes 3 through 19 are connected to **node 0** only.

### So, what is the degree of node 7?

- Node 7 is connected to **node 0**.
- It is **not connected to any other node** (since the rest of the graph is only connected to node 0).

### Therefore, the degree of node 7 is:

**1**

---

### ✅ Final Answer: **1**",190,False
node_degree/diverse/star/3,node_degree,degree,zero_shot,1,qwen3-1.7b,"We are given a graph with **20 nodes** (nodes 0 through 19), and the following information:

- **Node 0** has degree **19** (connected to all other 19 nodes).
- All other nodes (1 through 19) have degree **1** (connected only to node 0).

---

### Question: What is the degree of node 7?

### Answer:

Node 7 is connected to **node 0**.

So, the **degree of node 7** is:

$$
\boxed{1}
$$",120,False
node_degree/diverse/star/3,node_degree,filler,zero_shot,1,qwen3-1.7b,"To determine the **degree of node 7**, we need to count how many edges are connected to it in the graph.

From the description:

- **Node 0** is connected to **all other nodes** (nodes 1 through 19).
- **Node 1** is connected only to **node 0**.
- **Node 2** is connected only to **node 0**.
- ...
- **Node 7** is connected only to **node 0**.

So, **node 7** is connected to **node 0**.

### Degree of node 7:
$$
\text{Degree of node 7} = 1
$$

### Final Answer:
$$
\boxed{1}
$$",155,False
node_degree/diverse/star/3,node_degree,none,zero_shot,1,qwen3-1.7b,"To determine the **degree of node 7** in the given graph:

### Step 1: Understand the structure of the graph
- The graph has **20 nodes** (from 0 to 19).
- Node 0 is **connected to all other 19 nodes**.
- All other nodes (1 through 19) are **connected only to node 0**.

### Step 2: Determine the degree of node 7
- Node 7 is one of the nodes that is connected to node 0.
- Since node 0 is connected to **all 19 other nodes**, node 7 is also connected to node 0.
- Therefore, node 7 has **1 connection** (to node 0).

### ✅ Final Answer:
**The degree of node 7 is 1.**",175,False
node_degree/diverse/star/3,node_degree,rwse,zero_shot,1,qwen3-1.7b,"To determine the **degree** of node 7 in the graph described, we need to understand what **degree** means in graph theory.

### Definition of Degree:
In graph theory, the **degree** of a node is the **number of edges** connected to it.

---

### Step 1: Analyze the Graph Structure

From the problem:

- **Node 0** is connected to **all other nodes** (nodes 1 through 19).
- **Node 1** is connected only to **node 0**.
- **Node 2** is connected only to **node 0**.
- ...
- **Node 19** is connected only to **node 0**.

So, **all nodes from 1 to 19 are connected only to node 0**.

---

### Step 2: Determine the Degree of Node 7

- Node 7 is connected to **node 0**.
- It is **not connected to any other node** (since all other nodes are only connected to node 0).

So, the **degree of node 7** is:

$$
\boxed{1}
$$

---

### ✅ Final Answer:
**The degree of node 7 is 1.**",258,False
node_degree/diverse/path/0,node_degree,all,zero_shot,2,qwen3-1.7b,"We are asked to determine the **degree** of **node 2** in the given graph.

---

### Step 1: Understand the Graph Structure

From the problem, we are given the **structure** of the graph:

- **Node 0** is connected to **node 1**.
- **Node 1** is connected to **nodes 0** and **2**.
- **Node 2** is connected to **nodes 1** and **3**.
- **Node 3** is connected to **nodes 2** and **4**.
- **Node 4** is connected to **nodes 3** and **5**.
- **Node 5** is connected to **nodes 4** and **6**.
- **Node 6** is connected to **nodes 5** and **7**.
- **Node 7** is connected to **nodes 6** and **8**.
- **Node 8** is connected to **nodes 7** and **9**.
- **Node 9** is connected to **nodes 8** and **10**.
- **Node 10** is connected to **nodes 9** and **11**.
- **Node 11** is connected to **nodes 10** and **12**.
- **Node 12** is connected to **nodes 11** and **13**.
- **Node 13** is connected to **nodes 12** and **14**.
- **Node 14** is connected to **nodes 13** and **15**.
- **Node 15** is connected to **nodes 14** and **16**.
- **Node 16** is connected to **nodes 15** and **17**.
- **Node 17** is connected to **nodes 16** and **18**.
- **Node 18** is connected to **nodes 17** and **19**.
- **Node 19** is connected to **node 18**.

---

### Step 2: Determine the Degree of Node 2

From the structure above:

- **Node 2** is connected to **node 1** and **node 3**.

So, the **degree** of node 2 is:

$$
\boxed{2}
$$

---

### ✅ Final Answer:
**The degree of node 2 is 2.**",528,False
node_degree/diverse/path/0,node_degree,clustering,zero_shot,2,qwen3-1.7b,"We are given a graph with 20 nodes (0 through 19), and the connections are as follows:

- Node 0 is connected to node 1.
- Node 1 is connected to nodes 0 and 2.
- Node 2 is connected to nodes 1 and 3.
- Node 3 is connected to nodes 2 and 4.
- Node 4 is connected to nodes 3 and 5.
- Node 5 is connected to nodes 4 and 6.
- Node 6 is connected to nodes 5 and 7.
- Node 7 is connected to nodes 6 and 8.
- Node 8 is connected to nodes 7 and 9.
- Node 9 is connected to nodes 8 and 10.
- Node 10 is connected to nodes 9 and 11.
- Node 11 is connected to nodes 10 and 12.
- Node 12 is connected to nodes 11 and 13.
- Node 13 is connected to nodes 12 and 14.
- Node 14 is connected to nodes 13 and 15.
- Node 15 is connected to nodes 14 and 16.
- Node 16 is connected to nodes 15 and 17.
- Node 17 is connected to nodes 16 and 18.
- Node 18 is connected to nodes 17 and 19.
- Node 19 is connected to node 18.

---

### Step 1: Understand the structure

This is a **linear chain** of nodes, where each node is connected to the next one. The graph is a **path graph** (also called a straight line graph), with nodes 0–19 connected in a straight line:

```
0 - 1 - 2 - 3 - 4 - 5 - 6 - 7 - 8 - 9 - 10 - 11 - 12 - 13 - 14 - 15 - 16 - 17 - 18 - 19
```

---

### Step 2: Determine the degree of node 2

- Node 2 is connected to node 1 and node 3.
- So, node 2 has **2 neighbors**.

---

### ✅ Final Answer:

**The degree of node 2 is 2.**",520,False
node_degree/diverse/path/0,node_degree,components,zero_shot,2,qwen3-1.7b,"To determine the **degree of node 2**, we need to count how many edges are connected to it.

From the description:

- Node 0 is connected to node 1.
- Node 1 is connected to nodes 0 and 2.
- Node 2 is connected to nodes 1 and 3.

So, node 2 is connected to **two** nodes: 1 and 3.

### ✅ Answer:
**The degree of node 2 is 2.**",102,False
node_degree/diverse/path/0,node_degree,degree,zero_shot,2,qwen3-1.7b,"We are given a graph with nodes from 0 to 19, and we are told the **degree** of each node. The question is:

> **What is the degree of node 2?**

### Step 1: Understand the degree information

From the problem:

- Node 0 has degree 1
- Node 1 has degree 2
- Node 2 has degree 2
- Node 3 has degree 2
- Node 4 has degree 2
- ...
- Node 18 has degree 2
- Node 19 has degree 1

So, **node 2 has degree 2**.

---

### ✅ Final Answer:

**The degree of node 2 is 2.**",156,False
node_degree/diverse/path/0,node_degree,filler,zero_shot,2,qwen3-1.7b,"To determine the **degree of node 2**, we need to count how many edges are connected to it.

From the given information:

- Node 2 is connected to **node 1** and **node 3**.

So, the degree of **node 2** is:

$$
\boxed{2}
$$",67,False
node_degree/diverse/path/0,node_degree,none,zero_shot,2,qwen3-1.7b,"To determine the **degree of node 2**, we need to count how many edges are connected to it.

From the description:

- Node 0 is connected to node 1.
- Node 1 is connected to nodes 0 and 2.
- Node 2 is connected to nodes 1 and 3.

So, node 2 is connected to **two** nodes: 1 and 3.

### ✅ Answer:
**The degree of node 2 is 2.**",102,False
node_degree/diverse/path/0,node_degree,rwse,zero_shot,2,qwen3-1.7b,"We are asked to find the **degree of node 2** in the given graph.

---

### Step 1: Understand the definition of degree

In graph theory, the **degree** of a node is the number of edges connected to it.

---

### Step 2: Look at the adjacency list

From the problem, we are given the connections between nodes. Let's extract the connections for **node 2**:

- Node 2 is connected to **node 1** (from the adjacency list: ""Node 2 is connected to nodes 1, 3"")

So, node 2 is connected to **node 1** and **node 3**.

---

### Step 3: Count the degree

- Node 2 is connected to **node 1** and **node 3** → degree = **2**

---

### ✅ Final Answer:

**The degree of node 2 is 2.**",192,False
node_degree/diverse/path/1,node_degree,all,zero_shot,2,qwen3-1.7b,"We are given a graph with nodes from 0 to 19, and we are told the **degree**, **clustering coefficient**, and **return probability** for each node. The question is: **What is the degree of node 17?**

---

### Step 1: Understand the structure of the graph

From the description:

- Node 0 is connected to node 1.
- Node 1 is connected to nodes 0 and 2.
- Node 2 is connected to nodes 1 and 3.
- Node 3 is connected to nodes 2 and 4.
- Node 4 is connected to nodes 3 and 5.
- Node 5 is connected to nodes 4 and 6.
- Node 6 is connected to nodes 5 and 7.
- Node 7 is connected to nodes 6 and 8.
- Node 8 is connected to nodes 7 and 9.
- Node 9 is connected to nodes 8 and 10.
- Node 10 is connected to nodes 9 and 11.
- Node 11 is connected to nodes 10 and 12.
- Node 12 is connected to nodes 11 and 13.
- Node 13 is connected to nodes 12 and 14.
- Node 14 is connected to nodes 13 and 15.
- Node 15 is connected to nodes 14 and 16.
- Node 16 is connected to nodes 15 and 17.
- Node 17 is connected to nodes 16 and 18.
- Node 18 is connected to nodes 17 and 19.
- Node 19 is connected to node 18.

This forms a **chain-like structure** from node 0 to node 19, with each node connected to the next one, and node 19 only connected to node 18.

---

### Step 2: Determine the degree of node 17

From the structure above:

- Node 17 is connected to node 16 and node 18.
- So, node 17 has **degree 2**.

---

### ✅ Final Answer:

**The degree of node 17 is 2.**",486,False
node_degree/diverse/path/1,node_degree,clustering,zero_shot,2,qwen3-1.7b,"We are given a graph with 20 nodes (0 through 19), and the connections are as follows:

- Node 0 is connected to node 1.
- Node 1 is connected to nodes 0 and 2.
- Node 2 is connected to nodes 1 and 3.
- Node 3 is connected to nodes 2 and 4.
- Node 4 is connected to nodes 3 and 5.
- Node 5 is connected to nodes 4 and 6.
- Node 6 is connected to nodes 5 and 7.
- Node 7 is connected to nodes 6 and 8.
- Node 8 is connected to nodes 7 and 9.
- Node 9 is connected to nodes 8 and 10.
- Node 10 is connected to nodes 9 and 11.
- Node 11 is connected to nodes 10 and 12.
- Node 12 is connected to nodes 11 and 13.
- Node 13 is connected to nodes 12 and 14.
- Node 14 is connected to nodes 13 and 15.
- Node 15 is connected to nodes 14 and 16.
- Node 16 is connected to nodes 15 and 17.
- Node 17 is connected to nodes 16 and 18.
- Node 18 is connected to nodes 17 and 19.
- Node 19 is connected to node 18.

---

### Step 1: Understand the structure

This is a **linear chain** of nodes, where each node is connected to the next one, and the last node (node 19) is only connected to node 18.

So the graph looks like:

```
0 - 1 - 2 - 3 - 4 - 5 - 6 - 7 - 8 - 9 - 10 - 11 - 12 - 13 - 14 - 15 - 16 - 17 - 18 - 19
```

---

### Step 2: Determine the degree of node 17

From the connections above:

- Node 17 is connected to **node 16** and **node 18**.

So, the **degree** of node 17 is:

$$
\boxed{2}
$$",519,False
node_degree/diverse/path/1,node_degree,components,zero_shot,2,qwen3-1.7b,"We are given a graph with 20 nodes (from 0 to 19), and the connections are specified as follows:

- Node 0 is connected to node 1.
- Node 1 is connected to nodes 0 and 2.
- Node 2 is connected to nodes 1 and 3.
- Node 3 is connected to nodes 2 and 4.
- Node 4 is connected to nodes 3 and 5.
- Node 5 is connected to nodes 4 and 6.
- Node 6 is connected to nodes 5 and 7.
- Node 7 is connected to nodes 6 and 8.
- Node 8 is connected to nodes 7 and 9.
- Node 9 is connected to nodes 8 and 10.
- Node 10 is connected to nodes 9 and 11.
- Node 11 is connected to nodes 10 and 12.
- Node 12 is connected to nodes 11 and 13.
- Node 13 is connected to nodes 12 and 14.
- Node 14 is connected to nodes 13 and 15.
- Node 15 is connected to nodes 14 and 16.
- Node 16 is connected to nodes 15 and 17.
- Node 17 is connected to nodes 16 and 18.
- Node 18 is connected to nodes 17 and 19.
- Node 19 is connected to node 18.

---

### Step 1: Understand the structure

This graph is a **linear chain** of nodes, where each node is connected to the next one. It looks like a **path graph** from node 0 to node 19, with each node connected to the next one.

So the graph is:

```
0 - 1 - 2 - 3 - 4 - 5 - 6 - 7 - 8 - 9 - 10 - 11 - 12 - 13 - 14 - 15 - 16 - 17 - 18 - 19
```

---

### Step 2: Determine the degree of node 17

From the connections above:

- Node 17 is connected to **node 16** and **node 18**.

So, the **degree of node 17** is:

$$
\boxed{2}
$$",530,False
node_degree/diverse/path/1,node_degree,degree,zero_shot,2,qwen3-1.7b,"We are given a graph with nodes from 0 to 19, and we are told the **degrees** of all nodes except node 19, which has degree **1**.

Let's go through the information step by step.

---

### **Given Degree Information:**

- Node 0: degree 1  
- Node 1: degree 2  
- Node 2: degree 2  
- Node 3: degree 2  
- Node 4: degree 2  
- Node 5: degree 2  
- Node 6: degree 2  
- Node 7: degree 2  
- Node 8: degree 2  
- Node 9: degree 2  
- Node 10: degree 2  
- Node 11: degree 2  
- Node 12: degree 2  
- Node 13: degree 2  
- Node 14: degree 2  
- Node 15: degree 2  
- Node 16: degree 2  
- Node 17: degree 2  
- Node 18: degree 2  
- Node 19: degree 1

---

### **Graph Structure:**

The graph is structured as a **chain**:

- Node 0 is connected to node 1  
- Node 1 is connected to nodes 0 and 2  
- Node 2 is connected to nodes 1 and 3  
- Node 3 is connected to nodes 2 and 4  
- ...
- Node 18 is connected to node 17 and 19  
- Node 19 is connected to node 18

This is a **linear chain** of 19 nodes, where each node (except the first and last) is connected to two neighbors.

---

### **Degree of Node 17:**

In a linear chain of 19 nodes, each node (except the first and last) has degree 2.

- Node 0: degree 1 (connected to node 1)  
- Node 1: degree 2 (connected to 0 and 2)  
- Node 2: degree 2 (connected to 1 and 3)  
- ...
- Node 17: degree 2 (connected to 16 and 18)  
- Node 18: degree 2 (connected to 17 and 19)  
- Node 19: degree 1 (connected to 18)

So, **node 17 is connected to nodes 16 and 18**, meaning it has **degree 2**.

---

### ✅ **Final Answer:**

$$
\boxed{2}
$$",571,False
node_degree/diverse/path/1,node_degree,filler,zero_shot,2,qwen3-1.7b,"To determine the **degree of node 17**, we need to count how many edges are connected to it in the graph.

From the description:

- Node 17 is connected to **node 16**.
- Node 17 is also connected to **node 18**.

So, node 17 has **2 edges** connected to it.

### ✅ Answer:
**The degree of node 17 is 2.**",95,False
node_degree/diverse/path/1,node_degree,none,zero_shot,2,qwen3-1.7b,"We are given a graph with nodes from 0 to 19, and the connections are specified as follows:

- Node 0 is connected to node 1.
- Node 1 is connected to nodes 0 and 2.
- Node 2 is connected to nodes 1 and 3.
- Node 3 is connected to nodes 2 and 4.
- Node 4 is connected to nodes 3 and 5.
- Node 5 is connected to nodes 4 and 6.
- Node 6 is connected to nodes 5 and 7.
- Node 7 is connected to nodes 6 and 8.
- Node 8 is connected to nodes 7 and 9.
- Node 9 is connected to nodes 8 and 10.
- Node 10 is connected to nodes 9 and 11.
- Node 11 is connected to nodes 10 and 12.
- Node 12 is connected to nodes 11 and 13.
- Node 13 is connected to nodes 12 and 14.
- Node 14 is connected to nodes 13 and 15.
- Node 15 is connected to nodes 14 and 16.
- Node 16 is connected to nodes 15 and 17.
- Node 17 is connected to nodes 16 and 18.
- Node 18 is connected to nodes 17 and 19.
- Node 19 is connected to node 18.

---

### Step 1: Understand the structure

This graph is a **linear chain** of nodes from 0 to 19, where each node is connected to the next one. So the graph is a **path graph** from 0 to 19.

---

### Step 2: Determine the degree of node 17

In a path graph (linear chain), each node (except the first and last) has **degree 2** (connected to two neighbors). The first node (node 0) has degree 1, and the last node (node 19) has degree 1.

So:

- Node 0: degree 1
- Node 1: degree 2
- Node 2: degree 2
- ...
- Node 17: degree 2
- Node 18: degree 2
- Node 19: degree 1

---

### ✅ Final Answer:

**The degree of node 17 is 2.**",535,False
node_degree/diverse/path/1,node_degree,rwse,zero_shot,2,qwen3-1.7b,"We are asked to find the **degree of node 17** in the given graph.

---

### Step 1: Understand the definition of degree

In graph theory, the **degree of a node** is the number of edges connected to it.

---

### Step 2: Look at the adjacency list

From the problem, we are given the connections between nodes. Let's extract the connections for node 17.

From the description:

- Node 17 is connected to **nodes 16 and 18**.

So, node 17 is connected to **two nodes**.

---

### Step 3: Conclusion

The **degree of node 17** is:

$$
\boxed{2}
$$",151,False
node_degree/diverse/path/2,node_degree,all,zero_shot,2,qwen3-1.7b,"We are given a graph with nodes from 0 to 19, and we are told the **degree**, **clustering coefficient**, and **return probability** for each node. The question is: **What is the degree of node 14?**

---

### Step 1: Understand the structure of the graph

From the description:

- Node 0 is connected to node 1.
- Node 1 is connected to nodes 0 and 2.
- Node 2 is connected to nodes 1 and 3.
- Node 3 is connected to nodes 2 and 4.
- Node 4 is connected to nodes 3 and 5.
- Node 5 is connected to nodes 4 and 6.
- Node 6 is connected to nodes 5 and 7.
- Node 7 is connected to nodes 6 and 8.
- Node 8 is connected to nodes 7 and 9.
- Node 9 is connected to nodes 8 and 10.
- Node 10 is connected to nodes 9 and 11.
- Node 11 is connected to nodes 10 and 12.
- Node 12 is connected to nodes 11 and 13.
- Node 13 is connected to nodes 12 and 14.
- Node 14 is connected to nodes 13 and 15.
- Node 15 is connected to nodes 14 and 16.
- Node 16 is connected to nodes 15 and 17.
- Node 17 is connected to nodes 16 and 18.
- Node 18 is connected to nodes 17 and 19.
- Node 19 is connected to node 18.

---

### Step 2: Determine the degree of node 14

From the above connections:

- Node 14 is connected to **node 13** and **node 15**.

So, the **degree of node 14** is:

$$
\boxed{2}
$$

---

### ✅ Final Answer:
**The degree of node 14 is 2.**",458,False
node_degree/diverse/path/2,node_degree,clustering,zero_shot,2,qwen3-1.7b,"We are given a graph with 20 nodes (0 through 19), and the connections are as follows:

- Node 0 is connected to node 1.
- Node 1 is connected to nodes 0 and 2.
- Node 2 is connected to nodes 1 and 3.
- Node 3 is connected to nodes 2 and 4.
- Node 4 is connected to nodes 3 and 5.
- Node 5 is connected to nodes 4 and 6.
- Node 6 is connected to nodes 5 and 7.
- Node 7 is connected to nodes 6 and 8.
- Node 8 is connected to nodes 7 and 9.
- Node 9 is connected to nodes 8 and 10.
- Node 10 is connected to nodes 9 and 11.
- Node 11 is connected to nodes 10 and 12.
- Node 12 is connected to nodes 11 and 13.
- Node 13 is connected to nodes 12 and 14.
- Node 14 is connected to nodes 13 and 15.
- Node 15 is connected to nodes 14 and 16.
- Node 16 is connected to nodes 15 and 17.
- Node 17 is connected to nodes 16 and 18.
- Node 18 is connected to nodes 17 and 19.
- Node 19 is connected to node 18.

---

### Step-by-step analysis:

We are asked: **What is the degree of node 14?**

From the above connections:

- Node 14 is connected to **node 13** and **node 15**.

So, the degree of node 14 is:

$$
\boxed{2}
$$

---

### ✅ Final Answer:
**The degree of node 14 is 2.**",418,False
node_degree/diverse/path/2,node_degree,components,zero_shot,2,qwen3-1.7b,"We are given a graph with 20 nodes (from 0 to 19), and the connections are specified as follows:

- Node 0 is connected to node 1.
- Node 1 is connected to nodes 0 and 2.
- Node 2 is connected to nodes 1 and 3.
- Node 3 is connected to nodes 2 and 4.
- Node 4 is connected to nodes 3 and 5.
- Node 5 is connected to nodes 4 and 6.
- Node 6 is connected to nodes 5 and 7.
- Node 7 is connected to nodes 6 and 8.
- Node 8 is connected to nodes 7 and 9.
- Node 9 is connected to nodes 8 and 10.
- Node 10 is connected to nodes 9 and 11.
- Node 11 is connected to nodes 10 and 12.
- Node 12 is connected to nodes 11 and 13.
- Node 13 is connected to nodes 12 and 14.
- Node 14 is connected to nodes 13 and 15.
- Node 15 is connected to nodes 14 and 16.
- Node 16 is connected to nodes 15 and 17.
- Node 17 is connected to nodes 16 and 18.
- Node 18 is connected to nodes 17 and 19.
- Node 19 is connected to node 18.

---

### Step-by-step analysis:

We are asked: **What is the degree of node 14?**

From the list of connections, node 14 is connected to:

- Node 13 (from the list: ""Node 13 is connected to nodes 12 and 14"")
- Node 15 (from the list: ""Node 15 is connected to nodes 14 and 16"")

So, node 14 is connected to **two** nodes: 13 and 15.

---

### ✅ Final Answer:

**The degree of node 14 is 2.**",464,False
node_degree/diverse/path/2,node_degree,degree,zero_shot,2,qwen3-1.7b,"We are given a graph with nodes from 0 to 19, and we are told the **degree** of each node. The question is: **What is the degree of node 14?**

---

### Step 1: Understand the Degree Information

From the problem:

- Node 0 has degree 1
- Node 1 has degree 2
- Node 2 has degree 2
- Node 3 has degree 2
- ...
- Node 13 has degree 2
- Node 14 has degree 2
- Node 15 has degree 2
- ...
- Node 19 has degree 1

So, **nodes 0, 1, 2, 3, ..., 13, 14, 15, ..., 19** have degrees 1 or 2.

---

### Step 2: Look at the Graph Structure

The graph is structured as a **chain**:

- Node 0 is connected to node 1
- Node 1 is connected to nodes 0 and 2
- Node 2 is connected to nodes 1 and 3
- ...
- Node 18 is connected to node 17 and 19
- Node 19 is connected to node 18

This is a **linear chain** of 19 nodes, where each node (except the first and last) is connected to two neighbors.

---

### Step 3: Determine the Degree of Node 14

In a linear chain of 19 nodes, each node (except the first and last) has degree 2.

So, **node 14** is in the middle of the chain, and thus has degree **2**.

---

### ✅ Final Answer:

**The degree of node 14 is 2.**",386,False
node_degree/diverse/path/2,node_degree,filler,zero_shot,2,qwen3-1.7b,"We are given a graph with 20 nodes (0 through 19), and the connections are as follows:

- Node 0 is connected to node 1.
- Node 1 is connected to nodes 0 and 2.
- Node 2 is connected to nodes 1 and 3.
- Node 3 is connected to nodes 2 and 4.
- Node 4 is connected to nodes 3 and 5.
- Node 5 is connected to nodes 4 and 6.
- Node 6 is connected to nodes 5 and 7.
- Node 7 is connected to nodes 6 and 8.
- Node 8 is connected to nodes 7 and 9.
- Node 9 is connected to nodes 8 and 10.
- Node 10 is connected to nodes 9 and 11.
- Node 11 is connected to nodes 10 and 12.
- Node 12 is connected to nodes 11 and 13.
- Node 13 is connected to nodes 12 and 14.
- Node 14 is connected to nodes 13 and 15.
- Node 15 is connected to nodes 14 and 16.
- Node 16 is connected to nodes 15 and 17.
- Node 17 is connected to nodes 16 and 18.
- Node 18 is connected to nodes 17 and 19.
- Node 19 is connected to node 18.

---

### Step-by-step analysis:

We are asked: **What is the degree of node 14?**

From the list of connections:

- Node 14 is connected to **node 13** and **node 15**.

So, node 14 has **2 connections**.

---

### Final Answer:

**The degree of node 14 is 2.**",409,False
node_degree/diverse/path/2,node_degree,none,zero_shot,2,qwen3-1.7b,"We are given a graph with nodes from 0 to 19, and the connections are specified as follows:

- Node 0 is connected to node 1.
- Node 1 is connected to nodes 0 and 2.
- Node 2 is connected to nodes 1 and 3.
- Node 3 is connected to nodes 2 and 4.
- Node 4 is connected to nodes 3 and 5.
- Node 5 is connected to nodes 4 and 6.
- Node 6 is connected to nodes 5 and 7.
- Node 7 is connected to nodes 6 and 8.
- Node 8 is connected to nodes 7 and 9.
- Node 9 is connected to nodes 8 and 10.
- Node 10 is connected to nodes 9 and 11.
- Node 11 is connected to nodes 10 and 12.
- Node 12 is connected to nodes 11 and 13.
- Node 13 is connected to nodes 12 and 14.
- Node 14 is connected to nodes 13 and 15.
- Node 15 is connected to nodes 14 and 16.
- Node 16 is connected to nodes 15 and 17.
- Node 17 is connected to nodes 16 and 18.
- Node 18 is connected to nodes 17 and 19.
- Node 19 is connected to node 18.

---

### Step-by-step analysis:

We are asked: **What is the degree of node 14?**

From the list of connections, node 14 is connected to:

- Node 13 (from the list: ""Node 13 is connected to nodes 12 and 14"")
- Node 15 (from the list: ""Node 15 is connected to nodes 14 and 16"")

So, node 14 is connected to **two** nodes: 13 and 15.

---

### Final Answer:

**The degree of node 14 is 2.**",458,False
node_degree/diverse/path/2,node_degree,rwse,zero_shot,2,qwen3-1.7b,"We are asked to find the **degree** of node **14** in the graph described.

---

### Step 1: Understand the definition of degree

In graph theory, the **degree** of a node is the number of edges connected to it.

---

### Step 2: Look at the graph structure

From the description:

- Node 14 is connected to **node 13** and **node 15**.
- So, it has **two edges** connected to it.

---

### Step 3: Conclusion

The degree of node 14 is:

$$
\boxed{2}
$$",129,False
node_degree/diverse/path/3,node_degree,all,zero_shot,2,qwen3-1.7b,"We are asked to determine the **degree** of **node 2** in the given graph.

---

### Step 1: Understand the Graph Structure

From the problem, we are given the **structure** of the graph:

- **Node 0** is connected to **node 1**.
- **Node 1** is connected to **nodes 0** and **2**.
- **Node 2** is connected to **nodes 1** and **3**.
- **Node 3** is connected to **nodes 2** and **4**.
- **Node 4** is connected to **nodes 3** and **5**.
- **Node 5** is connected to **nodes 4** and **6**.
- **Node 6** is connected to **nodes 5** and **7**.
- **Node 7** is connected to **nodes 6** and **8**.
- **Node 8** is connected to **nodes 7** and **9**.
- **Node 9** is connected to **nodes 8** and **10**.
- **Node 10** is connected to **nodes 9** and **11**.
- **Node 11** is connected to **nodes 10** and **12**.
- **Node 12** is connected to **nodes 11** and **13**.
- **Node 13** is connected to **nodes 12** and **14**.
- **Node 14** is connected to **nodes 13** and **15**.
- **Node 15** is connected to **nodes 14** and **16**.
- **Node 16** is connected to **nodes 15** and **17**.
- **Node 17** is connected to **nodes 16** and **18**.
- **Node 18** is connected to **nodes 17** and **19**.
- **Node 19** is connected to **node 18**.

---

### Step 2: Determine the Degree of Node 2

From the structure above:

- **Node 2** is connected to **node 1** and **node 3**.

So, the **degree** of node 2 is:

$$
\boxed{2}
$$

---

### ✅ Final Answer:
**The degree of node 2 is 2.**",528,False
node_degree/diverse/path/3,node_degree,clustering,zero_shot,2,qwen3-1.7b,"We are given a graph with 20 nodes (0 through 19), and the connections are as follows:

- Node 0 is connected to node 1.
- Node 1 is connected to nodes 0 and 2.
- Node 2 is connected to nodes 1 and 3.
- Node 3 is connected to nodes 2 and 4.
- Node 4 is connected to nodes 3 and 5.
- Node 5 is connected to nodes 4 and 6.
- Node 6 is connected to nodes 5 and 7.
- Node 7 is connected to nodes 6 and 8.
- Node 8 is connected to nodes 7 and 9.
- Node 9 is connected to nodes 8 and 10.
- Node 10 is connected to nodes 9 and 11.
- Node 11 is connected to nodes 10 and 12.
- Node 12 is connected to nodes 11 and 13.
- Node 13 is connected to nodes 12 and 14.
- Node 14 is connected to nodes 13 and 15.
- Node 15 is connected to nodes 14 and 16.
- Node 16 is connected to nodes 15 and 17.
- Node 17 is connected to nodes 16 and 18.
- Node 18 is connected to nodes 17 and 19.
- Node 19 is connected to node 18.

---

### Step 1: Understand the structure

This is a **linear chain** of nodes, where each node is connected to the next one. The graph is a **path graph** (also called a straight line graph), with nodes 0–19 connected in a straight line:

```
0 - 1 - 2 - 3 - 4 - 5 - 6 - 7 - 8 - 9 - 10 - 11 - 12 - 13 - 14 - 15 - 16 - 17 - 18 - 19
```

---

### Step 2: Determine the degree of node 2

- Node 2 is connected to node 1 and node 3.
- So, node 2 has **2 neighbors**.

---

### ✅ Final Answer:

**The degree of node 2 is 2.**",520,False
node_degree/diverse/path/3,node_degree,components,zero_shot,2,qwen3-1.7b,"To determine the **degree of node 2**, we need to count how many edges are connected to it.

From the description:

- Node 0 is connected to node 1.
- Node 1 is connected to nodes 0 and 2.
- Node 2 is connected to nodes 1 and 3.

So, node 2 is connected to **two** nodes: 1 and 3.

### ✅ Answer:
**The degree of node 2 is 2.**",102,False
node_degree/diverse/path/3,node_degree,degree,zero_shot,2,qwen3-1.7b,"We are given a graph with nodes from 0 to 19, and we are told the **degree** of each node. The question is:

> **What is the degree of node 2?**

### Step 1: Understand the degree information

From the problem:

- Node 0 has degree 1
- Node 1 has degree 2
- Node 2 has degree 2
- Node 3 has degree 2
- Node 4 has degree 2
- ...
- Node 18 has degree 2
- Node 19 has degree 1

So, **node 2 has degree 2**.

---

### ✅ Final Answer:

**The degree of node 2 is 2.**",156,False
node_degree/diverse/path/3,node_degree,filler,zero_shot,2,qwen3-1.7b,"To determine the **degree of node 2**, we need to count how many edges are connected to it.

From the given information:

- Node 2 is connected to **node 1** and **node 3**.

So, the degree of **node 2** is:

$$
\boxed{2}
$$",67,False
node_degree/diverse/path/3,node_degree,none,zero_shot,2,qwen3-1.7b,"To determine the **degree of node 2**, we need to count how many edges are connected to it.

From the description:

- Node 0 is connected to node 1.
- Node 1 is connected to nodes 0 and 2.
- Node 2 is connected to nodes 1 and 3.

So, node 2 is connected to **two** nodes: 1 and 3.

### ✅ Answer:
**The degree of node 2 is 2.**",102,False
node_degree/diverse/path/3,node_degree,rwse,zero_shot,2,qwen3-1.7b,"We are asked to find the **degree of node 2** in the given graph.

---

### Step 1: Understand the definition of degree

In graph theory, the **degree** of a node is the number of edges connected to it.

---

### Step 2: Look at the adjacency list

From the problem, we are given the connections between nodes. Let's extract the connections for **node 2**:

- Node 2 is connected to **node 1** (from the adjacency list: ""Node 2 is connected to nodes 1, 3"")

So, node 2 is connected to **node 1** and **node 3**.

---

### Step 3: Count the degree

- Node 2 is connected to **node 1** and **node 3** → degree = **2**

---

### ✅ Final Answer:

**The degree of node 2 is 2.**",192,False
