instance_id,task,condition,style,gold,model,response,n_new_tokens,hit_cap
node_count/0,node_count,all,zero_shot, 18.,qwen3-1.7b,"To determine how many nodes are in the graph, we can simply count the number of nodes listed in the problem.

The nodes are:

- Node 0
- Node 1
- Node 2
- Node 3
- Node 4
- Node 5
- Node 6
- Node 7
- Node 8
- Node 9
- Node 10
- Node 11
- Node 12
- Node 13
- Node 14
- Node 15
- Node 16
- Node 17

That's a total of **18 nodes**.

---

### ✅ Final Answer:
**18 nodes**.",150,False
node_count/0,node_count,clustering,zero_shot, 18.,qwen3-1.7b,"To determine how many nodes are in the graph, we simply count the number of distinct nodes listed in the problem.

The nodes are:

**0, 1, 2, 3, 4, 5, 6, 7, 8, 9, 10, 11, 12, 13, 14, 15, 16, 17**

This is a total of **18 nodes**.

### ✅ Final Answer: **18**",111,False
node_count/0,node_count,components,zero_shot, 18.,qwen3-1.7b,"To determine how many nodes are in the graph, we need to count the number of distinct nodes listed in the description.

The nodes are:

**0, 1, 2, 3, 4, 5, 6, 7, 8, 9, 10, 11, 12, 13, 14, 15, 16, 17**

Let's count them:

- 0
- 1
- 2
- 3
- 4
- 5
- 6
- 7
- 8
- 9
- 10
- 11
- 12
- 13
- 14
- 15
- 16
- 17

There are **18** distinct nodes in the graph.

### ✅ Final Answer:
**18**",198,False
node_count/0,node_count,degree,zero_shot, 18.,qwen3-1.7b,"To determine how many nodes are in the graph, we simply count the number of distinct nodes listed in the problem.

The nodes are:

**0, 1, 2, 3, 4, 5, 6, 7, 8, 9, 10, 11, 12, 13, 14, 15, 16, 17**

Let's count them:

- 0
- 1
- 2
- 3
- 4
- 5
- 6
- 7
- 8
- 9
- 10
- 11
- 12
- 13
- 14
- 15
- 16
- 17

There are **18** distinct nodes.

---

### ✅ Final Answer:
**18 nodes**.",197,False
node_count/0,node_count,filler,zero_shot, 18.,qwen3-1.7b,"To determine how many nodes are in the graph, we can look at the list of nodes provided:

- Node 0  
- Node 1  
- Node 2  
- Node 3  
- Node 4  
- Node 5  
- Node 6  
- Node 7  
- Node 8  
- Node 9  
- Node 10  
- Node 11  
- Node 12  
- Node 13  
- Node 14  
- Node 15  
- Node 16  
- Node 17  

This is a list of 18 distinct nodes.

### ✅ Final Answer:
**18 nodes** are in the graph.",146,False
node_count/0,node_count,none,zero_shot, 18.,qwen3-1.7b,"To determine how many nodes are in the graph, we can simply count the number of distinct node labels provided in the description.

The nodes are labeled as:

**0, 1, 2, 3, 4, 5, 6, 7, 8, 9, 10, 11, 12, 13, 14, 15, 16, 17**

Let's count them:

- 0
- 1
- 2
- 3
- 4
- 5
- 6
- 7
- 8
- 9
- 10
- 11
- 12
- 13
- 14
- 15
- 16
- 17

There are **18** distinct nodes.

### ✅ Final Answer: **18**",198,False
node_count/0,node_count,rwse,zero_shot, 18.,qwen3-1.7b,"To determine how many nodes are in the graph, we simply count the number of distinct nodes listed in the problem.

The nodes are:

**0, 1, 2, 3, 4, 5, 6, 7, 8, 9, 10, 11, 12, 13, 14, 15, 16, 17**

Let's count them:

- 0
- 1
- 2
- 3
- 4
- 5
- 6
- 7
- 8
- 9
- 10
- 11
- 12
- 13
- 14
- 15
- 16
- 17

There are **18** distinct nodes in the graph.

---

**Answer: 18**",195,False
node_count/1,node_count,all,zero_shot, 10.,qwen3-1.7b,"We are given a graph with nodes 0 through 9, and we are asked to determine how many **nodes** are in the graph.

### Step-by-step Analysis:

Let’s list the nodes given in the question:

- Node 0
- Node 1
- Node 2
- Node 3
- Node 4
- Node 5
- Node 6
- Node 7
- Node 8
- Node 9

That's **10 nodes** in total.

### Final Answer:

$$
\boxed{10}
$$",119,False
node_count/1,node_count,clustering,zero_shot, 10.,qwen3-1.7b,"We are given a graph with **10 nodes** (nodes 0 through 9), and we are told the **clustering coefficients** for each node. However, the question is not about the clustering coefficients, but rather:

> **How many nodes are in this graph?**

### Step-by-step analysis:

We are told the nodes are:

- Node 0
- Node 1
- Node 2
- Node 3
- Node 4
- Node 5
- Node 6
- Node 7
- Node 8
- Node 9

That's **10 distinct nodes**.

### Conclusion:

The graph contains **10 nodes**.

---

**Answer: 10**",151,False
node_count/1,node_count,components,zero_shot, 10.,qwen3-1.7b,"We are given a graph with **10 nodes** (nodes 0 through 9), and the problem is to determine how many **nodes** are in the graph.

### Step-by-step analysis:

- The nodes are labeled from **0 to 9**, which is a total of **10 nodes**.
- The question is simply asking: **How many nodes are in this graph?**

### Answer:
**10**

---

**Final Answer: 10**",98,False
node_count/1,node_count,degree,zero_shot, 10.,qwen3-1.7b,"We are given a graph with nodes labeled from 0 to 9, and we are told the **degrees** of each node:

- Node 0: degree 2  
- Node 1: degree 1  
- Node 2: degree 4  
- Node 3: degree 0  
- Node 4: degree 3  
- Node 5: degree 3  
- Node 6: degree 2  
- Node 7: degree 5  
- Node 8: degree 4  
- Node 9: degree 4  

We are also given the **connections** (edges) between the nodes:

- Node 0 is connected to nodes 1 and 8  
- Node 1 is connected to node 0  
- Node 2 is connected to nodes 4, 5, 7, 9  
- Node 4 is connected to nodes 2, 7, 8  
- Node 5 is connected to nodes 2, 7, 9  
- Node 6 is connected to nodes 7, 9  
- Node 7 is connected to nodes 2, 4, 5, 6, 8  
- Node 8 is connected to nodes 0, 4, 7, 9  
- Node 9 is connected to nodes 2, 5, 6, 8  

Now, the question is: **How many nodes are in this graph?**

---

### Step-by-step:

We are told the nodes are labeled from 0 to 9, and the question is **how many nodes** are in the graph.

From the list of node labels:

- Node 0  
- Node 1  
- Node 2  
- Node 3  
- Node 4  
- Node 5  
- Node 6  
- Node 7  
- Node 8  
- Node 9  

That's **10 nodes** in total.

---

### Final Answer:

$$
\boxed{10}
$$",420,False
node_count/1,node_count,filler,zero_shot, 10.,qwen3-1.7b,"We are given a graph with nodes labeled from 0 to 9, and we are asked how many **nodes** are in the graph.

### Step-by-step analysis:

- The nodes are: 0, 1, 2, 3, 4, 5, 6, 7, 8, 9.
- There are **10** distinct nodes listed.

### Conclusion:

The graph contains **10 nodes**.

**Answer: 10**",101,False
node_count/1,node_count,none,zero_shot, 10.,qwen3-1.7b,"We are given a graph with nodes labeled from 0 to 9, and we are asked to determine how many **nodes** are in the graph.

### Step-by-step analysis:

- The nodes are: **0, 1, 2, 3, 4, 5, 6, 7, 8, 9**
- These are all the nodes listed in the description.

### Conclusion:

The graph has **10 nodes**.

---

**Answer: 10**",104,False
node_count/1,node_count,rwse,zero_shot, 10.,qwen3-1.7b,"We are given a list of nodes (0 through 9) and their return probabilities after 2 and 3 steps. The question is:

> **How many nodes are in this graph?**

### Step 1: Count the number of nodes
The nodes listed are:

- Node 0
- Node 1
- Node 2
- Node 3
- Node 4
- Node 5
- Node 6
- Node 7
- Node 8
- Node 9

That's **10 nodes** in total.

---

### ✅ Final Answer:
**10 nodes** are in the graph.",134,False
node_count/2,node_count,all,zero_shot, 9.,qwen3-1.7b,"We are given a graph with nodes 0 through 8, and we are told the following:

- **Node 0** has degree 0, clustering coefficient 0.00, and return probability 0.00 after 2 and 3 steps.
- **Node 1** has degree 0, clustering coefficient 0.00, and return probability 0.00 after 2 and 3 steps.
- **Node 2** has degree 0, clustering coefficient 0.00, and return probability 0.00 after 2 and 3 steps.
- **Node 3** has degree 0, clustering coefficient 0.00, and return probability 0.00 after 2 and 3 steps.
- **Node 4** has degree 1, clustering coefficient 0.00, and return probability 0.50 after 2 steps and 0.00 after 3 steps.
- **Node 5** has degree 1, clustering coefficient 0.00, and return probability 0.50 after 2 steps and 0.00 after 3 steps.
- **Node 6** has degree 0, clustering coefficient 0.00, and return probability 0.00 after 2 and 3 steps.
- **Node 7** has degree 0, clustering coefficient 0.00, and return probability 0.00 after 2 and 3 steps.
- **Node 8** has degree 2, clustering coefficient 0.00, and return probability 1.00 after 2 steps and 0.00 after 3 steps.

---

### Step 1: Identify the nodes with degree 0

Nodes 0, 1, 2, 3, 6, 7 are all degree 0.

---

### Step 2: Identify the nodes with degree 1

Nodes 4 and 5 are degree 1.

---

### Step 3: Identify the node with degree 2

Node 8 is degree 2.

---

### Step 4: Count the total number of nodes

We have:

- 6 nodes with degree 0
- 2 nodes with degree 1
- 1 node with degree 2

So, total number of nodes = 6 + 2 + 1 = **9**

---

### ✅ Final Answer:

**9 nodes** in the graph.",519,False
node_count/2,node_count,clustering,zero_shot, 9.,qwen3-1.7b,"We are given a graph $ G $ with nodes $ 0, 1, 2, 3, 4, 5, 6, 7, 8 $, and we are told the **clustering coefficients** of all these nodes are **0.00**.

### What does a clustering coefficient of 0.00 mean?

The **clustering coefficient** of a node measures how many of its neighbors are also connected to each other. If the clustering coefficient is 0.00, it means that **no two neighbors of the node are connected**.

So, for each of the nodes $ 0, 1, 2, 3, 4, 5, 6, 7, 8 $, **none of their neighbors are connected to each other**.

### Now, let's look at the edges:

- Node 4 is connected to node 8.
- Node 5 is connected to node 8.
- Node 8 is connected to nodes 4, 5.

So, the edges are:
- 4–8
- 5–8
- 8–4
- 8–5

So, the graph has **4 edges**.

### Now, how many nodes are in the graph?

The nodes are: 0, 1, 2, 3, 4, 5, 6, 7, 8 — that's **9 nodes**.

### Final Answer:
**9** nodes are in the graph.",319,False
node_count/2,node_count,components,zero_shot, 9.,qwen3-1.7b,"We are told that the graph has **7 connected components**, and the nodes are labeled from **0 to 8** (i.e., 9 nodes in total).

The question is: **How many nodes are in this graph?**

### Answer:
The graph has **9 nodes** (nodes 0 through 8).

---

### Final Answer:
**9**",75,False
node_count/2,node_count,degree,zero_shot, 9.,qwen3-1.7b,"We are given a graph with nodes labeled 0 through 8, and we are told the **degrees** of each node:

- Node 0: degree 0  
- Node 1: degree 0  
- Node 2: degree 0  
- Node 3: degree 0  
- Node 4: degree 1  
- Node 5: degree 1  
- Node 6: degree 0  
- Node 7: degree 0  
- Node 8: degree 2  

We are also told:

- Node 4 is connected to node 8  
- Node 5 is connected to node 8  
- Node 8 is connected to nodes 4, 5  

This confirms that **node 8 has degree 2**, which matches the given degree.

Now, the question is: **How many nodes are in this graph?**

### Step-by-step:

- The nodes are labeled from 0 to 8, which is **9 nodes**.
- All the degrees are given, and the connections are consistent with the degrees.
- The graph is fully described, and the number of nodes is **not affected by the degree or connections** — it's just the count of the labels.

### Final Answer:

**9 nodes**.",264,False
node_count/2,node_count,filler,zero_shot, 9.,qwen3-1.7b,"We are given a graph $ G $ with the following nodes:

- Node 0
- Node 1
- Node 2
- Node 3
- Node 4
- Node 5
- Node 6
- Node 7
- Node 8

This is a list of 9 distinct nodes.

We are also given some connections:
- Node 4 is connected to node 8
- Node 5 is connected to node 8
- Node 8 is connected to nodes 4 and 5

However, this does **not** affect the count of nodes in the graph.

---

### ✅ Final Answer:
There are **9 nodes** in the graph.",145,False
node_count/2,node_count,none,zero_shot, 9.,qwen3-1.7b,"We are given a graph with **nodes 0 through 8**, which is a total of **9 nodes**.

Let's verify the information:

- **Node 4 is connected to node 8.**
- **Node 5 is connected to node 8.**
- **Node 8 is connected to nodes 4 and 5.**

This confirms that **node 8 is connected to nodes 4 and 5**, and **node 4 and 5 are connected to node 8**.

There is **no mention of any other connections**, and the nodes listed are **0 through 8** (i.e., 9 nodes in total).

---

### ✅ Final Answer:
**9 nodes** are in the graph.",153,False
node_count/2,node_count,rwse,zero_shot, 9.,qwen3-1.7b,"We are given a graph with nodes labeled from 0 to 8, and we are told:

- **Node 0** has return probability 0.00 after 2 steps and 3 steps.
- **Node 1** has return probability 0.00 after 2 steps and 3 steps.
- **Node 2** has return probability 0.00 after 2 steps and 3 steps.
- **Node 3** has return probability 0.00 after 2 steps and 3 steps.
- **Node 4** has return probability 0.50 after 2 steps and 0.00 after 3 steps.
- **Node 5** has return probability 0.50 after 2 steps and 0.00 after 3 steps.
- **Node 6** has return probability 0.00 after 2 steps and 0.00 after 3 steps.
- **Node 7** has return probability 0.00 after 2 steps and 0.00 after 3 steps.
- **Node 8** has return probability 1.00 after 2 steps and 0.00 after 3 steps.

---

### Step 1: Identify the nodes

We are told the nodes are labeled from 0 to 8. That is:

- **Nodes 0, 1, 2, 3, 4, 5, 6, 7, 8** — total of **9 nodes**.

---

### Step 2: Check if any nodes are missing

The question is: **How many nodes are in this graph?**

We are told the graph includes nodes 0 through 8, which is **9 nodes**.

---

### ✅ Final Answer:

$$
\boxed{9}
$$",385,False
node_count/3,node_count,all,zero_shot, 11.,qwen3-1.7b,"We are given a graph with **nodes 0 through 10**, and we are asked to determine how many **nodes** are in the graph.

### Step-by-step Analysis:

We are told that the graph is among **nodes 0, 1, 2, 3, 4, 5, 6, 7, 8, 9, and 10**.

This is a **complete list** of the nodes, and no additional nodes are mentioned.

---

### Conclusion:

The graph contains **11 nodes** (nodes 0 through 10).

---

### Final Answer:

**A: 11**",135,False
node_count/3,node_count,clustering,zero_shot, 11.,qwen3-1.7b,"We are given a graph with **11 nodes** (nodes 0 through 10), and we are told the **clustering coefficients** for each node. However, the question is not asking for the clustering coefficients — it is asking:

> **How many nodes are in this graph?**

### Step-by-step reasoning:

- The nodes are labeled from **0 to 10**, which is a total of **11 nodes**.
- The graph is defined with connections between these 11 nodes.
- The clustering coefficients are provided, but they are **not relevant** to the question of how many nodes are in the graph.

### Final Answer:

$$
\boxed{11}
$$",145,False
node_count/3,node_count,components,zero_shot, 11.,qwen3-1.7b,"We are asked to determine how many **nodes** are in the graph described.

### Step-by-step analysis:

We are given a graph with **nodes labeled from 0 to 10**, and we are told:

- The graph has **1 connected component**.
- Each node has a list of neighbors (connected to).

We are to count how many **nodes** are in the graph.

### Observations:

- The nodes are labeled from **0 to 10**, which is a total of **11 nodes**.
- The graph is described with connections between these nodes.
- The question is simply asking: **How many nodes are in this graph?**

### Final Answer:

$$
\boxed{11}
$$",150,False
node_count/3,node_count,degree,zero_shot, 11.,qwen3-1.7b,"We are given the degrees of 11 nodes in a graph:

- Node 0: degree 4  
- Node 1: degree 6  
- Node 2: degree 6  
- Node 3: degree 7  
- Node 4: degree 6  
- Node 5: degree 4  
- Node 6: degree 8  
- Node 7: degree 4  
- Node 8: degree 5  
- Node 9: degree 7  
- Node 10: degree 7  

We are also given the **connections** (edges) for each node, but we are not asked to count the number of edges. Instead, the question is:

> **How many nodes are in this graph?**

---

### Step 1: Count the number of nodes

We are given the degrees of **11 nodes** (nodes 0 through 10). That means the graph has **11 nodes**.

---

### ✅ Final Answer:

**11 nodes** are in the graph.",219,False
node_count/3,node_count,filler,zero_shot, 11.,qwen3-1.7b,"We are asked to determine how many **nodes** are in the graph $ G $.

From the problem statement:

- The graph has **nodes 0 through 10**, inclusive.
- That is, the nodes are: 0, 1, 2, 3, 4, 5, 6, 7, 8, 9, 10.

So, the total number of nodes is:

$$
\boxed{11}
$$",99,False
node_count/3,node_count,none,zero_shot, 11.,qwen3-1.7b,"We are given a graph with nodes labeled from 0 to 10, and we are asked to determine how many **nodes** are in the graph.

### Step-by-step Analysis:

The nodes are:

- 0
- 1
- 2
- 3
- 4
- 5
- 6
- 7
- 8
- 9
- 10

These are all the nodes listed in the problem description.

### Conclusion:

The graph contains **11 nodes**.

---

### Final Answer:
**A: 11**",123,False
node_count/3,node_count,rwse,zero_shot, 11.,qwen3-1.7b,"We are given a list of nodes (0 through 10) and their return probabilities after 2 and 3 steps. The question is:

> **How many nodes are in this graph?**

### Step 1: Count the number of nodes
The nodes listed are:

- Node 0
- Node 1
- Node 2
- Node 3
- Node 4
- Node 5
- Node 6
- Node 7
- Node 8
- Node 9
- Node 10

That's **11 nodes**.

---

### Step 2: Verify the graph structure (optional)
The graph is defined with adjacency lists, but the question is not about the graph's structure, but about the number of nodes.

---

### ✅ Final Answer:
**11 nodes** are in the graph.

---

**Answer: 11**",186,False
node_count/4,node_count,all,zero_shot, 8.,qwen3-1.7b,"We are given a graph with nodes 0 through 7, and we are asked to determine how many **nodes** are in the graph.

### Step-by-step analysis:

We are told that the graph includes **nodes 0, 1, 2, 3, 4, 5, 6, and 7**. These are all the nodes mentioned in the problem.

Let’s verify this by checking the **degree** of each node, which is the number of edges connected to it.

---

### Node Degrees:

- **Node 0**: degree 4 → connected to 1, 2, 5, 7 ✅
- **Node 1**: degree 5 → connected to 0, 2, 4, 5, 7 ✅
- **Node 2**: degree 3 → connected to 0, 1, 5 ✅
- **Node 3**: degree 1 → connected to 5 ✅
- **Node 4**: degree 1 → connected to 1 ✅
- **Node 5**: degree 5 → connected to 0, 1, 2, 3, 7 ✅
- **Node 6**: degree 0 → no connections ✅
- **Node 7**: degree 3 → connected to 0, 1, 5 ✅

All nodes are accounted for, and their degrees match the given data.

---

### Final Answer:

$$
\boxed{8}
$$

There are **8 nodes** in the graph.",327,False
node_count/4,node_count,clustering,zero_shot, 8.,qwen3-1.7b,"We are given a graph with nodes 0 through 7, and we are told the **clustering coefficients** for each node. However, the question is not about the clustering coefficients, but rather:

> **How many nodes are in this graph?**

Let’s look at the list of nodes:

- Node 0
- Node 1
- Node 2
- Node 3
- Node 4
- Node 5
- Node 6
- Node 7

That's **8 nodes** in total.

---

### ✅ Final Answer:
**8 nodes** are in this graph.",127,False
node_count/4,node_count,components,zero_shot, 8.,qwen3-1.7b,"We are given a graph with **nodes 0 through 7**, and we are told that the graph has **2 connected components**.

Let's analyze the connections:

---

### **Node Connections:**

- **Node 0**: connected to 1, 2, 5, 7  
- **Node 1**: connected to 0, 2, 4, 5, 7  
- **Node 2**: connected to 0, 1, 5  
- **Node 3**: connected to 5  
- **Node 4**: connected to 1  
- **Node 5**: connected to 0, 1, 2, 3, 7  
- **Node 7**: connected to 0, 1, 5  

---

### **Step 1: Identify the connected components**

We can try to find which nodes are in the same connected component.

#### **Component 1: Nodes 0, 1, 2, 5, 7, 4**

- Node 0 is connected to 1, 2, 5, 7  
- Node 1 is connected to 0, 2, 4, 5, 7  
- Node 2 is connected to 0, 1, 5  
- Node 4 is connected to 1  
- Node 5 is connected to 0, 1, 2, 3, 7  
- Node 7 is connected to 0, 1, 5

So all these nodes are in the same connected component.

#### **Component 2: Node 3**

- Node 3 is connected only to 5, and 5 is in the first component. So node 3 is in a **separate component**.

---

### **Step 2: Count the number of nodes in the graph**

- **Component 1**: 0, 1, 2, 5, 7, 4 → 6 nodes  
- **Component 2**: 3 → 1 node  

**Total nodes in the graph = 6 + 1 = 7**

---

### ✅ Final Answer:

**7 nodes** in the graph.",462,False
node_count/4,node_count,degree,zero_shot, 8.,qwen3-1.7b,"We are given a graph with nodes 0 through 7, and we are told the **degrees** of each node:

- Node 0: degree 4  
- Node 1: degree 5  
- Node 2: degree 3  
- Node 3: degree 1  
- Node 4: degree 1  
- Node 5: degree 5  
- Node 6: degree 0  
- Node 7: degree 3  

We are also given the **connections** (edges) between the nodes:

- Node 0 is connected to 1, 2, 5, 7  
- Node 1 is connected to 0, 2, 4, 5, 7  
- Node 2 is connected to 0, 1, 5  
- Node 3 is connected to 5  
- Node 4 is connected to 1  
- Node 5 is connected to 0, 1, 2, 3, 7  
- Node 7 is connected to 0, 1, 5  

---

### Step 1: Count the number of nodes

We are told the nodes are: 0, 1, 2, 3, 4, 5, 6, 7 — that's **8 nodes**.

---

### Step 2: Verify the degrees match the connections

Let’s check the degree of each node based on the connections:

- **Node 0**: connected to 1, 2, 5, 7 → degree 4 ✅  
- **Node 1**: connected to 0, 2, 4, 5, 7 → degree 5 ✅  
- **Node 2**: connected to 0, 1, 5 → degree 3 ✅  
- **Node 3**: connected to 5 → degree 1 ✅  
- **Node 4**: connected to 1 → degree 1 ✅  
- **Node 5**: connected to 0, 1, 2, 3, 7 → degree 5 ✅  
- **Node 6**: connected to no one → degree 0 ✅  
- **Node 7**: connected to 0, 1, 5 → degree 3 ✅  

All degrees match the given information.

---

### ✅ Final Answer:

**The number of nodes in the graph is: 8**.",513,False
node_count/4,node_count,filler,zero_shot, 8.,qwen3-1.7b,"We are given a graph with the following nodes:

- Node 0
- Node 1
- Node 2
- Node 3
- Node 4
- Node 5
- Node 6
- Node 7

Each of these nodes is explicitly stated to be present in the graph.

### Counting the nodes:
- Node 0
- Node 1
- Node 2
- Node 3
- Node 4
- Node 5
- Node 6
- Node 7

There are **8 nodes** in total.

### Final Answer:
**A: 8**",130,False
node_count/4,node_count,none,zero_shot, 8.,qwen3-1.7b,"We are given a graph with nodes labeled from 0 to 7, and we are asked to determine how many **nodes** are in the graph.

### Step-by-step analysis:

Let's list the nodes and their connections as given:

- **Node 0** is connected to: 1, 2, 5, 7  
- **Node 1** is connected to: 0, 2, 4, 5, 7  
- **Node 2** is connected to: 0, 1, 5  
- **Node 3** is connected to: 5  
- **Node 4** is connected to: 1  
- **Node 5** is connected to: 0, 1, 2, 3, 7  
- **Node 7** is connected to: 0, 1, 5  

Now, let's count the number of **distinct nodes** listed:

- Node 0  
- Node 1  
- Node 2  
- Node 3  
- Node 4  
- Node 5  
- Node 7  

That's **7 distinct nodes**.

---

### ✅ Final Answer:

**The graph has 7 nodes.**

$$
\boxed{7}
$$",266,False
node_count/4,node_count,rwse,zero_shot, 8.,qwen3-1.7b,"We are given a graph with nodes labeled from 0 to 7, and we are told the **return probabilities** for each node after 2 and 3 steps.

We are also given the **connections** between the nodes:

- **Node 0** is connected to **1, 2, 5, 7**
- **Node 1** is connected to **0, 2, 4, 5, 7**
- **Node 2** is connected to **0, 1, 5**
- **Node 3** is connected to **5**
- **Node 4** is connected to **1**
- **Node 5** is connected to **0, 1, 2, 3, 7**
- **Node 7** is connected to **0, 1, 5**

We are asked: **How many nodes are in this graph?**

---

### Step 1: Count the number of nodes

We are given the labels: 0, 1, 2, 3, 4, 5, 6, 7.

That's **8 nodes**.

---

### ✅ Final Answer:

**8 nodes** are in this graph.",256,False
node_count/5,node_count,all,zero_shot, 17.,qwen3-1.7b,"To determine how many nodes are in the graph, we can simply count the number of distinct nodes listed in the problem.

From the problem description, the nodes are:

- Node 0  
- Node 1  
- Node 2  
- Node 3  
- Node 4  
- Node 5  
- Node 6  
- Node 7  
- Node 8  
- Node 9  
- Node 10  
- Node 11  
- Node 12  
- Node 13  
- Node 14  
- Node 15  
- Node 16  

This is a total of **17 nodes**.

---

### ✅ Final Answer:
**17 nodes**.",150,False
node_count/5,node_count,clustering,zero_shot, 17.,qwen3-1.7b,"To determine how many nodes are in the graph, we simply count the number of distinct nodes listed in the problem.

The nodes are:

**0, 1, 2, 3, 4, 5, 6, 7, 8, 9, 10, 11, 12, 13, 14, 15, 16**

This is a total of **17 nodes**.

### ✅ Final Answer:
**17** nodes are in the graph.",113,False
node_count/5,node_count,components,zero_shot, 17.,qwen3-1.7b,"To determine how many nodes are in the graph, we simply count the number of distinct node labels provided in the description.

The nodes are:

**0, 1, 2, 3, 4, 5, 6, 7, 8, 9, 10, 11, 12, 13, 14, 15, 16**

This is a total of **17 nodes**.

### ✅ Final Answer:
**17**",108,False
node_count/5,node_count,degree,zero_shot, 17.,qwen3-1.7b,"We are given a graph with nodes labeled from 0 to 16, and we are told the **degrees** of each node. The question is: **How many nodes are in this graph?**

### Step 1: Understand the problem
We are given the **degrees** of all 17 nodes (from 0 to 16), and we are told that the graph is defined by these degrees. The question is simply asking: **How many nodes are in the graph?**

### Step 2: Count the number of nodes
The nodes are labeled from **0 to 16**, which is a total of:

$$
16 - 0 + 1 = 17 \text{ nodes}
$$

### ✅ Final Answer:
$$
\boxed{17}
$$",168,False
node_count/5,node_count,filler,zero_shot, 17.,qwen3-1.7b,"To determine how many nodes are in the graph, we can look at the list of nodes provided:

- Node 0  
- Node 1  
- Node 2  
- Node 3  
- Node 4  
- Node 5  
- Node 6  
- Node 7  
- Node 8  
- Node 9  
- Node 10  
- Node 11  
- Node 12  
- Node 13  
- Node 14  
- Node 15  
- Node 16  

This list includes **17 distinct nodes**.

---

### ✅ Final Answer:
**17 nodes** are in the graph.",140,False
node_count/5,node_count,none,zero_shot, 17.,qwen3-1.7b,"To determine how many nodes are in the graph, we simply count the number of distinct node labels given in the description.

The nodes are labeled as:

**0, 1, 2, 3, 4, 5, 6, 7, 8, 9, 10, 11, 12, 13, 14, 15, 16**

Let's count them:

- 0
- 1
- 2
- 3
- 4
- 5
- 6
- 7
- 8
- 9
- 10
- 11
- 12
- 13
- 14
- 15
- 16

There are **16 distinct nodes** in the graph.

### ✅ Final Answer:
**16**",191,False
node_count/5,node_count,rwse,zero_shot, 17.,qwen3-1.7b,"We are given a list of nodes (from 0 to 16) and their connections. The question is: **How many nodes are in this graph?**

### Step-by-step Analysis:

- The nodes are numbered from **0 to 16**.
- That means there are **17 nodes** in total.

### Final Answer:

$$
\boxed{17}
$$",81,False
node_count/6,node_count,all,zero_shot, 19.,qwen3-1.7b,"To determine how many nodes are in the graph, we can simply count the number of nodes listed in the problem description.

The nodes are:

- Node 0  
- Node 1  
- Node 2  
- Node 3  
- Node 4  
- Node 5  
- Node 6  
- Node 7  
- Node 8  
- Node 9  
- Node 10  
- Node 11  
- Node 12  
- Node 13  
- Node 14  
- Node 15  
- Node 16  
- Node 17  
- Node 18  

This is a total of **19 nodes**.

---

### ✅ Final Answer:
**19 nodes**",156,False
node_count/6,node_count,clustering,zero_shot, 19.,qwen3-1.7b,"To determine how many nodes are in the graph, we simply count the number of distinct nodes listed in the problem.

The nodes are:

- Node 0  
- Node 1  
- Node 2  
- Node 3  
- Node 4  
- Node 5  
- Node 6  
- Node 7  
- Node 8  
- Node 9  
- Node 10  
- Node 11  
- Node 12  
- Node 13  
- Node 14  
- Node 15  
- Node 16  
- Node 17  

That's **18 distinct nodes**.

### ✅ Final Answer: **18**",145,False
node_count/6,node_count,components,zero_shot, 19.,qwen3-1.7b,"We are asked to determine how many **nodes** are in the graph described.

### Step-by-step Analysis:

The graph is described among **nodes 0 through 18**, which is a total of:

$$
18 - 0 + 1 = 19 \text{ nodes}
$$

Each node is listed in the description, and there is no mention of any missing or extra nodes.

---

### Final Answer:

$$
\boxed{19}
$$",98,False
node_count/6,node_count,degree,zero_shot, 19.,qwen3-1.7b,"We are given a list of **node degrees** for a graph with nodes from 0 to 18. The question is: **How many nodes are in this graph?**

### Step-by-step Analysis:

We are told that the graph has **nodes numbered from 0 to 18**, inclusive. That is:

- Node 0
- Node 1
- Node 2
- ...
- Node 18

So, the total number of nodes is:

$$
18 - 0 + 1 = 19
$$

### Final Answer:

$$
\boxed{19}
$$",129,False
node_count/6,node_count,filler,zero_shot, 19.,qwen3-1.7b,"To determine how many nodes are in the graph, let's analyze the information provided:

- The graph is described as containing **nodes 0 through 18**.
- The question explicitly states:  
  > ""Node 0 is simply present within the graph G. Node 1 is simply present within the graph G. Node 2 is simply present within the graph G. ... Node 18 is simply present within the graph G.""

This confirms that the graph contains **nodes 0, 1, 2, 3, 4, 5, 6, 7, 8, 9, 10, 11, 12, 13, 14, 15, 16, 17, and 18**.

### Count of nodes:
- From 0 to 18 inclusive, that's $ 18 - 0 + 1 = 19 $ nodes.

### Final Answer:
**19 nodes** are in the graph.",215,False
node_count/6,node_count,none,zero_shot, 19.,qwen3-1.7b,"To determine how many nodes are in the graph, we need to count the number of distinct nodes listed in the description.

The nodes are:

**0, 1, 2, 3, 4, 5, 6, 7, 8, 9, 10, 11, 12, 13, 14, 15, 16, 17, 18**

Let's count them:

- 0  
- 1  
- 2  
- 3  
- 4  
- 5  
- 6  
- 7  
- 8  
- 9  
- 10  
- 11  
- 12  
- 13  
- 14  
- 15  
- 16  
- 17  
- 18  

There are **19** distinct nodes in the graph.

---

### ✅ Final Answer:
**19** nodes.",210,False
node_count/6,node_count,rwse,zero_shot, 19.,qwen3-1.7b,"We are given a list of nodes (0 through 18) and their return probabilities after 2 and 3 steps. The question is:

> **How many nodes are in this graph?**

### Step 1: Count the number of nodes

The nodes are numbered from **0 to 18**, inclusive.

$$
\text{Number of nodes} = 18 - 0 + 1 = 19
$$

### ✅ Final Answer:

$$
\boxed{19}
$$",108,False
node_count/7,node_count,all,zero_shot, 8.,qwen3-1.7b,"We are given a graph with nodes 0 through 7, and we are told the **degree**, **clustering coefficient**, and **return probability** for each node. The question is: **How many nodes are in this graph?**

### Step 1: Count the number of nodes
The nodes are labeled as 0, 1, 2, 3, 4, 5, 6, 7 — that's **8 nodes**.

### Step 2: Verify the information
We are told that the graph includes **nodes 0 through 7**, and the information about degrees, clustering coefficients, and return probabilities is given for each node. This confirms that the graph has **8 nodes**.

---

### ✅ Final Answer:
**8 nodes**.",162,False
node_count/7,node_count,clustering,zero_shot, 8.,qwen3-1.7b,"We are given a graph with **nodes 0 through 7**, and we are told that:

- **Node 0** is connected to **nodes 1, 2, 3, 4, 5, 6, 7**.
- **Node 1** is connected to **nodes 0, 2, 3, 4, 5, 6, 7**.
- **Node 2** is connected to **nodes 0, 1, 3, 4, 5, 6, 7**.
- **Node 3** is connected to **nodes 0, 1, 2, 5, 6, 7**.
- **Node 4** is connected to **nodes 0, 1, 2, 5, 6, 7**.
- **Node 5** is connected to **nodes 0, 1, 2, 3, 4**.
- **Node 6** is connected to **nodes 0, 1, 2, 3, 4, 7**.
- **Node 7** is connected to **nodes 0, 1, 2, 3, 4, 6**.

### Step-by-step analysis:

Each node is connected to **all other nodes except for node 5** (since node 5 is only connected to 0, 1, 2, 3, 4 — not to 6 or 7). So node 5 is **not connected to 6 or 7**.

Now, let's count the number of nodes:

- Node 0 is connected to 1, 2, 3, 4, 5, 6, 7 → 7 nodes.
- Node 1 is connected to 0, 2, 3, 4, 5, 6, 7 → 7 nodes.
- Node 2 is connected to 0, 1, 3, 4, 5, 6, 7 → 7 nodes.
- Node 3 is connected to 0, 1, 2, 5, 6, 7 → 6 nodes.
- Node 4 is connected to 0, 1, 2, 5, 6, 7 → 6 nodes.
- Node 5 is connected to 0, 1, 2, 3, 4 → 5 nodes.
- Node 6 is connected to 0, 1, 2, 3, 4, 7 → 6 nodes.
- Node 7 is connected to 0, 1, 2, 3, 4, 6 → 6 nodes.

Now, let's count the unique nodes:

- Node 0
- Node 1
- Node 2
- Node 3
- Node 4
- Node 5
- Node 6
- Node 7

That's **8 unique nodes**.

### ✅ Final Answer:
**8 nodes**.",652,False
node_count/7,node_count,components,zero_shot, 8.,qwen3-1.7b,"We are asked to determine how many **nodes** are in the graph described.

### Given:
- The graph has **1 connected component**.
- The nodes are labeled from **0 to 7**.
- Each node is connected to **some subset** of the other nodes.

### Key Observation:
The question is not about the number of edges, but the **number of nodes** in the graph.

### Conclusion:
The graph has **8 nodes** (nodes 0 through 7).

---

### Final Answer:
**8**",109,False
node_count/7,node_count,degree,zero_shot, 8.,qwen3-1.7b,"We are given a graph with nodes labeled 0 through 7, and we are told the **degrees** of each node:

- Node 0: degree 7  
- Node 1: degree 7  
- Node 2: degree 7  
- Node 3: degree 6  
- Node 4: degree 6  
- Node 5: degree 5  
- Node 6: degree 6  
- Node 7: degree 6  

We are also given the **connections** (edges) between the nodes:

- Node 0 is connected to **nodes 1, 2, 3, 4, 5, 6, 7** → 7 edges  
- Node 1 is connected to **nodes 0, 2, 3, 4, 5, 6, 7** → 7 edges  
- Node 2 is connected to **nodes 0, 1, 3, 4, 5, 6, 7** → 7 edges  
- Node 3 is connected to **nodes 0, 1, 2, 5, 6, 7** → 6 edges  
- Node 4 is connected to **nodes 0, 1, 2, 5, 6, 7** → 6 edges  
- Node 5 is connected to **nodes 0, 1, 2, 3, 4** → 5 edges  
- Node 6 is connected to **nodes 0, 1, 2, 3, 4, 7** → 6 edges  
- Node 7 is connected to **nodes 0, 1, 2, 3, 4, 6** → 6 edges  

---

### Step 1: Check if the degrees match the number of edges

Each node's degree is the number of edges connected to it. We can verify this by counting the number of edges in the graph.

Each edge is counted twice (once for each node it connects). So, the total number of edges is:

$$
\frac{1}{2} \sum \text{degrees} = \frac{1}{2}(7 + 7 + 7 + 6 + 6 + 5 + 6 + 6) = \frac{1}{2}(47) = 23.5
$$

This is **not an integer**, which is impossible for a graph. So, there must be a mistake in the connections or the degrees.

---

### Step 2: Re-examine the connections

Let’s count the number of edges **directly** from the connections:

- Node 0: 7 edges  
- Node 1: 7 edges  
- Node 2: 7 edges  
- Node 3: 6 edges  
- Node 4: 6 edges  
- Node 5: 5 edges  
- Node 6: 6 edges  
- Node 7: 6 edges  

Total edges = $7 + 7 + 7 + 6 + 6 + 5 + 6 + 6 = 47$

Since each edge is counted twice, the actual number of edges is:

$$
\frac{47}{2} = 23.5
$$

This is **not an integer**, which is a contradiction.

---

### Step 3: Try to find a consistent graph

Let’s try to **reconstruct the graph** and count the edges carefully.

We are told:

- Node 0 is connected to **1, 2, 3, 4, 5, 6, 7** → 7 edges  
- Node 1 is connected to **0, 2, 3, 4, 5, 6, 7** → 7 edges  
- Node 2 is connected to **0, 1, 3, 4, 5, 6, 7** → 7 edges  
- Node 3 is connected to **0, 1, 2, 5, 6, 7** → 6 edges  
- Node 4 is connected to **0, 1, 2, 5, 6, 7** → 6 edges  
- Node 5 is connected to **0, 1, 2, 3, 4** → 5 edges  
- Node 6 is connected to **0, 1, 2, 3, 4, 7** → 6 edges  
- Node 7 is connected to **0, 1, 2, 3, 4, 6** → 6 edges  

Now, let’s count the number of **unique edges**:

- (0,1), (0,2), (0,3), (0,4), (0,5), (0,6), (0,7) → 7 edges  
- (1,2), (1,3), (1,4), (1,5), (1,6), (1,7) → 6 edges  
- (2,3), (2,4), (2,5), (2,6), (2,7) → 5 edges  
- (3,5), (3,6), (3,7) → 3 edges  
- (4,5), (4,6), (4,7) → 3 edges  
- (5,6), (5,7) → 2 edges  
- (6,7) → 1 edge  

Now, let’s count all unique edges:

- (0,1), (0,2), (0,3), (0,4), (0,5), (0,6), (0,7) → 7  
- (1,2), (1,3), (1,4), (1,5), (1,6), (1,7) → 6  
- (2,3), (2,4), (2,5), (2,6), (2,7) → 5  
- (3,5), (3,6), (3,7) → 3  
- (4,5), (4,6), (4,7) → 3  
- (5,6), (5,7) → 2  
- (6,7) → 1  

Total edges = $7 + 6 + 5 + 3 + 3 + 2 + 1 = 27$

So, the number of **edges** is **27**, and the number of **nodes** is **8**.

---

### ✅ Final Answer:

$$
\boxed{8}
$$",1427,False
node_count/7,node_count,filler,zero_shot, 8.,qwen3-1.7b,"We are given a graph with the following nodes:

- Node 0
- Node 1
- Node 2
- Node 3
- Node 4
- Node 5
- Node 6
- Node 7

Each of these nodes is explicitly stated to be present in the graph.

---

### ✅ Answer:
There are **8 nodes** in the graph.

---

### 📌 Final Answer:
**8**",92,False
node_count/7,node_count,none,zero_shot, 8.,qwen3-1.7b,"We are given a graph with **8 nodes** labeled 0 through 7.

Let's verify the information:

- **Node 0** is connected to **nodes 1, 2, 3, 4, 5, 6, 7** → 7 connections
- **Node 1** is connected to **nodes 0, 2, 3, 4, 5, 6, 7** → 7 connections
- **Node 2** is connected to **nodes 0, 1, 3, 4, 5, 6, 7** → 7 connections
- **Node 3** is connected to **nodes 0, 1, 2, 5, 6, 7** → 6 connections
- **Node 4** is connected to **nodes 0, 1, 2, 5, 6, 7** → 6 connections
- **Node 5** is connected to **nodes 0, 1, 2, 3, 4** → 5 connections
- **Node 6** is connected to **nodes 0, 1, 2, 3, 4, 7** → 6 connections
- **Node 7** is connected to **nodes 0, 1, 2, 3, 4, 6** → 6 connections

All nodes have **at least 5 connections**, and the graph is defined with **8 nodes**.

---

### ✅ Final Answer:
**The number of nodes in this graph is:**

$$
\boxed{8}
$$",349,False
node_count/7,node_count,rwse,zero_shot, 8.,qwen3-1.7b,"We are given a graph with nodes labeled from 0 to 7, and we are told:

- **Node 0 is connected to nodes 1, 2, 3, 4, 5, 6, 7.**
- **Node 1 is connected to nodes 0, 2, 3, 4, 5, 6, 7.**
- **Node 2 is connected to nodes 0, 1, 3, 4, 5, 6, 7.**
- **Node 3 is connected to nodes 0, 1, 2, 5, 6, 7.**
- **Node 4 is connected to nodes 0, 1, 2, 5, 6, 7.**
- **Node 5 is connected to nodes 0, 1, 2, 3, 4.**
- **Node 6 is connected to nodes 0, 1, 2, 3, 4, 7.**
- **Node 7 is connected to nodes 0, 1, 2, 3, 4, 6.**

We are asked: **How many nodes are in this graph?**

---

### Step-by-step Analysis:

Each node is labeled from **0 to 7**, and the list of connected nodes for each node includes all other nodes except **one** (as shown in the list of connections). For example:

- Node 0 is connected to **all** nodes except **none** (it's connected to 1, 2, 3, 4, 5, 6, 7).
- Node 1 is connected to **all** nodes except **none**.
- Node 2 is connected to **all** nodes except **none**.
- Node 3 is connected to **all** nodes except **none**.
- Node 4 is connected to **all** nodes except **none**.
- Node 5 is connected to **nodes 0, 1, 2, 3, 4** — so it is **not connected to node 5**.
- Node 6 is connected to **nodes 0, 1, 2, 3, 4, 7** — so it is **not connected to node 6**.
- Node 7 is connected to **nodes 0, 1, 2, 3, 4, 6** — so it is **not connected to node 7**.

So, the only node that is **not** connected to **all** other nodes is **node 5**, **node 6**, and **node 7**.

But the question is: **How many nodes are in this graph?**

---

### Final Answer:

The graph has **8 nodes** (0 through 7).

---

**Answer: 8**",609,False
node_count/8,node_count,all,zero_shot, 18.,qwen3-1.7b,"To determine how many nodes are in the graph, we can simply count the number of nodes listed in the problem description.

The nodes are:

- Node 0  
- Node 1  
- Node 2  
- Node 3  
- Node 4  
- Node 5  
- Node 6  
- Node 7  
- Node 8  
- Node 9  
- Node 10  
- Node 11  
- Node 12  
- Node 13  
- Node 14  
- Node 15  
- Node 16  
- Node 17  

That's a total of **18 nodes**.

---

### ✅ Final Answer:
**18 nodes**.",151,False
node_count/8,node_count,clustering,zero_shot, 18.,qwen3-1.7b,"To determine how many nodes are in the graph, we can simply count the number of distinct nodes listed in the problem.

The nodes are:

**0, 1, 2, 3, 4, 5, 6, 7, 8, 9, 10, 11, 12, 13, 14, 15, 16, 17**

Let's count them:

- 0  
- 1  
- 2  
- 3  
- 4  
- 5  
- 6  
- 7  
- 8  
- 9  
- 10  
- 11  
- 12  
- 13  
- 14  
- 15  
- 16  
- 17  

There are **18 distinct nodes** in the graph.

### ✅ Final Answer: **18**",198,False
node_count/8,node_count,components,zero_shot, 18.,qwen3-1.7b,"We are asked to determine the **number of nodes** in the graph described.

### Step-by-step Analysis:

The graph is defined among **nodes 0 through 17**, which is a total of:

$$
17 - 0 + 1 = 18 \text{ nodes}
$$

This is the total number of nodes in the graph, as the nodes are explicitly listed from 0 to 17.

---

### Final Answer:

$$
\boxed{18}
$$",103,False
node_count/8,node_count,degree,zero_shot, 18.,qwen3-1.7b,"We are given a list of **node degrees** and a **description of the graph**. The question is: **How many nodes are in this graph?**

---

### Step 1: Count the number of nodes

We are told the graph is among nodes:

> **0, 1, 2, 3, 4, 5, 6, 7, 8, 9, 10, 11, 12, 13, 14, 15, 16, 17**

That's **19 nodes**.

---

### Step 2: Verify the degrees match

We are also given the **degrees** of each node:

- Node 0: 5  
- Node 1: 7  
- Node 2: 3  
- Node 3: 5  
- Node 4: 5  
- Node 5: 3  
- Node 6: 2  
- Node 7: 2  
- Node 8: 6  
- Node 9: 0  
- Node 10: 3  
- Node 11: 6  
- Node 12: 3  
- Node 13: 1  
- Node 14: 5  
- Node 15: 3  
- Node 16: 3  
- Node 17: 2  

Let’s check the **sum of degrees**:

$$
5 + 7 + 3 + 5 + 5 + 3 + 2 + 2 + 6 + 0 + 3 + 6 + 3 + 1 + 5 + 3 + 3 + 2 = 60
$$

In a graph, the **sum of degrees is always even**, and it equals $2 \times$ the number of edges.

So, the total number of edges is $60 / 2 = 30$.

---

### Step 3: Final Answer

The graph has **19 nodes**.

---

### ✅ Final Answer:
**19**",447,False
node_count/8,node_count,filler,zero_shot, 18.,qwen3-1.7b,"To determine how many nodes are in the graph, let's analyze the information provided:

- The graph is described as containing **nodes 0 through 17**.
- The question explicitly states:  
  > ""Node 0 is simply present within the graph G. Node 1 is simply present within the graph G. Node 2 is simply present within the graph G. Node 3 is simply present within the graph G. Node 4 is simply present within the graph G. Node 5 is simply present within the graph G. Node 6 is simply present within the graph G. Node 7 is simply present within the graph G. Node 8 is simply present within the graph G. Node 9 is simply present within the graph G. Node 10 is simply present within the graph G. Node 11 is simply present within the graph G. Node 12 is simply present within the graph G. Node 13 is simply present within the graph G. Node 14 is simply present within the graph G. Node 15 is simply present within the graph G. Node 16 is simply present within the graph G. Node 17 is simply present within the graph G.""

This list includes all the nodes from **0 to 17**, which is a total of:

$$
17 - 0 + 1 = 18 \text{ nodes}
$$

---

### ✅ Final Answer:
**18 nodes** are in the graph.",309,False
node_count/8,node_count,none,zero_shot, 18.,qwen3-1.7b,"We are given a graph with nodes labeled from **0 to 17**, which is a total of:

$$
17 - 0 + 1 = 18 \text{ nodes}
$$

---

### ✅ Final Answer:
$$
\boxed{18}
$$",60,False
node_count/8,node_count,rwse,zero_shot, 18.,qwen3-1.7b,"We are given a list of nodes (0 through 17) and their return probabilities after 2 and 3 steps. The question is:

> **How many nodes are in this graph?**

### Step 1: Count the number of nodes

The nodes listed are:

- 0
- 1
- 2
- 3
- 4
- 5
- 6
- 7
- 8
- 9
- 10
- 11
- 12
- 13
- 14
- 15
- 16
- 17

That's **18 nodes**.

---

### ✅ Final Answer:

**18 nodes** are in this graph.",163,False
node_count/9,node_count,all,zero_shot, 5.,qwen3-1.7b,"We are given the **degrees**, **clustering coefficients**, and **return probabilities** for each node in a graph with **nodes 0, 1, 2, 3, and 4**.

Let’s verify the information and count the number of **nodes** in the graph.

---

### Step 1: List the nodes

The nodes are:

- Node 0
- Node 1
- Node 2
- Node 3
- Node 4

So, there are **5 nodes** in total.

---

### Step 2: Verify the connections

From the problem:

- **Node 0** is connected to **nodes 1, 2, 3** → degree = 3
- **Node 1** is connected to **nodes 0, 2, 3, 4** → degree = 4
- **Node 2** is connected to **nodes 0, 1** → degree = 2
- **Node 3** is connected to **nodes 0, 1, 4** → degree = 3
- **Node 4** is connected to **nodes 1, 3** → degree = 2

This matches the given degrees.

---

### Step 3: Confirm the graph structure

We can draw the graph as follows:

- Node 0 is connected to 1, 2, 3
- Node 1 is connected to 0, 2, 3, 4
- Node 2 is connected to 0, 1
- Node 3 is connected to 0, 1, 4
- Node 4 is connected to 1, 3

This is a valid graph with **5 nodes**.

---

### ✅ Final Answer:

$$
\boxed{5}
$$",380,False
node_count/9,node_count,clustering,zero_shot, 5.,qwen3-1.7b,"We are given a graph with **nodes 0, 1, 2, 3, and 4**, and we are told the **clustering coefficients** for each node:

- Node 0: 0.67  
- Node 1: 0.50  
- Node 2: 1.00  
- Node 3: 0.67  
- Node 4: 1.00  

We are also given the **connections** (edges) between the nodes:

- **Node 0** is connected to **1, 2, 3**  
- **Node 1** is connected to **0, 2, 3, 4**  
- **Node 2** is connected to **0, 1**  
- **Node 3** is connected to **0, 1, 4**  
- **Node 4** is connected to **1, 3**

Let’s verify the number of nodes in the graph.

---

### Step-by-step verification:

- **Node 0** is connected to **1, 2, 3** → 3 connections  
- **Node 1** is connected to **0, 2, 3, 4** → 4 connections  
- **Node 2** is connected to **0, 1** → 2 connections  
- **Node 3** is connected to **0, 1, 4** → 3 connections  
- **Node 4** is connected to **1, 3** → 2 connections  

So the graph has **5 nodes** (0, 1, 2, 3, 4).

---

### ✅ Final Answer:

**A: 5**",366,False
node_count/9,node_count,components,zero_shot, 5.,qwen3-1.7b,"We are asked to determine how many **nodes** are in the graph described.

### Given:
- The graph has **1 connected component**.
- The nodes are labeled **0, 1, 2, 3, 4**.
- The connections (edges) are as follows:

  - **Node 0** is connected to **1, 2, 3**
  - **Node 1** is connected to **0, 2, 3, 4**
  - **Node 2** is connected to **0, 1**
  - **Node 3** is connected to **0, 1, 4**
  - **Node 4** is connected to **1, 3**

### Step-by-step analysis:
- The nodes are **0, 1, 2, 3, 4** — that's **5 nodes**.
- The graph is described as having **1 connected component**, which means all nodes are connected to each other through some path.
- The question is simply asking: **How many nodes are in this graph?**

### Final Answer:
**5** nodes.",237,False
node_count/9,node_count,degree,zero_shot, 5.,qwen3-1.7b,"We are given the degrees of the nodes in a graph with nodes 0 through 4:

- Node 0: degree 3  
- Node 1: degree 4  
- Node 2: degree 2  
- Node 3: degree 3  
- Node 4: degree 2  

We are also given the **connections** (edges) between the nodes:

- Node 0 is connected to nodes 1, 2, 3  
- Node 1 is connected to nodes 0, 2, 3, 4  
- Node 2 is connected to nodes 0, 1  
- Node 3 is connected to nodes 0, 1, 4  
- Node 4 is connected to nodes 1, 3  

Now, the question is: **How many nodes are in this graph?**

### Step-by-step verification:

We are told the nodes are 0, 1, 2, 3, and 4 — that is, **5 nodes** in total.

We can verify this by checking the degrees of the nodes:

- Node 0: degree 3 → connected to 1, 2, 3 ✅  
- Node 1: degree 4 → connected to 0, 2, 3, 4 ✅  
- Node 2: degree 2 → connected to 0, 1 ✅  
- Node 3: degree 3 → connected to 0, 1, 4 ✅  
- Node 4: degree 2 → connected to 1, 3 ✅  

All degrees match the given information.

---

### ✅ Final Answer:

**5 nodes** are in the graph.",358,False
node_count/9,node_count,filler,zero_shot, 5.,qwen3-1.7b,"We are given a graph $ G $ with the following nodes:

- Node 0
- Node 1
- Node 2
- Node 3
- Node 4

Each of these nodes is explicitly stated to be present in the graph.

---

### ✅ Answer:
The graph has **5 nodes**.

---

### 📌 Final Answer:
**5**",78,False
node_count/9,node_count,none,zero_shot, 5.,qwen3-1.7b,"We are given a graph with nodes labeled 0, 1, 2, 3, and 4.

Let's count the number of **nodes** in the graph.

### Nodes:
- Node 0
- Node 1
- Node 2
- Node 3
- Node 4

### Total number of nodes = 5

---

### ✅ Final Answer:
**5** nodes are in the graph.",91,False
node_count/9,node_count,rwse,zero_shot, 5.,qwen3-1.7b,"We are given a graph with nodes 0, 1, 2, 3, and 4. The question is simply asking how many **nodes** are in the graph.

### Given:
- Nodes: 0, 1, 2, 3, 4  
- Total number of nodes = **5**

---

### Final Answer:
$$
\boxed{5}
$$",82,False
node_count/10,node_count,all,zero_shot, 9.,qwen3-1.7b,"We are given a graph with **nodes 0 through 8**, and we are told that each node has:

- **Degree 8** (connected to all other 8 nodes)
- **Clustering coefficient 1.00** (meaning every node is part of a fully connected subgraph, i.e., it is a **complete graph**)
- **Return probability 0.12 after 2 steps** and **0.11 after 3 steps**

This is a **complete graph** (also called a **clique**) of 9 nodes, because:

- Each node is connected to all other 8 nodes.
- The **clustering coefficient** is 1.00 for all nodes, which is only possible in a **complete graph**.
- The **return probability** (i.e., the probability that a random walk returns to the starting node in a certain number of steps) is given, and it's consistent with a complete graph.

### Conclusion:
The graph has **9 nodes** (nodes 0 through 8).

### Final Answer:
**9**",226,False
node_count/10,node_count,clustering,zero_shot, 9.,qwen3-1.7b,"We are given a graph with nodes labeled 0 through 8, and we are told that **each node has a clustering coefficient of 1.00**. This means that **every node is fully connected to its neighbors**, i.e., **every node is part of a complete subgraph** (a clique) with all its neighbors.

Let’s analyze the structure of the graph:

- **Node 0** is connected to **nodes 1, 2, 3, 4, 5, 6, 7, 8** → 8 neighbors.
- **Node 1** is connected to **nodes 0, 2, 3, 4, 5, 6, 7, 8** → 8 neighbors.
- **Node 2** is connected to **nodes 0, 1, 3, 4, 5, 6, 7, 8** → 8 neighbors.
- **Node 3** is connected to **nodes 0, 1, 2, 4, 5, 6, 7, 8** → 8 neighbors.
- **Node 4** is connected to **nodes 0, 1, 2, 3, 5, 6, 7, 8** → 8 neighbors.
- **Node 5** is connected to **nodes 0, 1, 2, 3, 4, 6, 7, 8** → 8 neighbors.
- **Node 6** is connected to **nodes 0, 1, 2, 3, 4, 5, 7, 8** → 8 neighbors.
- **Node 7** is connected to **nodes 0, 1, 2, 3, 4, 5, 6, 8** → 8 neighbors.
- **Node 8** is connected to **nodes 0, 1, 2, 3, 4, 5, 6, 7** → 8 neighbors.

### Key observation:
Each node is connected to **8 other nodes**, and the graph has **9 nodes** (0 through 8). Since each node is connected to 8 others, and the graph is fully connected (i.e., every node is connected to every other node), this is a **complete graph** with **9 nodes**.

### Final Answer:
**9 nodes**.",519,False
node_count/10,node_count,components,zero_shot, 9.,qwen3-1.7b,"We are given a graph with **9 nodes** (0 through 8), and the problem is to determine how many **nodes** are in the graph.

### Step-by-step analysis:

- The nodes are labeled **0, 1, 2, 3, 4, 5, 6, 7, 8**.
- The question asks: **How many nodes are in this graph?**

### Answer:
The graph has **9 nodes**.

---

### Final Answer:
**9**",106,False
node_count/10,node_count,degree,zero_shot, 9.,qwen3-1.7b,"We are given a graph with nodes labeled 0 through 8, and each node has degree 8.

### Step 1: Understand the degree of each node
- Each node has degree 8.
- In a graph with $ n $ nodes, the sum of all degrees is $ 2 \times $ the number of edges.

### Step 2: Use the degree sum formula
Let the number of nodes be $ n $.

Each node has degree 8, so the total degree is:
$$
\text{Total degree} = 8n
$$

But the total degree is also $ 2 \times $ the number of edges.

So:
$$
2 \times \text{number of edges} = 8n
$$
$$
\text{Number of edges} = 4n
$$

### Step 3: Use the fact that the graph has 9 nodes
The nodes are labeled 0 through 8 — that's 9 nodes.

So $ n = 9 $.

### Step 4: Verify the degree
Each node has degree 8, and there are 9 nodes.

Total degree = $ 8 \times 9 = 72 $

Number of edges = $ \frac{72}{2} = 36 $

So the graph has 9 nodes and 36 edges.

### ✅ Final Answer:
$$
\boxed{9}
$$",296,False
node_count/10,node_count,filler,zero_shot, 9.,qwen3-1.7b,"We are given a graph $ G $ with nodes labeled from 0 to 8, inclusive.

Let's count the number of nodes:

- Node 0
- Node 1
- Node 2
- Node 3
- Node 4
- Node 5
- Node 6
- Node 7
- Node 8

There are **9 nodes** in total.

### ✅ Final Answer:
**9**",92,False
node_count/10,node_count,none,zero_shot, 9.,qwen3-1.7b,"We are given a graph with **nodes 0 through 8**, and we are told that each node is connected to **all other nodes except one**. Let's verify this.

---

### Step-by-step analysis:

- **Node 0** is connected to **nodes 1, 2, 3, 4, 5, 6, 7, 8** → 8 nodes.
- **Node 1** is connected to **nodes 0, 2, 3, 4, 5, 6, 7, 8** → 8 nodes.
- **Node 2** is connected to **nodes 0, 1, 3, 4, 5, 6, 7, 8** → 8 nodes.
- **Node 3** is connected to **nodes 0, 1, 2, 4, 5, 6, 7, 8** → 8 nodes.
- **Node 4** is connected to **nodes 0, 1, 2, 3, 5, 6, 7, 8** → 8 nodes.
- **Node 5** is connected to **nodes 0, 1, 2, 3, 4, 6, 7, 8** → 8 nodes.
- **Node 6** is connected to **nodes 0, 1, 2, 3, 4, 5, 7, 8** → 8 nodes.
- **Node 7** is connected to **nodes 0, 1, 2, 3, 4, 5, 6, 8** → 8 nodes.
- **Node 8** is connected to **nodes 0, 1, 2, 3, 4, 5, 6, 7** → 8 nodes.

---

### Conclusion:

Each node is connected to **8 out of 8** nodes, meaning **each node is connected to all other nodes** except **one**. That is, the graph is **complete** (every pair of nodes is connected).

---

### Number of nodes in the graph:

There are **9 nodes** (from 0 to 8).

---

### Final Answer:

**9**",487,False
node_count/10,node_count,rwse,zero_shot, 9.,qwen3-1.7b,"We are given a graph with nodes labeled from 0 to 8, and we are told that each node is **connected to all other nodes** (i.e., it has **no isolated nodes** and is **fully connected** to the rest).

Let’s verify this:

- Node 0 is connected to nodes 1, 2, 3, 4, 5, 6, 7, 8 → 8 nodes.
- Node 1 is connected to nodes 0, 2, 3, 4, 5, 6, 7, 8 → 8 nodes.
- Node 2 is connected to nodes 0, 1, 3, 4, 5, 6, 7, 8 → 8 nodes.
- Node 3 is connected to nodes 0, 1, 2, 4, 5, 6, 7, 8 → 8 nodes.
- Node 4 is connected to nodes 0, 1, 2, 3, 5, 6, 7, 8 → 8 nodes.
- Node 5 is connected to nodes 0, 1, 2, 3, 4, 6, 7, 8 → 8 nodes.
- Node 6 is connected to nodes 0, 1, 2, 3, 4, 5, 7, 8 → 8 nodes.
- Node 7 is connected to nodes 0, 1, 2, 3, 4, 5, 6, 8 → 8 nodes.
- Node 8 is connected to nodes 0, 1, 2, 3, 4, 5, 6, 7 → 8 nodes.

All nodes are connected to **8 other nodes**, and there are **9 nodes** in total (0 through 8).

---

### ✅ Final Answer:
**9 nodes** in the graph.",421,False
node_count/11,node_count,all,zero_shot, 6.,qwen3-1.7b,"We are given a graph with **nodes 0 through 5**, and we are asked to determine how many **nodes** are in the graph.

### Step-by-step analysis:

Let’s list the nodes and their connections as given:

- **Node 0** is connected to **1, 2, 4**.
- **Node 1** is connected to **0, 3, 4**.
- **Node 2** is connected to **0, 4, 5**.
- **Node 3** is connected to **1, 5**.
- **Node 4** is connected to **0, 1, 2**.
- **Node 5** is connected to **2, 3**.

Now, let's count the number of nodes:

- Node 0
- Node 1
- Node 2
- Node 3
- Node 4
- Node 5

That's **6 nodes** in total.

---

### ✅ Final Answer:

**6 nodes** are in the graph.",221,False
node_count/11,node_count,clustering,zero_shot, 6.,qwen3-1.7b,"We are given a graph with nodes 0 through 5, and we are told the **clustering coefficients** for each node. However, the question is not about the clustering coefficients, but rather:

> **How many nodes are in this graph?**

Let’s analyze the graph based on the **connections** (edges) provided.

---

### Step 1: List the connections (edges)

From the problem:

- **Node 0** is connected to **1, 2, 4** → edges: (0,1), (0,2), (0,4)
- **Node 1** is connected to **0, 3, 4** → edges: (1,0), (1,3), (1,4)
- **Node 2** is connected to **0, 4, 5** → edges: (2,0), (2,4), (2,5)
- **Node 3** is connected to **1, 5** → edges: (3,1), (3,5)
- **Node 4** is connected to **0, 1, 2** → edges: (4,0), (4,1), (4,2)
- **Node 5** is connected to **2, 3** → edges: (5,2), (5,3)

---

### Step 2: Count the number of nodes

We are told the nodes are **0, 1, 2, 3, 4, 5** — that is, **6 nodes**.

---

### ✅ Final Answer:

**6 nodes** are in the graph.

---

**Answer: 6**",353,False
node_count/11,node_count,components,zero_shot, 6.,qwen3-1.7b,"We are asked to determine how many **nodes** are in the graph described.

### Given:
- The graph has **1 connected component**.
- The nodes are labeled **0, 1, 2, 3, 4, 5**.
- The connections (edges) are as follows:

  - **Node 0** is connected to **1, 2, 4**
  - **Node 1** is connected to **0, 3, 4**
  - **Node 2** is connected to **0, 4, 5**
  - **Node 3** is connected to **1, 5**
  - **Node 4** is connected to **0, 1, 2**
  - **Node 5** is connected to **2, 3**

### Step-by-step:
- The nodes are **0, 1, 2, 3, 4, 5** — that's **6 nodes**.
- The graph is described as having **1 connected component**, which means all nodes are connected through some path.
- The question is simply asking: **How many nodes are in this graph?**

### Final Answer:
**6 nodes**.",255,False
node_count/11,node_count,degree,zero_shot, 6.,qwen3-1.7b,"We are given a graph with nodes 0 through 5, and we are told the **degrees** of each node:

- Node 0: degree 3  
- Node 1: degree 3  
- Node 2: degree 3  
- Node 3: degree 2  
- Node 4: degree 3  
- Node 5: degree 2  

We are also given the **connections** (edges) between the nodes:

- Node 0 is connected to 1, 2, 4  
- Node 1 is connected to 0, 3, 4  
- Node 2 is connected to 0, 4, 5  
- Node 3 is connected to 1, 5  
- Node 4 is connected to 0, 1, 2  
- Node 5 is connected to 2, 3  

We are asked: **How many nodes are in this graph?**

---

### Step-by-step verification:

Let’s count the number of **distinct nodes** in the graph:

- Node 0  
- Node 1  
- Node 2  
- Node 3  
- Node 4  
- Node 5  

That’s **6 distinct nodes**.

---

### Final Answer:

**6 nodes** are in the graph.",272,False
node_count/11,node_count,filler,zero_shot, 6.,qwen3-1.7b,"We are given a graph with the following nodes:

- Node 0
- Node 1
- Node 2
- Node 3
- Node 4
- Node 5

These are all the nodes listed in the question, and no other nodes are mentioned.

### Answer:
**6 nodes** are in this graph.",70,False
node_count/11,node_count,none,zero_shot, 6.,qwen3-1.7b,"We are given a graph with nodes labeled 0 through 5, and we are asked to determine how many **nodes** are in the graph.

### Step-by-step analysis:

- The nodes are: **0, 1, 2, 3, 4, 5**
- These are all the nodes mentioned in the problem.

### Conclusion:

The graph has **6 nodes**.

---

**Answer: 6**",89,False
node_count/11,node_count,rwse,zero_shot, 6.,qwen3-1.7b,"We are given a graph with nodes 0 through 5, and we are told the **return probabilities** for each node after 2 and 3 steps.

Let’s analyze the question:

---

### **Question: How many nodes are in this graph?**

We are told the nodes are:

- Node 0
- Node 1
- Node 2
- Node 3
- Node 4
- Node 5

That’s **6 nodes**.

---

### **Answer:**

$$
\boxed{6}
$$",112,False
node_count/12,node_count,all,zero_shot, 12.,qwen3-1.7b,"To determine how many nodes are in the graph, we can simply count the number of nodes listed in the problem description.

The nodes are:

- Node 0  
- Node 1  
- Node 2  
- Node 3  
- Node 4  
- Node 5  
- Node 6  
- Node 7  
- Node 8  
- Node 9  
- Node 10  
- Node 11  

This is a total of **12 nodes**.

---

### ✅ Final Answer:
**12 nodes**.",115,False
node_count/12,node_count,clustering,zero_shot, 12.,qwen3-1.7b,"To determine how many nodes are in the graph, we can look at the list of nodes provided in the question:

**Nodes 0, 1, 2, 3, 4, 5, 6, 7, 8, 9, 10, and 11.**

This is a list of **12 distinct nodes**.

---

### ✅ Final Answer:
**12 nodes** are in the graph.",95,False
node_count/12,node_count,components,zero_shot, 12.,qwen3-1.7b,"We are asked to determine how many **nodes** are in the graph described.

### Step-by-step Analysis:

The graph is described among **nodes 0, 1, 2, 3, 4, 5, 6, 7, 8, 9, 10, and 11**.

This means the **total number of nodes** is the count of these numbers.

### Counting the Nodes:

- Node 0
- Node 1
- Node 2
- Node 3
- Node 4
- Node 5
- Node 6
- Node 7
- Node 8
- Node 9
- Node 10
- Node 11

There are **12 distinct nodes** listed.

### Final Answer:

$$
\boxed{12}
$$",177,False
node_count/12,node_count,degree,zero_shot, 12.,qwen3-1.7b,"We are given a graph with nodes labeled from 0 to 11, and we are told the **degrees** of each node:

- Node 0: degree 10  
- Node 1: degree 8  
- Node 2: degree 10  
- Node 3: degree 8  
- Node 4: degree 8  
- Node 5: degree 10  
- Node 6: degree 8  
- Node 7: degree 7  
- Node 8: degree 8  
- Node 9: degree 8  
- Node 10: degree 8  
- Node 11: degree 9  

We are also given the **connections** (edges) for each node, but we don't need to count edges — we just need to **count the number of nodes** in the graph.

---

### Step-by-step:

We are told the graph is among **nodes 0, 1, 2, 3, 4, 5, 6, 7, 8, 9, 10, and 11**.

So, the **number of nodes** in the graph is:

$$
\boxed{12}
$$

---

### Final Answer:

$$
\boxed{12}
$$",273,False
node_count/12,node_count,filler,zero_shot, 12.,qwen3-1.7b,"To determine how many nodes are in the graph, let's analyze the information provided:

- The graph is described as having **nodes 0 through 11**.
- The question explicitly states:  
  > ""Node 0 is simply present within the graph G. Node 1 is simply present within the graph G. Node 2 is simply present within the graph G. Node 3 is simply present within the graph G. Node 4 is simply present within the graph G. Node 5 is simply present within the graph G. Node 6 is simply present within the graph G. Node 7 is simply present within the graph G. Node 8 is simply present within the graph G. Node 9 is simply present within the graph G. Node 10 is simply present within the graph G. Node 11 is simply present within the graph G.""

This confirms that the graph contains **12 nodes** (from 0 to 11 inclusive).

---

### ✅ Final Answer:
**12 nodes** are in the graph.",217,False
node_count/12,node_count,none,zero_shot, 12.,qwen3-1.7b,"We are given a graph with nodes labeled from 0 to 11, and we are asked to determine how many **nodes** are in the graph.

### Step-by-step Analysis:

- The nodes are labeled as: **0, 1, 2, 3, 4, 5, 6, 7, 8, 9, 10, 11**
- These are all distinct labels, and the graph is defined among these 12 nodes.

### Conclusion:

The graph contains **12 nodes**.

---

**Answer: 12**",123,False
node_count/12,node_count,rwse,zero_shot, 12.,qwen3-1.7b,"We are given a graph with nodes labeled from 0 to 11, and we are asked to determine how many **nodes** are in the graph.

### Step-by-step Analysis:

- The nodes are labeled as: **0, 1, 2, 3, 4, 5, 6, 7, 8, 9, 10, 11**
- These are all distinct labels, and there are **12 unique labels**.

### Conclusion:

The graph contains **12 nodes**.

---

**Answer: 12**",121,False
node_count/13,node_count,all,zero_shot, 17.,qwen3-1.7b,"We are given a list of nodes (0 through 16) and their properties, and we are told that the graph is among these nodes.

Let’s count the number of nodes in the graph:

- Node 0
- Node 1
- Node 2
- Node 3
- Node 4
- Node 5
- Node 6
- Node 7
- Node 8
- Node 9
- Node 10
- Node 11
- Node 12
- Node 13
- Node 14
- Node 15
- Node 16

That's **17 nodes** in total.

---

### ✅ Final Answer:
**17 nodes**.",157,False
node_count/13,node_count,clustering,zero_shot, 17.,qwen3-1.7b,"To determine how many nodes are in the graph, we simply count the number of distinct nodes listed in the problem.

The nodes are:

- Node 0  
- Node 1  
- Node 2  
- Node 3  
- Node 4  
- Node 5  
- Node 6  
- Node 7  
- Node 8  
- Node 9  
- Node 10  
- Node 11  
- Node 12  
- Node 13  
- Node 14  
- Node 15  
- Node 16  

That's **17 nodes** in total.

### ✅ Final Answer: **17**",140,False
node_count/13,node_count,components,zero_shot, 17.,qwen3-1.7b,"We are asked to determine how many **nodes** are in the graph described.

Let's list all the nodes mentioned in the problem:

- Nodes: 0, 1, 2, 3, 4, 5, 6, 7, 8, 9, 10, 11, 12, 13, 14, 15, 16

That's a total of **17 nodes**.

---

### ✅ Final Answer:
**17 nodes**.",113,False
node_count/13,node_count,degree,zero_shot, 17.,qwen3-1.7b,"We are given a list of **node degrees** and a description of the **edges** in a graph. The question is: **How many nodes are in this graph?**

---

### Step 1: Count the number of nodes

We are told the graph includes nodes from **0 to 16**, as the nodes are numbered from 0 to 16.

So, the total number of nodes is:

$$
16 - 0 + 1 = 17
$$

---

### Step 2: Verify with the degree information

We are also given the **degrees** of the nodes:

- Node 0: 0  
- Node 1: 3  
- Node 2: 1  
- Node 3: 0  
- Node 4: 1  
- Node 5: 4  
- Node 6: 0  
- Node 7: 0  
- Node 8: 2  
- Node 9: 0  
- Node 10: 2  
- Node 11: 2  
- Node 12: 1  
- Node 13: 1  
- Node 14: 1  
- Node 15: 2  
- Node 16: 0  

Let’s count the number of non-zero degrees:

- Node 1: 3  
- Node 2: 1  
- Node 4: 1  
- Node 5: 4  
- Node 8: 2  
- Node 10: 2  
- Node 11: 2  
- Node 12: 1  
- Node 13: 1  
- Node 14: 1  
- Node 15: 2  

That's 11 non-zero degrees.

Now, the total number of **degree counts** is 17 (from 0 to 16), and we have 11 non-zero degrees, which is consistent.

---

### ✅ Final Answer:

$$
\boxed{17}
$$",436,False
node_count/13,node_count,filler,zero_shot, 17.,qwen3-1.7b,"To determine how many nodes are in the graph, let's analyze the information given:

- The graph is described as containing **nodes 0 through 16**.
- The question explicitly states:  
  > ""Node 0 is simply present within the graph G. Node 1 is simply present within the graph G. Node 2 is simply present within the graph G. Node 3 is simply present within the graph G. Node 4 is simply present within the graph G. Node 5 is simply present within the graph G. Node 6 is simply present within the graph G. Node 7 is simply present within the graph G. Node 8 is simply present within the graph G. Node 9 is simply present within the graph G. Node 10 is simply present within the graph G. Node 11 is simply present within the graph G. Node 12 is simply present within the graph G. Node 13 is simply present within the graph G. Node 14 is simply present within the graph G. Node 15 is simply present within the graph G. Node 16 is simply present within the graph G.""

This confirms that the graph contains **17 nodes** (from 0 to 16 inclusive).

---

### ✅ Final Answer:
**17 nodes** are in the graph.",277,False
node_count/13,node_count,degree,zero_shot, 17.,qwen3-1.7b,"We are given a list of **node degrees** and a description of the **edges** in a graph. The question is: **How many nodes are in this graph?**

---

### Step 1: Count the number of nodes

We are told the graph includes nodes from **0 to 16**, as the nodes are numbered from 0 to 16.

So, the total number of nodes is:

$$
16 - 0 + 1 = 17
$$

---

### Step 2: Verify with the degree information

We are also given the **degrees** of the nodes:

- Node 0: 0  
- Node 1: 3  
- Node 2: 1  
- Node 3: 0  
- Node 4: 1  
- Node 5: 4  
- Node 6: 0  
- Node 7: 0  
- Node 8: 2  
- Node 9: 0  
- Node 10: 2  
- Node 11: 2  
- Node 12: 1  
- Node 13: 1  
- Node 14: 1  
- Node 15: 2  
- Node 16: 0  

Let’s count the number of non-zero degrees:

- Node 1: 3  
- Node 2: 1  
- Node 4: 1  
- Node 5: 4  
- Node 8: 2  
- Node 10: 2  
- Node 11: 2  
- Node 12: 1  
- Node 13: 1  
- Node 14: 1  
- Node 15: 2  

That's 11 non-zero degrees.

Now, the total number of **degree counts** is 17 (from 0 to 16), and we have 11 non-zero degrees, which is consistent.

---

### ✅ Final Answer:

$$
\boxed{17}
$$",436,False
node_count/13,node_count,degree,zero_shot, 17.,qwen3-1.7b,"We are given a list of **node degrees** and a description of the **edges** in a graph. The question is: **How many nodes are in this graph?**

---

### Step 1: Count the number of nodes

We are told the graph includes nodes from **0 to 16**, as the nodes are numbered from 0 to 16.

So, the total number of nodes is:

$$
16 - 0 + 1 = 17
$$

---

### Step 2: Verify with the degree information

We are also given the **degrees** of the nodes:

- Node 0: 0  
- Node 1: 3  
- Node 2: 1  
- Node 3: 0  
- Node 4: 1  
- Node 5: 4  
- Node 6: 0  
- Node 7: 0  
- Node 8: 2  
- Node 9: 0  
- Node 10: 2  
- Node 11: 2  
- Node 12: 1  
- Node 13: 1  
- Node 14: 1  
- Node 15: 2  
- Node 16: 0  

Let’s count the number of non-zero degrees:

- Node 1: 3  
- Node 2: 1  
- Node 4: 1  
- Node 5: 4  
- Node 8: 2  
- Node 10: 2  
- Node 11: 2  
- Node 12: 1  
- Node 13: 1  
- Node 14: 1  
- Node 15: 2  

That's 11 non-zero degrees.

Now, the total number of **degree counts** is 17 (from 0 to 16), and we have 11 non-zero degrees, which is consistent.

---

### ✅ Final Answer:

$$
\boxed{17}
$$",436,False
node_count/13,node_count,none,zero_shot, 17.,qwen3-1.7b,"We are given a graph with nodes labeled from **0 to 16** (i.e., 17 nodes in total). The question is:

> **How many nodes are in this graph?**

### Step-by-step Analysis:

- The nodes are labeled as: **0, 1, 2, 3, 4, 5, 6, 7, 8, 9, 10, 11, 12, 13, 14, 15, 16**
- This is a list of 17 distinct nodes.

### Conclusion:

The graph contains **17 nodes**.

---

### Final Answer:

**A: 17**",150,False
node_count/13,node_count,filler,zero_shot, 17.,qwen3-1.7b,"To determine how many nodes are in the graph, let's analyze the information given:

- The graph is described as containing **nodes 0 through 16**.
- The question explicitly states:  
  > ""Node 0 is simply present within the graph G. Node 1 is simply present within the graph G. Node 2 is simply present within the graph G. Node 3 is simply present within the graph G. Node 4 is simply present within the graph G. Node 5 is simply present within the graph G. Node 6 is simply present within the graph G. Node 7 is simply present within the graph G. Node 8 is simply present within the graph G. Node 9 is simply present within the graph G. Node 10 is simply present within the graph G. Node 11 is simply present within the graph G. Node 12 is simply present within the graph G. Node 13 is simply present within the graph G. Node 14 is simply present within the graph G. Node 15 is simply present within the graph G. Node 16 is simply present within the graph G.""

This confirms that the graph contains **17 nodes** (from 0 to 16 inclusive).

---

### ✅ Final Answer:
**17 nodes** are in the graph.",277,False
node_count/13,node_count,filler,zero_shot, 17.,qwen3-1.7b,"To determine how many nodes are in the graph, let's analyze the information given:

- The graph is described as containing **nodes 0 through 16**.
- The question explicitly states:  
  > ""Node 0 is simply present within the graph G. Node 1 is simply present within the graph G. Node 2 is simply present within the graph G. Node 3 is simply present within the graph G. Node 4 is simply present within the graph G. Node 5 is simply present within the graph G. Node 6 is simply present within the graph G. Node 7 is simply present within the graph G. Node 8 is simply present within the graph G. Node 9 is simply present within the graph G. Node 10 is simply present within the graph G. Node 11 is simply present within the graph G. Node 12 is simply present within the graph G. Node 13 is simply present within the graph G. Node 14 is simply present within the graph G. Node 15 is simply present within the graph G. Node 16 is simply present within the graph G.""

This confirms that the graph contains **17 nodes** (from 0 to 16 inclusive).

---

### ✅ Final Answer:
**17 nodes** are in the graph.",277,False
node_count/13,node_count,rwse,zero_shot, 17.,qwen3-1.7b,"We are given a list of nodes (0 through 16) and their return probabilities after 2 and 3 steps. The question is:

> **How many nodes are in this graph?**

### Step 1: Count the number of nodes
The nodes are numbered from **0 to 16**, inclusive.

$$
\text{Number of nodes} = 16 - 0 + 1 = 17
$$

### ✅ Final Answer:
$$
\boxed{17}
$$",108,False
node_count/13,node_count,none,zero_shot, 17.,qwen3-1.7b,"We are given a graph with nodes labeled from **0 to 16** (i.e., 17 nodes in total). The question is:

> **How many nodes are in this graph?**

### Step-by-step Analysis:

- The nodes are labeled as: **0, 1, 2, 3, 4, 5, 6, 7, 8, 9, 10, 11, 12, 13, 14, 15, 16**
- This is a list of 17 distinct nodes.

### Conclusion:

The graph contains **17 nodes**.

---

### Final Answer:

**A: 17**",150,False
node_count/13,node_count,none,zero_shot, 17.,qwen3-1.7b,"We are given a graph with nodes labeled from **0 to 16** (i.e., 17 nodes in total). The question is:

> **How many nodes are in this graph?**

### Step-by-step Analysis:

- The nodes are labeled as: **0, 1, 2, 3, 4, 5, 6, 7, 8, 9, 10, 11, 12, 13, 14, 15, 16**
- This is a list of 17 distinct nodes.

### Conclusion:

The graph contains **17 nodes**.

---

### Final Answer:

**A: 17**",150,False
node_count/13,node_count,rwse,zero_shot, 17.,qwen3-1.7b,"We are given a list of nodes (0 through 16) and their return probabilities after 2 and 3 steps. The question is:

> **How many nodes are in this graph?**

### Step 1: Count the number of nodes
The nodes are numbered from **0 to 16**, inclusive.

$$
\text{Number of nodes} = 16 - 0 + 1 = 17
$$

### ✅ Final Answer:
$$
\boxed{17}
$$",108,False
node_count/13,node_count,rwse,zero_shot, 17.,qwen3-1.7b,"We are given a list of nodes (0 through 16) and their return probabilities after 2 and 3 steps. The question is:

> **How many nodes are in this graph?**

### Step 1: Count the number of nodes
The nodes are numbered from **0 to 16**, inclusive.

$$
\text{Number of nodes} = 16 - 0 + 1 = 17
$$

### ✅ Final Answer:
$$
\boxed{17}
$$",108,False
node_count/14,node_count,all,zero_shot, 9.,qwen3-1.7b,"We are given a graph with nodes 0 through 8, and we are told the following:

- **Node 0** has degree 1, clustering coefficient 0.00, return probability 1.00 after 2 steps and 0.00 after 3 steps.
- **Node 1** has degree 0, clustering coefficient 0.00, return probability 0.00 after 2 steps and 0.00 after 3 steps.
- **Node 2** has degree 1, clustering coefficient 0.00, return probability 1.00 after 2 steps and 0.00 after 3 steps.
- **Node 3** has degree 0, clustering coefficient 0.00, return probability 0.00 after 2 steps and 0.00 after 3 steps.
- **Node 4** has degree 1, clustering coefficient 0.00, return probability 0.50 after 2 steps and 0.00 after 3 steps.
- **Node 5** has degree 1, clustering coefficient 0.00, return probability 0.50 after 2 steps and 0.00 after 3 steps.
- **Node 6** has degree 0, clustering coefficient 0.00, return probability 0.00 after 2 steps and 0.00 after 3 steps.
- **Node 7** has degree 2, clustering coefficient 0.00, return probability 1.00 after 2 steps and 0.00 after 3 steps.
- **Node 8** has degree 0, clustering coefficient 0.00, return probability 0.00 after 2 steps and 0.00 after 3 steps.

---

### Step 1: Count the number of nodes

We are told the nodes are numbered from 0 to 8, inclusive.

So, the total number of nodes is:

$$
8 - 0 + 1 = 9
$$

---

### ✅ Final Answer:

$$
\boxed{9}
$$",457,False
node_count/14,node_count,all,zero_shot, 9.,qwen3-1.7b,"We are given a graph with nodes 0 through 8, and we are told the following:

- **Node 0** has degree 1, clustering coefficient 0.00, return probability 1.00 after 2 steps and 0.00 after 3 steps.
- **Node 1** has degree 0, clustering coefficient 0.00, return probability 0.00 after 2 steps and 0.00 after 3 steps.
- **Node 2** has degree 1, clustering coefficient 0.00, return probability 1.00 after 2 steps and 0.00 after 3 steps.
- **Node 3** has degree 0, clustering coefficient 0.00, return probability 0.00 after 2 steps and 0.00 after 3 steps.
- **Node 4** has degree 1, clustering coefficient 0.00, return probability 0.50 after 2 steps and 0.00 after 3 steps.
- **Node 5** has degree 1, clustering coefficient 0.00, return probability 0.50 after 2 steps and 0.00 after 3 steps.
- **Node 6** has degree 0, clustering coefficient 0.00, return probability 0.00 after 2 steps and 0.00 after 3 steps.
- **Node 7** has degree 2, clustering coefficient 0.00, return probability 1.00 after 2 steps and 0.00 after 3 steps.
- **Node 8** has degree 0, clustering coefficient 0.00, return probability 0.00 after 2 steps and 0.00 after 3 steps.

---

### Step 1: Count the number of nodes

We are told the nodes are numbered from 0 to 8, inclusive.

So, the total number of nodes is:

$$
8 - 0 + 1 = 9
$$

---

### ✅ Final Answer:

$$
\boxed{9}
$$",457,False
node_count/14,node_count,all,zero_shot, 9.,qwen3-1.7b,"We are given a graph with nodes 0 through 8, and we are told the following:

- **Node 0** has degree 1, clustering coefficient 0.00, return probability 1.00 after 2 steps and 0.00 after 3 steps.
- **Node 1** has degree 0, clustering coefficient 0.00, return probability 0.00 after 2 steps and 0.00 after 3 steps.
- **Node 2** has degree 1, clustering coefficient 0.00, return probability 1.00 after 2 steps and 0.00 after 3 steps.
- **Node 3** has degree 0, clustering coefficient 0.00, return probability 0.00 after 2 steps and 0.00 after 3 steps.
- **Node 4** has degree 1, clustering coefficient 0.00, return probability 0.50 after 2 steps and 0.00 after 3 steps.
- **Node 5** has degree 1, clustering coefficient 0.00, return probability 0.50 after 2 steps and 0.00 after 3 steps.
- **Node 6** has degree 0, clustering coefficient 0.00, return probability 0.00 after 2 steps and 0.00 after 3 steps.
- **Node 7** has degree 2, clustering coefficient 0.00, return probability 1.00 after 2 steps and 0.00 after 3 steps.
- **Node 8** has degree 0, clustering coefficient 0.00, return probability 0.00 after 2 steps and 0.00 after 3 steps.

---

### Step 1: Count the number of nodes

We are told the nodes are numbered from 0 to 8, inclusive.

So, the total number of nodes is:

$$
8 - 0 + 1 = 9
$$

---

### ✅ Final Answer:

$$
\boxed{9}
$$",457,False
node_count/14,node_count,clustering,zero_shot, 9.,qwen3-1.7b,"We are given a graph with nodes labeled 0 through 8, and we are told the **clustering coefficients** of all nodes are **0.00**.

### What does a clustering coefficient of 0.00 mean?

The **clustering coefficient** of a node measures how many of its neighbors are also connected to each other. If the coefficient is 0.00, it means that:

- The node has **no neighbors** who are connected to each other.
- In other words, the node is **isolated** or has **no edges** among its neighbors.

### Now, let's look at the edges:

From the problem:

- Node 0 is connected to node 2.
- Node 2 is connected to node 0.
- Node 4 is connected to node 7.
- Node 5 is connected to node 7.
- Node 7 is connected to nodes 4 and 5.

So the edges are:

- 0–2
- 4–7
- 5–7

### Are there any other edges?

The problem does not mention any other edges. So the graph has **only these 3 edges**.

### How many nodes are in the graph?

The nodes are: 0, 1, 2, 3, 4, 5, 6, 7, 8.

That's **9 nodes**.

### ✅ Final Answer:
**9** nodes.",304,False
node_count/14,node_count,clustering,zero_shot, 9.,qwen3-1.7b,"We are given a graph with nodes labeled 0 through 8, and we are told the **clustering coefficients** of all nodes are **0.00**.

### What does a clustering coefficient of 0.00 mean?

The **clustering coefficient** of a node measures how many of its neighbors are also connected to each other. If the coefficient is 0.00, it means that:

- The node has **no neighbors** who are connected to each other.
- In other words, the node is **isolated** or has **no edges** among its neighbors.

### Now, let's look at the edges:

From the problem:

- Node 0 is connected to node 2.
- Node 2 is connected to node 0.
- Node 4 is connected to node 7.
- Node 5 is connected to node 7.
- Node 7 is connected to nodes 4 and 5.

So the edges are:

- 0–2
- 4–7
- 5–7

### Are there any other edges?

The problem does not mention any other edges. So the graph has **only these 3 edges**.

### How many nodes are in the graph?

The nodes are: 0, 1, 2, 3, 4, 5, 6, 7, 8.

That's **9 nodes**.

### ✅ Final Answer:
**9** nodes.",304,False
node_count/14,node_count,clustering,zero_shot, 9.,qwen3-1.7b,"We are given a graph with nodes labeled 0 through 8, and we are told the **clustering coefficients** of all nodes are **0.00**.

### What does a clustering coefficient of 0.00 mean?

The **clustering coefficient** of a node measures how many of its neighbors are also connected to each other. If the coefficient is 0.00, it means that:

- The node has **no neighbors** who are connected to each other.
- In other words, the node is **isolated** or has **no edges** among its neighbors.

### Now, let's look at the edges:

From the problem:

- Node 0 is connected to node 2.
- Node 2 is connected to node 0.
- Node 4 is connected to node 7.
- Node 5 is connected to node 7.
- Node 7 is connected to nodes 4 and 5.

So the edges are:

- 0–2
- 4–7
- 5–7

### Are there any other edges?

The problem does not mention any other edges. So the graph has **only these 3 edges**.

### How many nodes are in the graph?

The nodes are: 0, 1, 2, 3, 4, 5, 6, 7, 8.

That's **9 nodes**.

### ✅ Final Answer:
**9** nodes.",304,False
node_count/14,node_count,components,zero_shot, 9.,qwen3-1.7b,"We are given that the graph has **6 connected components**, and we are told the following:

- Node 0 is connected to node 2.
- Node 2 is connected to node 0.
- Node 4 is connected to node 7.
- Node 5 is connected to node 7.
- Node 7 is connected to nodes 4, 5.

We are asked: **How many nodes are in this graph?**

---

### Step 1: Analyze the connections

Let’s list the connections:

- 0 ↔ 2 (so nodes 0 and 2 are in the same component)
- 4 ↔ 7 (so nodes 4 and 7 are in the same component)
- 5 ↔ 7 (so nodes 5 and 7 are in the same component)

So, nodes 4, 5, 7 are in the same component (connected via 7), and node 0 and 2 are in the same component.

That means we have **at least 2 connected components** (0 and 2, and 4, 5, 7).

But the problem says the graph has **6 connected components**.

So, we need to figure out how the rest of the nodes (nodes 3, 6, 8) are connected.

---

### Step 2: Identify the nodes

The nodes are: 0, 1, 2, 3, 4, 5, 6, 7, 8.

We already know:

- 0 and 2 are in one component.
- 4, 5, 7 are in one component.
- 3, 6, 8 are not yet connected to any other node.

So, the remaining nodes are: 1, 3, 6, 8.

These are **not connected to any other nodes** in the given information.

So, each of these (1, 3, 6, 8) is in its own connected component.

---

### Step 3: Count the total number of nodes

- Component 1: 0 and 2 → 2 nodes
- Component 2: 4, 5, 7 → 3 nodes
- Component 3: 1 → 1 node
- Component 4: 3 → 1 node
- Component 5: 6 → 1 node
- Component 6: 8 → 1 node

Total nodes = 2 + 3 + 1 + 1 + 1 + 1 = **8**

---

### ✅ Final Answer:

**8 nodes** are in the graph.",552,False
node_count/14,node_count,components,zero_shot, 9.,qwen3-1.7b,"We are given that the graph has **6 connected components**, and we are told the following:

- Node 0 is connected to node 2.
- Node 2 is connected to node 0.
- Node 4 is connected to node 7.
- Node 5 is connected to node 7.
- Node 7 is connected to nodes 4, 5.

We are asked: **How many nodes are in this graph?**

---

### Step 1: Analyze the connections

Let’s list the connections:

- 0 ↔ 2 (so nodes 0 and 2 are in the same component)
- 4 ↔ 7 (so nodes 4 and 7 are in the same component)
- 5 ↔ 7 (so nodes 5 and 7 are in the same component)

So, nodes 4, 5, 7 are in the same component (connected via 7), and node 0 and 2 are in the same component.

That means we have **at least 2 connected components** (0 and 2, and 4, 5, 7).

But the problem says the graph has **6 connected components**.

So, we need to figure out how the rest of the nodes (nodes 3, 6, 8) are connected.

---

### Step 2: Identify the nodes

The nodes are: 0, 1, 2, 3, 4, 5, 6, 7, 8.

We already know:

- 0 and 2 are in one component.
- 4, 5, 7 are in one component.
- 3, 6, 8 are not yet connected to any other node.

So, the remaining nodes are: 1, 3, 6, 8.

These are **not connected to any other nodes** in the given information.

So, each of these (1, 3, 6, 8) is in its own connected component.

---

### Step 3: Count the total number of nodes

- Component 1: 0 and 2 → 2 nodes
- Component 2: 4, 5, 7 → 3 nodes
- Component 3: 1 → 1 node
- Component 4: 3 → 1 node
- Component 5: 6 → 1 node
- Component 6: 8 → 1 node

Total nodes = 2 + 3 + 1 + 1 + 1 + 1 = **8**

---

### ✅ Final Answer:

**8 nodes** are in the graph.",552,False
node_count/14,node_count,components,zero_shot, 9.,qwen3-1.7b,"We are given that the graph has **6 connected components**, and we are told the following:

- Node 0 is connected to node 2.
- Node 2 is connected to node 0.
- Node 4 is connected to node 7.
- Node 5 is connected to node 7.
- Node 7 is connected to nodes 4, 5.

We are asked: **How many nodes are in this graph?**

---

### Step 1: Analyze the connections

Let’s list the connections:

- 0 ↔ 2 (so nodes 0 and 2 are in the same component)
- 4 ↔ 7 (so nodes 4 and 7 are in the same component)
- 5 ↔ 7 (so nodes 5 and 7 are in the same component)

So, nodes 4, 5, 7 are in the same component (connected via 7), and node 0 and 2 are in the same component.

That means we have **at least 2 connected components** (0 and 2, and 4, 5, 7).

But the problem says the graph has **6 connected components**.

So, we need to figure out how the rest of the nodes (nodes 3, 6, 8) are connected.

---

### Step 2: Identify the nodes

The nodes are: 0, 1, 2, 3, 4, 5, 6, 7, 8.

We already know:

- 0 and 2 are in one component.
- 4, 5, 7 are in one component.
- 3, 6, 8 are not yet connected to any other node.

So, the remaining nodes are: 1, 3, 6, 8.

These are **not connected to any other nodes** in the given information.

So, each of these (1, 3, 6, 8) is in its own connected component.

---

### Step 3: Count the total number of nodes

- Component 1: 0 and 2 → 2 nodes
- Component 2: 4, 5, 7 → 3 nodes
- Component 3: 1 → 1 node
- Component 4: 3 → 1 node
- Component 5: 6 → 1 node
- Component 6: 8 → 1 node

Total nodes = 2 + 3 + 1 + 1 + 1 + 1 = **8**

---

### ✅ Final Answer:

**8 nodes** are in the graph.",552,False
node_count/14,node_count,degree,zero_shot, 9.,qwen3-1.7b,"We are given a graph with nodes labeled from 0 to 8, and we are told the **degrees** of each node:

- Node 0: degree 1  
- Node 1: degree 0  
- Node 2: degree 1  
- Node 3: degree 0  
- Node 4: degree 1  
- Node 5: degree 1  
- Node 6: degree 0  
- Node 7: degree 2  
- Node 8: degree 0  

We are also given the **connections** (edges) between the nodes:

- Node 0 is connected to node 2  
- Node 2 is connected to node 0 (this is the same edge, just in reverse)  
- Node 4 is connected to node 7  
- Node 5 is connected to node 7  
- Node 7 is connected to nodes 4, 5  

Now, the question is: **How many nodes are in this graph?**

---

### Step-by-step:

We are told the nodes are labeled from 0 to 8, so that's **9 nodes** in total.

We are also told the **degrees** of each node, and the **edges** between them. But the key point is that the **graph is defined by the nodes and their connections**, and the question is simply asking: **How many nodes are in this graph?**

---

### Final Answer:

$$
\boxed{9}
$$",307,False
node_count/14,node_count,degree,zero_shot, 9.,qwen3-1.7b,"We are given a graph with nodes labeled from 0 to 8, and we are told the **degrees** of each node:

- Node 0: degree 1  
- Node 1: degree 0  
- Node 2: degree 1  
- Node 3: degree 0  
- Node 4: degree 1  
- Node 5: degree 1  
- Node 6: degree 0  
- Node 7: degree 2  
- Node 8: degree 0  

We are also given the **connections** (edges) between the nodes:

- Node 0 is connected to node 2  
- Node 2 is connected to node 0 (this is the same edge, just in reverse)  
- Node 4 is connected to node 7  
- Node 5 is connected to node 7  
- Node 7 is connected to nodes 4, 5  

Now, the question is: **How many nodes are in this graph?**

---

### Step-by-step:

We are told the nodes are labeled from 0 to 8, so that's **9 nodes** in total.

We are also told the **degrees** of each node, and the **edges** between them. But the key point is that the **graph is defined by the nodes and their connections**, and the question is simply asking: **How many nodes are in this graph?**

---

### Final Answer:

$$
\boxed{9}
$$",307,False
node_count/14,node_count,filler,zero_shot, 9.,qwen3-1.7b,"We are given a graph with the following nodes:

- Node 0
- Node 1
- Node 2
- Node 3
- Node 4
- Node 5
- Node 6
- Node 7
- Node 8

This is a list of 9 distinct nodes.

We are also given the connections:

- Node 0 is connected to node 2
- Node 2 is connected to node 0
- Node 4 is connected to node 7
- Node 5 is connected to node 7
- Node 7 is connected to nodes 4 and 5

These connections do not add any new nodes to the graph, just describe the relationships between the existing nodes.

---

### ✅ Final Answer:

**There are 9 nodes in this graph.**",170,False
node_count/14,node_count,filler,zero_shot, 9.,qwen3-1.7b,"We are given a graph with the following nodes:

- Node 0
- Node 1
- Node 2
- Node 3
- Node 4
- Node 5
- Node 6
- Node 7
- Node 8

This is a list of 9 distinct nodes.

We are also given the connections:

- Node 0 is connected to node 2
- Node 2 is connected to node 0
- Node 4 is connected to node 7
- Node 5 is connected to node 7
- Node 7 is connected to nodes 4 and 5

These connections do not add any new nodes to the graph, just describe the relationships between the existing nodes.

---

### ✅ Final Answer:

**There are 9 nodes in this graph.**",170,False
node_count/14,node_count,degree,zero_shot, 9.,qwen3-1.7b,"We are given a graph with nodes labeled from 0 to 8, and we are told the **degrees** of each node:

- Node 0: degree 1  
- Node 1: degree 0  
- Node 2: degree 1  
- Node 3: degree 0  
- Node 4: degree 1  
- Node 5: degree 1  
- Node 6: degree 0  
- Node 7: degree 2  
- Node 8: degree 0  

We are also given the **connections** (edges) between the nodes:

- Node 0 is connected to node 2  
- Node 2 is connected to node 0 (this is the same edge, just in reverse)  
- Node 4 is connected to node 7  
- Node 5 is connected to node 7  
- Node 7 is connected to nodes 4, 5  

Now, the question is: **How many nodes are in this graph?**

---

### Step-by-step:

We are told the nodes are labeled from 0 to 8, so that's **9 nodes** in total.

We are also told the **degrees** of each node, and the **edges** between them. But the key point is that the **graph is defined by the nodes and their connections**, and the question is simply asking: **How many nodes are in this graph?**

---

### Final Answer:

$$
\boxed{9}
$$",307,False
node_count/14,node_count,none,zero_shot, 9.,qwen3-1.7b,"We are given a graph with nodes labeled from 0 to 8, inclusive. That is, the nodes are:

$$
\{0, 1, 2, 3, 4, 5, 6, 7, 8\}
$$

The question is asking: **How many nodes are in this graph?**

### Answer:
$$
\boxed{9}
$$",84,False
node_count/14,node_count,none,zero_shot, 9.,qwen3-1.7b,"We are given a graph with nodes labeled from 0 to 8, inclusive. That is, the nodes are:

$$
\{0, 1, 2, 3, 4, 5, 6, 7, 8\}
$$

The question is asking: **How many nodes are in this graph?**

### Answer:
$$
\boxed{9}
$$",84,False
node_count/14,node_count,rwse,zero_shot, 9.,qwen3-1.7b,"We are given a graph with nodes labeled from 0 to 8, and we are told the **return probabilities** for each node after 2 and 3 steps. The question is: **How many nodes are in this graph?**

---

### Step 1: Understand the nodes

The nodes are labeled from **0 to 8**, which is a total of:

$$
8 - 0 + 1 = 9 \text{ nodes}
$$

---

### Step 2: Verify the return probabilities

We are given the return probabilities for each node after 2 and 3 steps. However, this information is **not required** to determine the number of nodes in the graph.

---

### Step 3: Conclusion

The graph contains nodes labeled from **0 to 8**, which is a total of:

$$
\boxed{9} \text{ nodes}
$$

---

### ✅ Final Answer:
$$
\boxed{9}
$$",198,False
node_count/14,node_count,filler,zero_shot, 9.,qwen3-1.7b,"We are given a graph with the following nodes:

- Node 0
- Node 1
- Node 2
- Node 3
- Node 4
- Node 5
- Node 6
- Node 7
- Node 8

This is a list of 9 distinct nodes.

We are also given the connections:

- Node 0 is connected to node 2
- Node 2 is connected to node 0
- Node 4 is connected to node 7
- Node 5 is connected to node 7
- Node 7 is connected to nodes 4 and 5

These connections do not add any new nodes to the graph, just describe the relationships between the existing nodes.

---

### ✅ Final Answer:

**There are 9 nodes in this graph.**",170,False
node_count/14,node_count,rwse,zero_shot, 9.,qwen3-1.7b,"We are given a graph with nodes labeled from 0 to 8, and we are told the **return probabilities** for each node after 2 and 3 steps. The question is: **How many nodes are in this graph?**

---

### Step 1: Understand the nodes

The nodes are labeled from **0 to 8**, which is a total of:

$$
8 - 0 + 1 = 9 \text{ nodes}
$$

---

### Step 2: Verify the return probabilities

We are given the return probabilities for each node after 2 and 3 steps. However, this information is **not required** to determine the number of nodes in the graph.

---

### Step 3: Conclusion

The graph contains nodes labeled from **0 to 8**, which is a total of:

$$
\boxed{9} \text{ nodes}
$$

---

### ✅ Final Answer:
$$
\boxed{9}
$$",198,False
node_count/14,node_count,none,zero_shot, 9.,qwen3-1.7b,"We are given a graph with nodes labeled from 0 to 8, inclusive. That is, the nodes are:

$$
\{0, 1, 2, 3, 4, 5, 6, 7, 8\}
$$

The question is asking: **How many nodes are in this graph?**

### Answer:
$$
\boxed{9}
$$",84,False
node_count/15,node_count,all,zero_shot, 13.,qwen3-1.7b,"To determine how many nodes are in the graph, we can simply count the number of nodes listed in the problem description.

The nodes are:

- Node 0  
- Node 1  
- Node 2  
- Node 3  
- Node 4  
- Node 5  
- Node 6  
- Node 7  
- Node 8  
- Node 9  
- Node 10  
- Node 11  
- Node 12  

That's **13 nodes** in total.

---

### ✅ Final Answer:
**13 nodes** are in the graph.",124,False
node_count/15,node_count,all,zero_shot, 13.,qwen3-1.7b,"To determine how many nodes are in the graph, we can simply count the number of nodes listed in the problem description.

The nodes are:

- Node 0  
- Node 1  
- Node 2  
- Node 3  
- Node 4  
- Node 5  
- Node 6  
- Node 7  
- Node 8  
- Node 9  
- Node 10  
- Node 11  
- Node 12  

That's **13 nodes** in total.

---

### ✅ Final Answer:
**13 nodes** are in the graph.",124,False
node_count/15,node_count,clustering,zero_shot, 13.,qwen3-1.7b,"To determine how many nodes are in the graph, we simply count the number of distinct nodes listed in the problem.

The nodes are:

- Node 0  
- Node 1  
- Node 2  
- Node 3  
- Node 4  
- Node 5  
- Node 6  
- Node 7  
- Node 8  
- Node 9  
- Node 10  
- Node 11  
- Node 12  

There are **13 distinct nodes** in the graph.

### ✅ Final Answer: **13**",118,False
node_count/15,node_count,clustering,zero_shot, 13.,qwen3-1.7b,"To determine how many nodes are in the graph, we simply count the number of distinct nodes listed in the problem.

The nodes are:

- Node 0  
- Node 1  
- Node 2  
- Node 3  
- Node 4  
- Node 5  
- Node 6  
- Node 7  
- Node 8  
- Node 9  
- Node 10  
- Node 11  
- Node 12  

There are **13 distinct nodes** in the graph.

### ✅ Final Answer: **13**",118,False
node_count/15,node_count,components,zero_shot, 13.,qwen3-1.7b,"We are asked to determine how many **nodes** are in the graph described.

### Step-by-step analysis:

The graph is described among **nodes 0 through 12**, which is a total of:

$$
12 \text{ nodes}
$$

Each node is listed with its connections, and the graph is said to have **1 connected component**.

---

### Final Answer:

$$
\boxed{13}
$$

There are **13 nodes** in the graph.",101,False
node_count/15,node_count,components,zero_shot, 13.,qwen3-1.7b,"We are asked to determine how many **nodes** are in the graph described.

### Step-by-step analysis:

The graph is described among **nodes 0 through 12**, which is a total of:

$$
12 \text{ nodes}
$$

Each node is listed with its connections, and the graph is said to have **1 connected component**.

---

### Final Answer:

$$
\boxed{13}
$$

There are **13 nodes** in the graph.",101,False
node_count/14,node_count,rwse,zero_shot, 9.,qwen3-1.7b,"We are given a graph with nodes labeled from 0 to 8, and we are told the **return probabilities** for each node after 2 and 3 steps. The question is: **How many nodes are in this graph?**

---

### Step 1: Understand the nodes

The nodes are labeled from **0 to 8**, which is a total of:

$$
8 - 0 + 1 = 9 \text{ nodes}
$$

---

### Step 2: Verify the return probabilities

We are given the return probabilities for each node after 2 and 3 steps. However, this information is **not required** to determine the number of nodes in the graph.

---

### Step 3: Conclusion

The graph contains nodes labeled from **0 to 8**, which is a total of:

$$
\boxed{9} \text{ nodes}
$$

---

### ✅ Final Answer:
$$
\boxed{9}
$$",198,False
node_count/15,node_count,all,zero_shot, 13.,qwen3-1.7b,"To determine how many nodes are in the graph, we can simply count the number of nodes listed in the problem description.

The nodes are:

- Node 0  
- Node 1  
- Node 2  
- Node 3  
- Node 4  
- Node 5  
- Node 6  
- Node 7  
- Node 8  
- Node 9  
- Node 10  
- Node 11  
- Node 12  

That's **13 nodes** in total.

---

### ✅ Final Answer:
**13 nodes** are in the graph.",124,False
node_count/15,node_count,degree,zero_shot, 13.,qwen3-1.7b,"We are given a graph with nodes labeled from 0 to 12, and we are told the **degrees** of each node:

- Node 0: degree 5  
- Node 1: degree 7  
- Node 2: degree 3  
- Node 3: degree 5  
- Node 4: degree 2  
- Node 5: degree 5  
- Node 6: degree 4  
- Node 7: degree 6  
- Node 8: degree 5  
- Node 9: degree 6  
- Node 10: degree 1  
- Node 11: degree 3  
- Node 12: degree 6  

We are also given the **connections** (edges) between the nodes, but the question is **not asking** for the number of edges, but rather the **number of nodes** in the graph.

---

### Step-by-step:

We are told the graph is among **nodes 0, 1, 2, 3, 4, 5, 6, 7, 8, 9, 10, 11, and 12**.

So the **total number of nodes** is:

$$
\boxed{13}
$$

---

### Final Answer:

$$
\boxed{13}
$$",283,False
node_count/15,node_count,degree,zero_shot, 13.,qwen3-1.7b,"We are given a graph with nodes labeled from 0 to 12, and we are told the **degrees** of each node:

- Node 0: degree 5  
- Node 1: degree 7  
- Node 2: degree 3  
- Node 3: degree 5  
- Node 4: degree 2  
- Node 5: degree 5  
- Node 6: degree 4  
- Node 7: degree 6  
- Node 8: degree 5  
- Node 9: degree 6  
- Node 10: degree 1  
- Node 11: degree 3  
- Node 12: degree 6  

We are also given the **connections** (edges) between the nodes, but the question is **not asking** for the number of edges, but rather the **number of nodes** in the graph.

---

### Step-by-step:

We are told the graph is among **nodes 0, 1, 2, 3, 4, 5, 6, 7, 8, 9, 10, 11, and 12**.

So the **total number of nodes** is:

$$
\boxed{13}
$$

---

### Final Answer:

$$
\boxed{13}
$$",283,False
node_count/15,node_count,clustering,zero_shot, 13.,qwen3-1.7b,"To determine how many nodes are in the graph, we simply count the number of distinct nodes listed in the problem.

The nodes are:

- Node 0  
- Node 1  
- Node 2  
- Node 3  
- Node 4  
- Node 5  
- Node 6  
- Node 7  
- Node 8  
- Node 9  
- Node 10  
- Node 11  
- Node 12  

There are **13 distinct nodes** in the graph.

### ✅ Final Answer: **13**",118,False
node_count/15,node_count,components,zero_shot, 13.,qwen3-1.7b,"We are asked to determine how many **nodes** are in the graph described.

### Step-by-step analysis:

The graph is described among **nodes 0 through 12**, which is a total of:

$$
12 \text{ nodes}
$$

Each node is listed with its connections, and the graph is said to have **1 connected component**.

---

### Final Answer:

$$
\boxed{13}
$$

There are **13 nodes** in the graph.",101,False
node_count/15,node_count,filler,zero_shot, 13.,qwen3-1.7b,"We are asked to determine how many **nodes** are in the graph $ G $.

From the problem statement:

> Node 0 is simply present within the graph G.  
> Node 1 is simply present within the graph G.  
> Node 2 is simply present within the graph G.  
> Node 3 is simply present within the graph G.  
> Node 4 is simply present within the graph G.  
> Node 5 is simply present within the graph G.  
> Node 6 is simply present within the graph G.  
> Node 7 is simply present within the graph G.  
> Node 8 is simply present within the graph G.  
> Node 9 is simply present within the graph G.  
> Node 10 is simply present within the graph G.  
> Node 11 is simply present within the graph G.  
> Node 12 is simply present within the graph G.

---

### Counting the Nodes:

We can count the number of nodes listed:

- Node 0  
- Node 1  
- Node 2  
- Node 3  
- Node 4  
- Node 5  
- Node 6  
- Node 7  
- Node 8  
- Node 9  
- Node 10  
- Node 11  
- Node 12  

That's **13** distinct nodes.

---

### Final Answer:

$$
\boxed{13}
$$",302,False
node_count/15,node_count,filler,zero_shot, 13.,qwen3-1.7b,"We are asked to determine how many **nodes** are in the graph $ G $.

From the problem statement:

> Node 0 is simply present within the graph G.  
> Node 1 is simply present within the graph G.  
> Node 2 is simply present within the graph G.  
> Node 3 is simply present within the graph G.  
> Node 4 is simply present within the graph G.  
> Node 5 is simply present within the graph G.  
> Node 6 is simply present within the graph G.  
> Node 7 is simply present within the graph G.  
> Node 8 is simply present within the graph G.  
> Node 9 is simply present within the graph G.  
> Node 10 is simply present within the graph G.  
> Node 11 is simply present within the graph G.  
> Node 12 is simply present within the graph G.

---

### Counting the Nodes:

We can count the number of nodes listed:

- Node 0  
- Node 1  
- Node 2  
- Node 3  
- Node 4  
- Node 5  
- Node 6  
- Node 7  
- Node 8  
- Node 9  
- Node 10  
- Node 11  
- Node 12  

That's **13** distinct nodes.

---

### Final Answer:

$$
\boxed{13}
$$",302,False
node_count/15,node_count,none,zero_shot, 13.,qwen3-1.7b,"We are given a graph with nodes labeled from 0 to 12, and we are asked to determine how many **nodes** are in the graph.

### Step-by-step Analysis:

The nodes are:

- 0
- 1
- 2
- 3
- 4
- 5
- 6
- 7
- 8
- 9
- 10
- 11
- 12

These are all the nodes listed in the problem description.

### Conclusion:

The graph contains **13 nodes** (from 0 to 12 inclusive).

---

### Final Answer:

**13**",139,False
node_count/15,node_count,none,zero_shot, 13.,qwen3-1.7b,"We are given a graph with nodes labeled from 0 to 12, and we are asked to determine how many **nodes** are in the graph.

### Step-by-step Analysis:

The nodes are:

- 0
- 1
- 2
- 3
- 4
- 5
- 6
- 7
- 8
- 9
- 10
- 11
- 12

These are all the nodes listed in the problem description.

### Conclusion:

The graph contains **13 nodes** (from 0 to 12 inclusive).

---

### Final Answer:

**13**",139,False
node_count/15,node_count,degree,zero_shot, 13.,qwen3-1.7b,"We are given a graph with nodes labeled from 0 to 12, and we are told the **degrees** of each node:

- Node 0: degree 5  
- Node 1: degree 7  
- Node 2: degree 3  
- Node 3: degree 5  
- Node 4: degree 2  
- Node 5: degree 5  
- Node 6: degree 4  
- Node 7: degree 6  
- Node 8: degree 5  
- Node 9: degree 6  
- Node 10: degree 1  
- Node 11: degree 3  
- Node 12: degree 6  

We are also given the **connections** (edges) between the nodes, but the question is **not asking** for the number of edges, but rather the **number of nodes** in the graph.

---

### Step-by-step:

We are told the graph is among **nodes 0, 1, 2, 3, 4, 5, 6, 7, 8, 9, 10, 11, and 12**.

So the **total number of nodes** is:

$$
\boxed{13}
$$

---

### Final Answer:

$$
\boxed{13}
$$",283,False
node_count/15,node_count,rwse,zero_shot, 13.,qwen3-1.7b,"We are given a list of nodes (0 through 12) and their return probabilities after 2 and 3 steps. The question is:

> **How many nodes are in this graph?**

### Step 1: Count the number of nodes
The nodes listed are:

- 0
- 1
- 2
- 3
- 4
- 5
- 6
- 7
- 8
- 9
- 10
- 11
- 12

That's **13 nodes**.

---

### ✅ Final Answer:
**13 nodes** are in the graph.",138,False
node_count/15,node_count,rwse,zero_shot, 13.,qwen3-1.7b,"We are given a list of nodes (0 through 12) and their return probabilities after 2 and 3 steps. The question is:

> **How many nodes are in this graph?**

### Step 1: Count the number of nodes
The nodes listed are:

- 0
- 1
- 2
- 3
- 4
- 5
- 6
- 7
- 8
- 9
- 10
- 11
- 12

That's **13 nodes**.

---

### ✅ Final Answer:
**13 nodes** are in the graph.",138,False
node_count/16,node_count,all,zero_shot, 18.,qwen3-1.7b,"To determine how many nodes are in the graph, we can simply count the number of nodes listed in the problem description.

The nodes are:

- Node 0  
- Node 1  
- Node 2  
- Node 3  
- Node 4  
- Node 5  
- Node 6  
- Node 7  
- Node 8  
- Node 9  
- Node 10  
- Node 11  
- Node 12  
- Node 13  
- Node 14  
- Node 15  
- Node 16  
- Node 17  

This is a total of **18 nodes**.

### ✅ Final Answer: **18**",148,False
node_count/16,node_count,all,zero_shot, 18.,qwen3-1.7b,"To determine how many nodes are in the graph, we can simply count the number of nodes listed in the problem description.

The nodes are:

- Node 0  
- Node 1  
- Node 2  
- Node 3  
- Node 4  
- Node 5  
- Node 6  
- Node 7  
- Node 8  
- Node 9  
- Node 10  
- Node 11  
- Node 12  
- Node 13  
- Node 14  
- Node 15  
- Node 16  
- Node 17  

This is a total of **18 nodes**.

### ✅ Final Answer: **18**",148,False
node_count/16,node_count,clustering,zero_shot, 18.,qwen3-1.7b,"To determine how many nodes are in the graph, we simply count the number of nodes listed in the problem.

The nodes are:

- Node 0  
- Node 1  
- Node 2  
- Node 3  
- Node 4  
- Node 5  
- Node 6  
- Node 7  
- Node 8  
- Node 9  
- Node 10  
- Node 11  
- Node 12  
- Node 13  
- Node 14  
- Node 15  
- Node 16  
- Node 17  

That's **18 nodes** in total.

### ✅ Final Answer: **18**",145,False
node_count/16,node_count,clustering,zero_shot, 18.,qwen3-1.7b,"To determine how many nodes are in the graph, we simply count the number of nodes listed in the problem.

The nodes are:

- Node 0  
- Node 1  
- Node 2  
- Node 3  
- Node 4  
- Node 5  
- Node 6  
- Node 7  
- Node 8  
- Node 9  
- Node 10  
- Node 11  
- Node 12  
- Node 13  
- Node 14  
- Node 15  
- Node 16  
- Node 17  

That's **18 nodes** in total.

### ✅ Final Answer: **18**",145,False
node_count/15,node_count,filler,zero_shot, 13.,qwen3-1.7b,"We are asked to determine how many **nodes** are in the graph $ G $.

From the problem statement:

> Node 0 is simply present within the graph G.  
> Node 1 is simply present within the graph G.  
> Node 2 is simply present within the graph G.  
> Node 3 is simply present within the graph G.  
> Node 4 is simply present within the graph G.  
> Node 5 is simply present within the graph G.  
> Node 6 is simply present within the graph G.  
> Node 7 is simply present within the graph G.  
> Node 8 is simply present within the graph G.  
> Node 9 is simply present within the graph G.  
> Node 10 is simply present within the graph G.  
> Node 11 is simply present within the graph G.  
> Node 12 is simply present within the graph G.

---

### Counting the Nodes:

We can count the number of nodes listed:

- Node 0  
- Node 1  
- Node 2  
- Node 3  
- Node 4  
- Node 5  
- Node 6  
- Node 7  
- Node 8  
- Node 9  
- Node 10  
- Node 11  
- Node 12  

That's **13** distinct nodes.

---

### Final Answer:

$$
\boxed{13}
$$",302,False
node_count/16,node_count,components,zero_shot, 18.,qwen3-1.7b,"To determine how many **nodes** are in the graph, we need to count the number of distinct nodes listed in the description.

The nodes are:

**0, 1, 2, 3, 4, 5, 6, 7, 8, 9, 10, 11, 12, 13, 14, 15, 16, 17**

Let's count them:

- 0  
- 1  
- 2  
- 3  
- 4  
- 5  
- 6  
- 7  
- 8  
- 9  
- 10  
- 11  
- 12  
- 13  
- 14  
- 15  
- 16  
- 17  

There are **18** distinct nodes in the graph.

---

### ✅ Final Answer:
**18** nodes.",203,False
node_count/16,node_count,components,zero_shot, 18.,qwen3-1.7b,"To determine how many **nodes** are in the graph, we need to count the number of distinct nodes listed in the description.

The nodes are:

**0, 1, 2, 3, 4, 5, 6, 7, 8, 9, 10, 11, 12, 13, 14, 15, 16, 17**

Let's count them:

- 0  
- 1  
- 2  
- 3  
- 4  
- 5  
- 6  
- 7  
- 8  
- 9  
- 10  
- 11  
- 12  
- 13  
- 14  
- 15  
- 16  
- 17  

There are **18** distinct nodes in the graph.

---

### ✅ Final Answer:
**18** nodes.",203,False
node_count/15,node_count,none,zero_shot, 13.,qwen3-1.7b,"We are given a graph with nodes labeled from 0 to 12, and we are asked to determine how many **nodes** are in the graph.

### Step-by-step Analysis:

The nodes are:

- 0
- 1
- 2
- 3
- 4
- 5
- 6
- 7
- 8
- 9
- 10
- 11
- 12

These are all the nodes listed in the problem description.

### Conclusion:

The graph contains **13 nodes** (from 0 to 12 inclusive).

---

### Final Answer:

**13**",139,False
node_count/16,node_count,degree,zero_shot, 18.,qwen3-1.7b,"To determine how many **nodes** are in the graph, we simply count the number of distinct nodes listed in the problem.

The nodes are:

- 0
- 1
- 2
- 3
- 4
- 5
- 6
- 7
- 8
- 9
- 10
- 11
- 12
- 13
- 14
- 15
- 16
- 17

That's **18 distinct nodes**.

---

### ✅ Final Answer:
**18 nodes**.",132,False
node_count/16,node_count,degree,zero_shot, 18.,qwen3-1.7b,"To determine how many **nodes** are in the graph, we simply count the number of distinct nodes listed in the problem.

The nodes are:

- 0
- 1
- 2
- 3
- 4
- 5
- 6
- 7
- 8
- 9
- 10
- 11
- 12
- 13
- 14
- 15
- 16
- 17

That's **18 distinct nodes**.

---

### ✅ Final Answer:
**18 nodes**.",132,False
node_count/15,node_count,rwse,zero_shot, 13.,qwen3-1.7b,"We are given a list of nodes (0 through 12) and their return probabilities after 2 and 3 steps. The question is:

> **How many nodes are in this graph?**

### Step 1: Count the number of nodes
The nodes listed are:

- 0
- 1
- 2
- 3
- 4
- 5
- 6
- 7
- 8
- 9
- 10
- 11
- 12

That's **13 nodes**.

---

### ✅ Final Answer:
**13 nodes** are in the graph.",138,False
node_count/16,node_count,filler,zero_shot, 18.,qwen3-1.7b,"To determine how many nodes are in the graph, let's look at the information provided:

- The graph is described as containing **nodes 0 through 17**.
- The question explicitly states:  
  > ""Node 0 is simply present within the graph G. Node 1 is simply present within the graph G. Node 2 is simply present within the graph G. ... Node 17 is simply present within the graph G.""

This confirms that the graph contains **18 nodes** (from 0 to 17 inclusive).

---

### ✅ Final Answer:
**18 nodes** are in the graph.",130,False
node_count/16,node_count,filler,zero_shot, 18.,qwen3-1.7b,"To determine how many nodes are in the graph, let's look at the information provided:

- The graph is described as containing **nodes 0 through 17**.
- The question explicitly states:  
  > ""Node 0 is simply present within the graph G. Node 1 is simply present within the graph G. Node 2 is simply present within the graph G. ... Node 17 is simply present within the graph G.""

This confirms that the graph contains **18 nodes** (from 0 to 17 inclusive).

---

### ✅ Final Answer:
**18 nodes** are in the graph.",130,False
node_count/16,node_count,none,zero_shot, 18.,qwen3-1.7b,"We are given a graph with nodes labeled from **0 to 17**, and we are asked to determine how many **nodes** are in the graph.

### Step-by-step Analysis:

- The nodes are labeled as:  
  **0, 1, 2, 3, 4, 5, 6, 7, 8, 9, 10, 11, 12, 13, 14, 15, 16, 17**

- Counting these, we see that there are **18** distinct nodes.

### Final Answer:

$$
\boxed{18}
$$",140,False
node_count/16,node_count,all,zero_shot, 18.,qwen3-1.7b,"To determine how many nodes are in the graph, we can simply count the number of nodes listed in the problem description.

The nodes are:

- Node 0  
- Node 1  
- Node 2  
- Node 3  
- Node 4  
- Node 5  
- Node 6  
- Node 7  
- Node 8  
- Node 9  
- Node 10  
- Node 11  
- Node 12  
- Node 13  
- Node 14  
- Node 15  
- Node 16  
- Node 17  

This is a total of **18 nodes**.

### ✅ Final Answer: **18**",148,False
node_count/16,node_count,none,zero_shot, 18.,qwen3-1.7b,"We are given a graph with nodes labeled from **0 to 17**, and we are asked to determine how many **nodes** are in the graph.

### Step-by-step Analysis:

- The nodes are labeled as:  
  **0, 1, 2, 3, 4, 5, 6, 7, 8, 9, 10, 11, 12, 13, 14, 15, 16, 17**

- Counting these, we see that there are **18** distinct nodes.

### Final Answer:

$$
\boxed{18}
$$",140,False
node_count/16,node_count,rwse,zero_shot, 18.,qwen3-1.7b,"We are given a list of **nodes** (from 0 to 17), and we are asked to determine how many **nodes** are in the graph.

### Step-by-step Analysis:

- The nodes are numbered from **0 to 17**.
- The count of nodes is simply the number of integers in this range.

### Conclusion:

There are **18 nodes** in the graph.

---

**Answer: 18**",92,False
node_count/16,node_count,rwse,zero_shot, 18.,qwen3-1.7b,"We are given a list of **nodes** (from 0 to 17), and we are asked to determine how many **nodes** are in the graph.

### Step-by-step Analysis:

- The nodes are numbered from **0 to 17**.
- The count of nodes is simply the number of integers in this range.

### Conclusion:

There are **18 nodes** in the graph.

---

**Answer: 18**",92,False
node_count/16,node_count,clustering,zero_shot, 18.,qwen3-1.7b,"To determine how many nodes are in the graph, we simply count the number of nodes listed in the problem.

The nodes are:

- Node 0  
- Node 1  
- Node 2  
- Node 3  
- Node 4  
- Node 5  
- Node 6  
- Node 7  
- Node 8  
- Node 9  
- Node 10  
- Node 11  
- Node 12  
- Node 13  
- Node 14  
- Node 15  
- Node 16  
- Node 17  

That's **18 nodes** in total.

### ✅ Final Answer: **18**",145,False
node_count/17,node_count,all,zero_shot, 17.,qwen3-1.7b,"To determine how many nodes are in the graph, we simply count the number of distinct nodes listed in the problem.

From the description:

- Node 0
- Node 1
- Node 2
- Node 3
- Node 4
- Node 5
- Node 6
- Node 7
- Node 8
- Node 9
- Node 10
- Node 11
- Node 12
- Node 13
- Node 14
- Node 15
- Node 16

That's a total of **17 nodes**.

---

### ✅ Final Answer:
**17 nodes**.",144,False
node_count/17,node_count,all,zero_shot, 17.,qwen3-1.7b,"To determine how many nodes are in the graph, we simply count the number of distinct nodes listed in the problem.

From the description:

- Node 0
- Node 1
- Node 2
- Node 3
- Node 4
- Node 5
- Node 6
- Node 7
- Node 8
- Node 9
- Node 10
- Node 11
- Node 12
- Node 13
- Node 14
- Node 15
- Node 16

That's a total of **17 nodes**.

---

### ✅ Final Answer:
**17 nodes**.",144,False
node_count/17,node_count,clustering,zero_shot, 17.,qwen3-1.7b,"To determine how many nodes are in the graph, we simply count the number of distinct nodes listed in the problem.

The nodes are:

**0, 1, 2, 3, 4, 5, 6, 7, 8, 9, 10, 11, 12, 13, 14, 15, 16**

This is a total of **17 nodes**.

### ✅ Final Answer:
**17**",107,False
node_count/17,node_count,clustering,zero_shot, 17.,qwen3-1.7b,"To determine how many nodes are in the graph, we simply count the number of distinct nodes listed in the problem.

The nodes are:

**0, 1, 2, 3, 4, 5, 6, 7, 8, 9, 10, 11, 12, 13, 14, 15, 16**

This is a total of **17 nodes**.

### ✅ Final Answer:
**17**",107,False
node_count/17,node_count,components,zero_shot, 17.,qwen3-1.7b,"To determine how many nodes are in the graph, we simply count the number of distinct nodes listed in the description.

The nodes are:

**0, 1, 2, 3, 4, 5, 6, 7, 8, 9, 10, 11, 12, 13, 14, 15, 16**

This is a total of **17 nodes**.

### ✅ Final Answer:
**17**",107,False
node_count/16,node_count,components,zero_shot, 18.,qwen3-1.7b,"To determine how many **nodes** are in the graph, we need to count the number of distinct nodes listed in the description.

The nodes are:

**0, 1, 2, 3, 4, 5, 6, 7, 8, 9, 10, 11, 12, 13, 14, 15, 16, 17**

Let's count them:

- 0  
- 1  
- 2  
- 3  
- 4  
- 5  
- 6  
- 7  
- 8  
- 9  
- 10  
- 11  
- 12  
- 13  
- 14  
- 15  
- 16  
- 17  

There are **18** distinct nodes in the graph.

---

### ✅ Final Answer:
**18** nodes.",203,False
node_count/17,node_count,components,zero_shot, 17.,qwen3-1.7b,"To determine how many nodes are in the graph, we simply count the number of distinct nodes listed in the description.

The nodes are:

**0, 1, 2, 3, 4, 5, 6, 7, 8, 9, 10, 11, 12, 13, 14, 15, 16**

This is a total of **17 nodes**.

### ✅ Final Answer:
**17**",107,False
node_count/16,node_count,degree,zero_shot, 18.,qwen3-1.7b,"To determine how many **nodes** are in the graph, we simply count the number of distinct nodes listed in the problem.

The nodes are:

- 0
- 1
- 2
- 3
- 4
- 5
- 6
- 7
- 8
- 9
- 10
- 11
- 12
- 13
- 14
- 15
- 16
- 17

That's **18 distinct nodes**.

---

### ✅ Final Answer:
**18 nodes**.",132,False
node_count/16,node_count,filler,zero_shot, 18.,qwen3-1.7b,"To determine how many nodes are in the graph, let's look at the information provided:

- The graph is described as containing **nodes 0 through 17**.
- The question explicitly states:  
  > ""Node 0 is simply present within the graph G. Node 1 is simply present within the graph G. Node 2 is simply present within the graph G. ... Node 17 is simply present within the graph G.""

This confirms that the graph contains **18 nodes** (from 0 to 17 inclusive).

---

### ✅ Final Answer:
**18 nodes** are in the graph.",130,False
node_count/16,node_count,none,zero_shot, 18.,qwen3-1.7b,"We are given a graph with nodes labeled from **0 to 17**, and we are asked to determine how many **nodes** are in the graph.

### Step-by-step Analysis:

- The nodes are labeled as:  
  **0, 1, 2, 3, 4, 5, 6, 7, 8, 9, 10, 11, 12, 13, 14, 15, 16, 17**

- Counting these, we see that there are **18** distinct nodes.

### Final Answer:

$$
\boxed{18}
$$",140,False
node_count/16,node_count,rwse,zero_shot, 18.,qwen3-1.7b,"We are given a list of **nodes** (from 0 to 17), and we are asked to determine how many **nodes** are in the graph.

### Step-by-step Analysis:

- The nodes are numbered from **0 to 17**.
- The count of nodes is simply the number of integers in this range.

### Conclusion:

There are **18 nodes** in the graph.

---

**Answer: 18**",92,False
node_count/17,node_count,degree,zero_shot, 17.,qwen3-1.7b,"We are given a graph with nodes labeled from 0 to 16, and we are told the **degrees** of each node. The question is: **How many nodes are in this graph?**

### Step 1: Understand the problem
The graph has nodes numbered from 0 to 16, which is a total of **17 nodes**.

### Step 2: Verify the degrees
We are given the degrees of all nodes:

- Node 0: 14  
- Node 1: 9  
- Node 2: 14  
- Node 3: 13  
- Node 4: 12  
- Node 5: 10  
- Node 6: 11  
- Node 7: 12  
- Node 8: 11  
- Node 9: 13  
- Node 10: 12  
- Node 11: 12  
- Node 12: 12  
- Node 13: 6  
- Node 14: 7  
- Node 15: 11  
- Node 16: 11  

Let’s check that the sum of all degrees equals $ 2 \times \text{number of edges} $, which is a necessary condition for a graph to be valid.

### Step 3: Sum the degrees
$$
14 + 9 + 14 + 13 + 12 + 10 + 11 + 12 + 11 + 13 + 12 + 12 + 12 + 6 + 7 + 11 + 11
$$

Let’s compute this step by step:

- 14 + 9 = 23  
- 23 + 14 = 37  
- 37 + 13 = 50  
- 50 + 12 = 62  
- 62 + 10 = 72  
- 72 + 11 = 83  
- 83 + 12 = 95  
- 95 + 11 = 106  
- 106 + 13 = 119  
- 119 + 12 = 131  
- 131 + 12 = 143  
- 143 + 12 = 155  
- 155 + 6 = 161  
- 161 + 7 = 168  
- 168 + 11 = 179  
- 179 + 11 = 190

So the total degree sum is **190**.

Now, since each edge is counted twice in the degree sum, the number of edges is:

$$
\frac{190}{2} = 95
$$

This confirms that the graph is valid.

### Step 4: Answer the question
We are asked: **How many nodes are in this graph?**

The nodes are labeled from 0 to 16, which is a total of:

$$
16 - 0 + 1 = 17 \text{ nodes}
$$

---

### ✅ Final Answer:
$$
\boxed{17}
$$",729,False
node_count/17,node_count,degree,zero_shot, 17.,qwen3-1.7b,"We are given a graph with nodes labeled from 0 to 16, and we are told the **degrees** of each node. The question is: **How many nodes are in this graph?**

### Step 1: Understand the problem
The graph has nodes numbered from 0 to 16, which is a total of **17 nodes**.

### Step 2: Verify the degrees
We are given the degrees of all nodes:

- Node 0: 14  
- Node 1: 9  
- Node 2: 14  
- Node 3: 13  
- Node 4: 12  
- Node 5: 10  
- Node 6: 11  
- Node 7: 12  
- Node 8: 11  
- Node 9: 13  
- Node 10: 12  
- Node 11: 12  
- Node 12: 12  
- Node 13: 6  
- Node 14: 7  
- Node 15: 11  
- Node 16: 11  

Let’s check that the sum of all degrees equals $ 2 \times \text{number of edges} $, which is a necessary condition for a graph to be valid.

### Step 3: Sum the degrees
$$
14 + 9 + 14 + 13 + 12 + 10 + 11 + 12 + 11 + 13 + 12 + 12 + 12 + 6 + 7 + 11 + 11
$$

Let’s compute this step by step:

- 14 + 9 = 23  
- 23 + 14 = 37  
- 37 + 13 = 50  
- 50 + 12 = 62  
- 62 + 10 = 72  
- 72 + 11 = 83  
- 83 + 12 = 95  
- 95 + 11 = 106  
- 106 + 13 = 119  
- 119 + 12 = 131  
- 131 + 12 = 143  
- 143 + 12 = 155  
- 155 + 6 = 161  
- 161 + 7 = 168  
- 168 + 11 = 179  
- 179 + 11 = 190

So the total degree sum is **190**.

Now, since each edge is counted twice in the degree sum, the number of edges is:

$$
\frac{190}{2} = 95
$$

This confirms that the graph is valid.

### Step 4: Answer the question
We are asked: **How many nodes are in this graph?**

The nodes are labeled from 0 to 16, which is a total of:

$$
16 - 0 + 1 = 17 \text{ nodes}
$$

---

### ✅ Final Answer:
$$
\boxed{17}
$$",729,False
node_count/17,node_count,all,zero_shot, 17.,qwen3-1.7b,"To determine how many nodes are in the graph, we simply count the number of distinct nodes listed in the problem.

From the description:

- Node 0
- Node 1
- Node 2
- Node 3
- Node 4
- Node 5
- Node 6
- Node 7
- Node 8
- Node 9
- Node 10
- Node 11
- Node 12
- Node 13
- Node 14
- Node 15
- Node 16

That's a total of **17 nodes**.

---

### ✅ Final Answer:
**17 nodes**.",144,False
node_count/17,node_count,filler,zero_shot, 17.,qwen3-1.7b,"The question asks: **How many nodes are in this graph?**

### Step-by-step Analysis:

- The graph is described as having **nodes numbered from 0 to 16**.
- This means the total number of nodes is the count of integers from 0 to 16 inclusive.

### Calculation:

$$
16 - 0 + 1 = 17
$$

### Final Answer:

$$
\boxed{17}
$$",95,False
node_count/17,node_count,filler,zero_shot, 17.,qwen3-1.7b,"The question asks: **How many nodes are in this graph?**

### Step-by-step Analysis:

- The graph is described as having **nodes numbered from 0 to 16**.
- This means the total number of nodes is the count of integers from 0 to 16 inclusive.

### Calculation:

$$
16 - 0 + 1 = 17
$$

### Final Answer:

$$
\boxed{17}
$$",95,False
node_count/17,node_count,none,zero_shot, 17.,qwen3-1.7b,"To determine how many nodes are in the graph, we simply count the number of distinct nodes listed in the description.

The nodes are:

**0, 1, 2, 3, 4, 5, 6, 7, 8, 9, 10, 11, 12, 13, 14, 15, 16**

There are **16** distinct nodes in the graph.

### ✅ Final Answer:
**16** nodes.",110,False
node_count/17,node_count,clustering,zero_shot, 17.,qwen3-1.7b,"To determine how many nodes are in the graph, we simply count the number of distinct nodes listed in the problem.

The nodes are:

**0, 1, 2, 3, 4, 5, 6, 7, 8, 9, 10, 11, 12, 13, 14, 15, 16**

This is a total of **17 nodes**.

### ✅ Final Answer:
**17**",107,False
node_count/17,node_count,none,zero_shot, 17.,qwen3-1.7b,"To determine how many nodes are in the graph, we simply count the number of distinct nodes listed in the description.

The nodes are:

**0, 1, 2, 3, 4, 5, 6, 7, 8, 9, 10, 11, 12, 13, 14, 15, 16**

There are **16** distinct nodes in the graph.

### ✅ Final Answer:
**16** nodes.",110,False
node_count/17,node_count,rwse,zero_shot, 17.,qwen3-1.7b,"To determine how many nodes are in the graph, we simply count the number of distinct nodes listed in the problem.

The nodes are:

- 0
- 1
- 2
- 3
- 4
- 5
- 6
- 7
- 8
- 9
- 10
- 11
- 12
- 13
- 14
- 15
- 16

That's a total of **17 nodes**.

---

### ✅ Final Answer:
**17** nodes are in this graph.",131,False
node_count/17,node_count,components,zero_shot, 17.,qwen3-1.7b,"To determine how many nodes are in the graph, we simply count the number of distinct nodes listed in the description.

The nodes are:

**0, 1, 2, 3, 4, 5, 6, 7, 8, 9, 10, 11, 12, 13, 14, 15, 16**

This is a total of **17 nodes**.

### ✅ Final Answer:
**17**",107,False
node_count/17,node_count,rwse,zero_shot, 17.,qwen3-1.7b,"To determine how many nodes are in the graph, we simply count the number of distinct nodes listed in the problem.

The nodes are:

- 0
- 1
- 2
- 3
- 4
- 5
- 6
- 7
- 8
- 9
- 10
- 11
- 12
- 13
- 14
- 15
- 16

That's a total of **17 nodes**.

---

### ✅ Final Answer:
**17** nodes are in this graph.",131,False
node_count/18,node_count,all,zero_shot, 14.,qwen3-1.7b,"To determine how many nodes are in the graph, we can simply count the number of nodes listed in the problem.

The nodes are:

- Node 0  
- Node 1  
- Node 2  
- Node 3  
- Node 4  
- Node 5  
- Node 6  
- Node 7  
- Node 8  
- Node 9  
- Node 10  
- Node 11  
- Node 12  
- Node 13  

That's **14 nodes** in total.

---

### ✅ Final Answer:
**14 nodes** in the graph.",128,False
node_count/18,node_count,all,zero_shot, 14.,qwen3-1.7b,"To determine how many nodes are in the graph, we can simply count the number of nodes listed in the problem.

The nodes are:

- Node 0  
- Node 1  
- Node 2  
- Node 3  
- Node 4  
- Node 5  
- Node 6  
- Node 7  
- Node 8  
- Node 9  
- Node 10  
- Node 11  
- Node 12  
- Node 13  

That's **14 nodes** in total.

---

### ✅ Final Answer:
**14 nodes** in the graph.",128,False
node_count/18,node_count,clustering,zero_shot, 14.,qwen3-1.7b,"To determine how many nodes are in the graph, we can simply count the number of nodes listed in the problem.

The nodes are:

- Node 0  
- Node 1  
- Node 2  
- Node 3  
- Node 4  
- Node 5  
- Node 6  
- Node 7  
- Node 8  
- Node 9  
- Node 10  
- Node 11  
- Node 12  
- Node 13  

This is a total of **14 nodes**.

### ✅ Final Answer: **14**",123,False
node_count/18,node_count,clustering,zero_shot, 14.,qwen3-1.7b,"To determine how many nodes are in the graph, we can simply count the number of nodes listed in the problem.

The nodes are:

- Node 0  
- Node 1  
- Node 2  
- Node 3  
- Node 4  
- Node 5  
- Node 6  
- Node 7  
- Node 8  
- Node 9  
- Node 10  
- Node 11  
- Node 12  
- Node 13  

This is a total of **14 nodes**.

### ✅ Final Answer: **14**",123,False
node_count/18,node_count,components,zero_shot, 14.,qwen3-1.7b,"To determine how many nodes are in the graph, we need to count the number of distinct nodes listed in the description.

The nodes are:

- 0
- 1
- 2
- 3
- 4
- 5
- 6
- 7
- 8
- 9
- 10
- 11
- 12
- 13

There are **14 distinct nodes** in the graph.

### ✅ Final Answer:
**14**",111,False
node_count/18,node_count,components,zero_shot, 14.,qwen3-1.7b,"To determine how many nodes are in the graph, we need to count the number of distinct nodes listed in the description.

The nodes are:

- 0
- 1
- 2
- 3
- 4
- 5
- 6
- 7
- 8
- 9
- 10
- 11
- 12
- 13

There are **14 distinct nodes** in the graph.

### ✅ Final Answer:
**14**",111,False
node_count/18,node_count,degree,zero_shot, 14.,qwen3-1.7b,"We are given a graph with nodes labeled from 0 to 13, and we are told the **degrees** of each node. The question is: **How many nodes are in this graph?**

### Step 1: Understand the problem
Each node has a degree, and the total number of nodes in the graph is the number of distinct labels given (0 through 13), which is **14**.

### Step 2: Verify the degrees
We are given the degrees of all nodes:

- Node 0: 7  
- Node 1: 10  
- Node 2: 6  
- Node 3: 11  
- Node 4: 9  
- Node 5: 11  
- Node 6: 10  
- Node 7: 9  
- Node 8: 10  
- Node 9: 8  
- Node 10: 11  
- Node 11: 9  
- Node 12: 11  
- Node 13: 9  

All degrees are listed, and there are **14** distinct nodes (from 0 to 13). So, the graph has **14 nodes**.

---

### ✅ Final Answer:
**14 nodes**.",276,False
node_count/18,node_count,degree,zero_shot, 14.,qwen3-1.7b,"We are given a graph with nodes labeled from 0 to 13, and we are told the **degrees** of each node. The question is: **How many nodes are in this graph?**

### Step 1: Understand the problem
Each node has a degree, and the total number of nodes in the graph is the number of distinct labels given (0 through 13), which is **14**.

### Step 2: Verify the degrees
We are given the degrees of all nodes:

- Node 0: 7  
- Node 1: 10  
- Node 2: 6  
- Node 3: 11  
- Node 4: 9  
- Node 5: 11  
- Node 6: 10  
- Node 7: 9  
- Node 8: 10  
- Node 9: 8  
- Node 10: 11  
- Node 11: 9  
- Node 12: 11  
- Node 13: 9  

All degrees are listed, and there are **14** distinct nodes (from 0 to 13). So, the graph has **14 nodes**.

---

### ✅ Final Answer:
**14 nodes**.",276,False
node_count/18,node_count,filler,zero_shot, 14.,qwen3-1.7b,"To determine how many nodes are in the graph, let's look at the information provided:

- The graph is described as containing **nodes 0, 1, 2, 3, 4, 5, 6, 7, 8, 9, 10, 11, 12, and 13**.
- This is explicitly stated in the question:  
  > ""Node 0 is simply present within the graph G. Node 1 is simply present within the graph G. Node 2 is simply present within the graph G. Node 3 is simply present within the graph G. Node 4 is simply present within the graph G. Node 5 is simply present within the graph G. Node 6 is simply present within the graph G. Node 7 is simply present within the graph G. Node 8 is simply present within the graph G. Node 9 is simply present within the graph G. Node 10 is simply present within the graph G. Node 11 is simply present within the graph G. Node 12 is simply present within the graph G. Node 13 is simply present within the graph G.""

This list includes **14 distinct nodes**.

---

### ✅ Final Answer:
**14 nodes** are in the graph.",274,False
node_count/18,node_count,filler,zero_shot, 14.,qwen3-1.7b,"To determine how many nodes are in the graph, let's look at the information provided:

- The graph is described as containing **nodes 0, 1, 2, 3, 4, 5, 6, 7, 8, 9, 10, 11, 12, and 13**.
- This is explicitly stated in the question:  
  > ""Node 0 is simply present within the graph G. Node 1 is simply present within the graph G. Node 2 is simply present within the graph G. Node 3 is simply present within the graph G. Node 4 is simply present within the graph G. Node 5 is simply present within the graph G. Node 6 is simply present within the graph G. Node 7 is simply present within the graph G. Node 8 is simply present within the graph G. Node 9 is simply present within the graph G. Node 10 is simply present within the graph G. Node 11 is simply present within the graph G. Node 12 is simply present within the graph G. Node 13 is simply present within the graph G.""

This list includes **14 distinct nodes**.

---

### ✅ Final Answer:
**14 nodes** are in the graph.",274,False
node_count/17,node_count,degree,zero_shot, 17.,qwen3-1.7b,"We are given a graph with nodes labeled from 0 to 16, and we are told the **degrees** of each node. The question is: **How many nodes are in this graph?**

### Step 1: Understand the problem
The graph has nodes numbered from 0 to 16, which is a total of **17 nodes**.

### Step 2: Verify the degrees
We are given the degrees of all nodes:

- Node 0: 14  
- Node 1: 9  
- Node 2: 14  
- Node 3: 13  
- Node 4: 12  
- Node 5: 10  
- Node 6: 11  
- Node 7: 12  
- Node 8: 11  
- Node 9: 13  
- Node 10: 12  
- Node 11: 12  
- Node 12: 12  
- Node 13: 6  
- Node 14: 7  
- Node 15: 11  
- Node 16: 11  

Let’s check that the sum of all degrees equals $ 2 \times \text{number of edges} $, which is a necessary condition for a graph to be valid.

### Step 3: Sum the degrees
$$
14 + 9 + 14 + 13 + 12 + 10 + 11 + 12 + 11 + 13 + 12 + 12 + 12 + 6 + 7 + 11 + 11
$$

Let’s compute this step by step:

- 14 + 9 = 23  
- 23 + 14 = 37  
- 37 + 13 = 50  
- 50 + 12 = 62  
- 62 + 10 = 72  
- 72 + 11 = 83  
- 83 + 12 = 95  
- 95 + 11 = 106  
- 106 + 13 = 119  
- 119 + 12 = 131  
- 131 + 12 = 143  
- 143 + 12 = 155  
- 155 + 6 = 161  
- 161 + 7 = 168  
- 168 + 11 = 179  
- 179 + 11 = 190

So the total degree sum is **190**.

Now, since each edge is counted twice in the degree sum, the number of edges is:

$$
\frac{190}{2} = 95
$$

This confirms that the graph is valid.

### Step 4: Answer the question
We are asked: **How many nodes are in this graph?**

The nodes are labeled from 0 to 16, which is a total of:

$$
16 - 0 + 1 = 17 \text{ nodes}
$$

---

### ✅ Final Answer:
$$
\boxed{17}
$$",729,False
node_count/18,node_count,none,zero_shot, 14.,qwen3-1.7b,"We are given a graph with nodes labeled from 0 to 13, and we are asked to determine how many **nodes** are in the graph.

### Step-by-step Analysis:

- The nodes are labeled as:  
  **0, 1, 2, 3, 4, 5, 6, 7, 8, 9, 10, 11, 12, 13**

- These are **14 distinct nodes**.

### Conclusion:

The graph has **14 nodes**.

---

### Final Answer:
**14**",125,False
node_count/17,node_count,filler,zero_shot, 17.,qwen3-1.7b,"The question asks: **How many nodes are in this graph?**

### Step-by-step Analysis:

- The graph is described as having **nodes numbered from 0 to 16**.
- This means the total number of nodes is the count of integers from 0 to 16 inclusive.

### Calculation:

$$
16 - 0 + 1 = 17
$$

### Final Answer:

$$
\boxed{17}
$$",95,False
node_count/18,node_count,none,zero_shot, 14.,qwen3-1.7b,"We are given a graph with nodes labeled from 0 to 13, and we are asked to determine how many **nodes** are in the graph.

### Step-by-step Analysis:

- The nodes are labeled as:  
  **0, 1, 2, 3, 4, 5, 6, 7, 8, 9, 10, 11, 12, 13**

- These are **14 distinct nodes**.

### Conclusion:

The graph has **14 nodes**.

---

### Final Answer:
**14**",125,False
node_count/18,node_count,rwse,zero_shot, 14.,qwen3-1.7b,"We are given a list of **nodes** (0 through 13) and their **connections**. The question is:

> **How many nodes are in this graph?**

### Step-by-step Analysis:

- The nodes are numbered from **0 to 13**.
- That means there are **14 nodes** in total.

### Final Answer:

$$
\boxed{14}
$$",84,False
node_count/18,node_count,rwse,zero_shot, 14.,qwen3-1.7b,"We are given a list of **nodes** (0 through 13) and their **connections**. The question is:

> **How many nodes are in this graph?**

### Step-by-step Analysis:

- The nodes are numbered from **0 to 13**.
- That means there are **14 nodes** in total.

### Final Answer:

$$
\boxed{14}
$$",84,False
node_count/17,node_count,none,zero_shot, 17.,qwen3-1.7b,"To determine how many nodes are in the graph, we simply count the number of distinct nodes listed in the description.

The nodes are:

**0, 1, 2, 3, 4, 5, 6, 7, 8, 9, 10, 11, 12, 13, 14, 15, 16**

There are **16** distinct nodes in the graph.

### ✅ Final Answer:
**16** nodes.",110,False
node_count/19,node_count,all,zero_shot, 19.,qwen3-1.7b,"To determine how many nodes are in the graph, we can simply count the number of nodes listed in the problem description.

The nodes are:

- Node 0  
- Node 1  
- Node 2  
- Node 3  
- Node 4  
- Node 5  
- Node 6  
- Node 7  
- Node 8  
- Node 9  
- Node 10  
- Node 11  
- Node 12  
- Node 13  
- Node 14  
- Node 15  
- Node 16  
- Node 17  
- Node 18  

This is a total of **19 nodes**.

---

### ✅ Final Answer:
**19 nodes**",156,False
node_count/19,node_count,all,zero_shot, 19.,qwen3-1.7b,"To determine how many nodes are in the graph, we can simply count the number of nodes listed in the problem description.

The nodes are:

- Node 0  
- Node 1  
- Node 2  
- Node 3  
- Node 4  
- Node 5  
- Node 6  
- Node 7  
- Node 8  
- Node 9  
- Node 10  
- Node 11  
- Node 12  
- Node 13  
- Node 14  
- Node 15  
- Node 16  
- Node 17  
- Node 18  

This is a total of **19 nodes**.

---

### ✅ Final Answer:
**19 nodes**",156,False
node_count/17,node_count,rwse,zero_shot, 17.,qwen3-1.7b,"To determine how many nodes are in the graph, we simply count the number of distinct nodes listed in the problem.

The nodes are:

- 0
- 1
- 2
- 3
- 4
- 5
- 6
- 7
- 8
- 9
- 10
- 11
- 12
- 13
- 14
- 15
- 16

That's a total of **17 nodes**.

---

### ✅ Final Answer:
**17** nodes are in this graph.",131,False
node_count/19,node_count,clustering,zero_shot, 19.,qwen3-1.7b,"To determine how many nodes are in the graph, we simply count the number of distinct nodes listed in the problem.

The nodes are:

- Node 0  
- Node 1  
- Node 2  
- Node 3  
- Node 4  
- Node 5  
- Node 6  
- Node 7  
- Node 8  
- Node 9  
- Node 10  
- Node 11  
- Node 12  
- Node 13  
- Node 14  
- Node 15  
- Node 16  
- Node 17  
- Node 18  

That's **19 distinct nodes**.

### ✅ Final Answer: **19**",151,False
node_count/19,node_count,clustering,zero_shot, 19.,qwen3-1.7b,"To determine how many nodes are in the graph, we simply count the number of distinct nodes listed in the problem.

The nodes are:

- Node 0  
- Node 1  
- Node 2  
- Node 3  
- Node 4  
- Node 5  
- Node 6  
- Node 7  
- Node 8  
- Node 9  
- Node 10  
- Node 11  
- Node 12  
- Node 13  
- Node 14  
- Node 15  
- Node 16  
- Node 17  
- Node 18  

That's **19 distinct nodes**.

### ✅ Final Answer: **19**",151,False
node_count/18,node_count,all,zero_shot, 14.,qwen3-1.7b,"To determine how many nodes are in the graph, we can simply count the number of nodes listed in the problem.

The nodes are:

- Node 0  
- Node 1  
- Node 2  
- Node 3  
- Node 4  
- Node 5  
- Node 6  
- Node 7  
- Node 8  
- Node 9  
- Node 10  
- Node 11  
- Node 12  
- Node 13  

That's **14 nodes** in total.

---

### ✅ Final Answer:
**14 nodes** in the graph.",128,False
node_count/19,node_count,components,zero_shot, 19.,qwen3-1.7b,"We are asked to determine how many **nodes** are in the graph described.

### Step-by-step Analysis:

The graph is described among **nodes 0 through 18**, which is a total of:

$$
18 - 0 + 1 = 19 \text{ nodes}
$$

This is explicitly stated in the question:

> ""This graph has 1 connected component. G describes a graph among nodes 0, 1, 2, 3, 4, 5, 6, 7, 8, 9, 10, 11, 12, 13, 14, 15, 16, 17, and 18.""

So, the number of **nodes** in the graph is:

$$
\boxed{19}
$$

---

### Final Answer:
$$
\boxed{19}
$$",192,False
node_count/19,node_count,components,zero_shot, 19.,qwen3-1.7b,"We are asked to determine how many **nodes** are in the graph described.

### Step-by-step Analysis:

The graph is described among **nodes 0 through 18**, which is a total of:

$$
18 - 0 + 1 = 19 \text{ nodes}
$$

This is explicitly stated in the question:

> ""This graph has 1 connected component. G describes a graph among nodes 0, 1, 2, 3, 4, 5, 6, 7, 8, 9, 10, 11, 12, 13, 14, 15, 16, 17, and 18.""

So, the number of **nodes** in the graph is:

$$
\boxed{19}
$$

---

### Final Answer:
$$
\boxed{19}
$$",192,False
node_count/18,node_count,clustering,zero_shot, 14.,qwen3-1.7b,"To determine how many nodes are in the graph, we can simply count the number of nodes listed in the problem.

The nodes are:

- Node 0  
- Node 1  
- Node 2  
- Node 3  
- Node 4  
- Node 5  
- Node 6  
- Node 7  
- Node 8  
- Node 9  
- Node 10  
- Node 11  
- Node 12  
- Node 13  

This is a total of **14 nodes**.

### ✅ Final Answer: **14**",123,False
node_count/19,node_count,degree,zero_shot, 19.,qwen3-1.7b,"We are given a list of degrees for each node in a graph, and we are told that the graph contains nodes from 0 to 18 (i.e., 19 nodes in total). The question is: **How many nodes are in this graph?**

### Step-by-step Analysis:

We are told:

- The graph contains **nodes 0 through 18**, which is a total of **19 nodes**.

This is explicitly stated in the question.

---

### Final Answer:

$$
\boxed{19}
$$",112,False
node_count/19,node_count,degree,zero_shot, 19.,qwen3-1.7b,"We are given a list of degrees for each node in a graph, and we are told that the graph contains nodes from 0 to 18 (i.e., 19 nodes in total). The question is: **How many nodes are in this graph?**

### Step-by-step Analysis:

We are told:

- The graph contains **nodes 0 through 18**, which is a total of **19 nodes**.

This is explicitly stated in the question.

---

### Final Answer:

$$
\boxed{19}
$$",112,False
node_count/18,node_count,components,zero_shot, 14.,qwen3-1.7b,"To determine how many nodes are in the graph, we need to count the number of distinct nodes listed in the description.

The nodes are:

- 0
- 1
- 2
- 3
- 4
- 5
- 6
- 7
- 8
- 9
- 10
- 11
- 12
- 13

There are **14 distinct nodes** in the graph.

### ✅ Final Answer:
**14**",111,False
node_count/19,node_count,filler,zero_shot, 19.,qwen3-1.7b,"To determine how many nodes are in the graph, let's analyze the information provided:

- The graph is described as containing **nodes 0 through 18**.
- The question explicitly states:  
  > ""Node 0 is simply present within the graph G. Node 1 is simply present within the graph G. Node 2 is simply present within the graph G. Node 3 is simply present within the graph G. Node 4 is simply present within the graph G. Node 5 is simply present within the graph G. Node 6 is simply present within the graph G. Node 7 is simply present within the graph G. Node 8 is simply present within the graph G. Node 9 is simply present within the graph G. Node 10 is simply present within the graph G. Node 11 is simply present within the graph G. Node 12 is simply present within the graph G. Node 13 is simply present within the graph G. Node 14 is simply present within the graph G. Node 15 is simply present within the graph G. Node 16 is simply present within the graph G. Node 17 is simply present within the graph G. Node 18 is simply present within the graph G.""

This list includes all the nodes from **0 to 18**, which is a total of:

$$
18 - 0 + 1 = 19 \text{ nodes}
$$

---

### ✅ Final Answer:
**19 nodes** are in the graph.",321,False
node_count/19,node_count,filler,zero_shot, 19.,qwen3-1.7b,"To determine how many nodes are in the graph, let's analyze the information provided:

- The graph is described as containing **nodes 0 through 18**.
- The question explicitly states:  
  > ""Node 0 is simply present within the graph G. Node 1 is simply present within the graph G. Node 2 is simply present within the graph G. Node 3 is simply present within the graph G. Node 4 is simply present within the graph G. Node 5 is simply present within the graph G. Node 6 is simply present within the graph G. Node 7 is simply present within the graph G. Node 8 is simply present within the graph G. Node 9 is simply present within the graph G. Node 10 is simply present within the graph G. Node 11 is simply present within the graph G. Node 12 is simply present within the graph G. Node 13 is simply present within the graph G. Node 14 is simply present within the graph G. Node 15 is simply present within the graph G. Node 16 is simply present within the graph G. Node 17 is simply present within the graph G. Node 18 is simply present within the graph G.""

This list includes all the nodes from **0 to 18**, which is a total of:

$$
18 - 0 + 1 = 19 \text{ nodes}
$$

---

### ✅ Final Answer:
**19 nodes** are in the graph.",321,False
node_count/19,node_count,none,zero_shot, 19.,qwen3-1.7b,"We are given a graph with nodes labeled from **0 to 18**, and we are asked to determine how many **nodes** are in the graph.

### Step-by-step Analysis:

- The nodes are labeled as:  
  **0, 1, 2, 3, 4, 5, 6, 7, 8, 9, 10, 11, 12, 13, 14, 15, 16, 17, 18**

- These are all the numbers from **0 to 18**, inclusive.

### Conclusion:

There are **19** nodes in the graph.

---

### Final Answer:
**19**",153,False
node_count/18,node_count,degree,zero_shot, 14.,qwen3-1.7b,"We are given a graph with nodes labeled from 0 to 13, and we are told the **degrees** of each node. The question is: **How many nodes are in this graph?**

### Step 1: Understand the problem
Each node has a degree, and the total number of nodes in the graph is the number of distinct labels given (0 through 13), which is **14**.

### Step 2: Verify the degrees
We are given the degrees of all nodes:

- Node 0: 7  
- Node 1: 10  
- Node 2: 6  
- Node 3: 11  
- Node 4: 9  
- Node 5: 11  
- Node 6: 10  
- Node 7: 9  
- Node 8: 10  
- Node 9: 8  
- Node 10: 11  
- Node 11: 9  
- Node 12: 11  
- Node 13: 9  

All degrees are listed, and there are **14** distinct nodes (from 0 to 13). So, the graph has **14 nodes**.

---

### ✅ Final Answer:
**14 nodes**.",276,False
node_count/19,node_count,none,zero_shot, 19.,qwen3-1.7b,"We are given a graph with nodes labeled from **0 to 18**, and we are asked to determine how many **nodes** are in the graph.

### Step-by-step Analysis:

- The nodes are labeled as:  
  **0, 1, 2, 3, 4, 5, 6, 7, 8, 9, 10, 11, 12, 13, 14, 15, 16, 17, 18**

- These are all the numbers from **0 to 18**, inclusive.

### Conclusion:

There are **19** nodes in the graph.

---

### Final Answer:
**19**",153,False
node_count/19,node_count,rwse,zero_shot, 19.,qwen3-1.7b,"To determine how many nodes are in the graph, we simply count the number of distinct nodes listed in the problem.

The nodes are:

- Node 0  
- Node 1  
- Node 2  
- Node 3  
- Node 4  
- Node 5  
- Node 6  
- Node 7  
- Node 8  
- Node 9  
- Node 10  
- Node 11  
- Node 12  
- Node 13  
- Node 14  
- Node 15  
- Node 16  
- Node 17  
- Node 18  

That's a total of **19 nodes**.

### ✅ Final Answer: **19**",153,False
node_count/19,node_count,rwse,zero_shot, 19.,qwen3-1.7b,"To determine how many nodes are in the graph, we simply count the number of distinct nodes listed in the problem.

The nodes are:

- Node 0  
- Node 1  
- Node 2  
- Node 3  
- Node 4  
- Node 5  
- Node 6  
- Node 7  
- Node 8  
- Node 9  
- Node 10  
- Node 11  
- Node 12  
- Node 13  
- Node 14  
- Node 15  
- Node 16  
- Node 17  
- Node 18  

That's a total of **19 nodes**.

### ✅ Final Answer: **19**",153,False
node_count/20,node_count,all,zero_shot, 14.,qwen3-1.7b,"To determine how many nodes are in the graph, we can simply count the number of distinct nodes listed in the problem.

From the description:

- Node 0
- Node 1
- Node 2
- Node 3
- Node 4
- Node 5
- Node 6
- Node 7
- Node 8
- Node 9
- Node 10
- Node 11
- Node 12
- Node 13

That's a total of **14 nodes**.

---

### ✅ Final Answer:
**14 nodes** are in the graph.",131,False
node_count/20,node_count,all,zero_shot, 14.,qwen3-1.7b,"To determine how many nodes are in the graph, we can simply count the number of distinct nodes listed in the problem.

From the description:

- Node 0
- Node 1
- Node 2
- Node 3
- Node 4
- Node 5
- Node 6
- Node 7
- Node 8
- Node 9
- Node 10
- Node 11
- Node 12
- Node 13

That's a total of **14 nodes**.

---

### ✅ Final Answer:
**14 nodes** are in the graph.",131,False
node_count/18,node_count,filler,zero_shot, 14.,qwen3-1.7b,"To determine how many nodes are in the graph, let's look at the information provided:

- The graph is described as containing **nodes 0, 1, 2, 3, 4, 5, 6, 7, 8, 9, 10, 11, 12, and 13**.
- This is explicitly stated in the question:  
  > ""Node 0 is simply present within the graph G. Node 1 is simply present within the graph G. Node 2 is simply present within the graph G. Node 3 is simply present within the graph G. Node 4 is simply present within the graph G. Node 5 is simply present within the graph G. Node 6 is simply present within the graph G. Node 7 is simply present within the graph G. Node 8 is simply present within the graph G. Node 9 is simply present within the graph G. Node 10 is simply present within the graph G. Node 11 is simply present within the graph G. Node 12 is simply present within the graph G. Node 13 is simply present within the graph G.""

This list includes **14 distinct nodes**.

---

### ✅ Final Answer:
**14 nodes** are in the graph.",274,False
node_count/20,node_count,clustering,zero_shot, 14.,qwen3-1.7b,"To determine how many nodes are in the graph, we can simply count the number of nodes listed in the description.

The nodes are:

- Node 0
- Node 1
- Node 2
- Node 3
- Node 4
- Node 5
- Node 6
- Node 7
- Node 8
- Node 9
- Node 10
- Node 11
- Node 12
- Node 13

That's a total of **14 nodes**.

### ✅ Final Answer:
**14** nodes are in the graph.",129,False
node_count/20,node_count,clustering,zero_shot, 14.,qwen3-1.7b,"To determine how many nodes are in the graph, we can simply count the number of nodes listed in the description.

The nodes are:

- Node 0
- Node 1
- Node 2
- Node 3
- Node 4
- Node 5
- Node 6
- Node 7
- Node 8
- Node 9
- Node 10
- Node 11
- Node 12
- Node 13

That's a total of **14 nodes**.

### ✅ Final Answer:
**14** nodes are in the graph.",129,False
node_count/18,node_count,none,zero_shot, 14.,qwen3-1.7b,"We are given a graph with nodes labeled from 0 to 13, and we are asked to determine how many **nodes** are in the graph.

### Step-by-step Analysis:

- The nodes are labeled as:  
  **0, 1, 2, 3, 4, 5, 6, 7, 8, 9, 10, 11, 12, 13**

- These are **14 distinct nodes**.

### Conclusion:

The graph has **14 nodes**.

---

### Final Answer:
**14**",125,False
node_count/20,node_count,components,zero_shot, 14.,qwen3-1.7b,"We are asked to determine how many **nodes** are in the graph described.

### Step-by-step analysis:

The graph is described among **nodes 0, 1, 2, 3, 4, 5, 6, 7, 8, 9, 10, 11, 12, and 13**.

This is a list of **14 distinct nodes**.

---

### Final Answer:

$$
\boxed{14}
$$",104,False
node_count/20,node_count,components,zero_shot, 14.,qwen3-1.7b,"We are asked to determine how many **nodes** are in the graph described.

### Step-by-step analysis:

The graph is described among **nodes 0, 1, 2, 3, 4, 5, 6, 7, 8, 9, 10, 11, 12, and 13**.

This is a list of **14 distinct nodes**.

---

### Final Answer:

$$
\boxed{14}
$$",104,False
node_count/18,node_count,rwse,zero_shot, 14.,qwen3-1.7b,"We are given a list of **nodes** (0 through 13) and their **connections**. The question is:

> **How many nodes are in this graph?**

### Step-by-step Analysis:

- The nodes are numbered from **0 to 13**.
- That means there are **14 nodes** in total.

### Final Answer:

$$
\boxed{14}
$$",84,False
node_count/19,node_count,all,zero_shot, 19.,qwen3-1.7b,"To determine how many nodes are in the graph, we can simply count the number of nodes listed in the problem description.

The nodes are:

- Node 0  
- Node 1  
- Node 2  
- Node 3  
- Node 4  
- Node 5  
- Node 6  
- Node 7  
- Node 8  
- Node 9  
- Node 10  
- Node 11  
- Node 12  
- Node 13  
- Node 14  
- Node 15  
- Node 16  
- Node 17  
- Node 18  

This is a total of **19 nodes**.

---

### ✅ Final Answer:
**19 nodes**",156,False
node_count/20,node_count,degree,zero_shot, 14.,qwen3-1.7b,"We are given a graph with nodes labeled from 0 to 13, and we are told the **degrees** of each node:

- Node 0: degree 8  
- Node 1: degree 4  
- Node 2: degree 9  
- Node 3: degree 1  
- Node 4: degree 2  
- Node 5: degree 7  
- Node 6: degree 7  
- Node 7: degree 3  
- Node 8: degree 5  
- Node 9: degree 3  
- Node 10: degree 7  
- Node 11: degree 8  
- Node 12: degree 6  
- Node 13: degree 4  

We are also given the **connections** (edges) for each node, and the question is: **How many nodes are in this graph?**

---

### Step 1: Count the number of nodes

The nodes are labeled from **0 to 13**, which is a total of:

$$
13 - 0 + 1 = 14 \text{ nodes}
$$

---

### Step 2: Verify the degrees match

Let’s check the sum of all degrees to ensure it matches the total number of edges (since each edge is counted twice in the degree sum):

$$
\text{Sum of degrees} = 8 + 4 + 9 + 1 + 2 + 7 + 7 + 3 + 5 + 3 + 7 + 8 + 6 + 4 = 76
$$

$$
\text{Number of edges} = \frac{76}{2} = 38
$$

Now, let’s count the number of nodes again (from 0 to 13), which is:

$$
13 - 0 + 1 = 14
$$

So, the graph has **14 nodes**.

---

### ✅ Final Answer:

$$
\boxed{14}
$$",429,False
node_count/20,node_count,degree,zero_shot, 14.,qwen3-1.7b,"We are given a graph with nodes labeled from 0 to 13, and we are told the **degrees** of each node:

- Node 0: degree 8  
- Node 1: degree 4  
- Node 2: degree 9  
- Node 3: degree 1  
- Node 4: degree 2  
- Node 5: degree 7  
- Node 6: degree 7  
- Node 7: degree 3  
- Node 8: degree 5  
- Node 9: degree 3  
- Node 10: degree 7  
- Node 11: degree 8  
- Node 12: degree 6  
- Node 13: degree 4  

We are also given the **connections** (edges) for each node, and the question is: **How many nodes are in this graph?**

---

### Step 1: Count the number of nodes

The nodes are labeled from **0 to 13**, which is a total of:

$$
13 - 0 + 1 = 14 \text{ nodes}
$$

---

### Step 2: Verify the degrees match

Let’s check the sum of all degrees to ensure it matches the total number of edges (since each edge is counted twice in the degree sum):

$$
\text{Sum of degrees} = 8 + 4 + 9 + 1 + 2 + 7 + 7 + 3 + 5 + 3 + 7 + 8 + 6 + 4 = 76
$$

$$
\text{Number of edges} = \frac{76}{2} = 38
$$

Now, let’s count the number of nodes again (from 0 to 13), which is:

$$
13 - 0 + 1 = 14
$$

So, the graph has **14 nodes**.

---

### ✅ Final Answer:

$$
\boxed{14}
$$",429,False
node_count/19,node_count,clustering,zero_shot, 19.,qwen3-1.7b,"To determine how many nodes are in the graph, we simply count the number of distinct nodes listed in the problem.

The nodes are:

- Node 0  
- Node 1  
- Node 2  
- Node 3  
- Node 4  
- Node 5  
- Node 6  
- Node 7  
- Node 8  
- Node 9  
- Node 10  
- Node 11  
- Node 12  
- Node 13  
- Node 14  
- Node 15  
- Node 16  
- Node 17  
- Node 18  

That's **19 distinct nodes**.

### ✅ Final Answer: **19**",151,False
node_count/20,node_count,filler,zero_shot, 14.,qwen3-1.7b,"To determine how many nodes are in the graph, let's analyze the information provided:

- The graph is described as containing **nodes 0 through 13**.
- The question explicitly states:  
  > ""Node 0 is simply present within the graph G. Node 1 is simply present within the graph G. Node 2 is simply present within the graph G. Node 3 is simply present within the graph G. Node 4 is simply present within the graph G. Node 5 is simply present within the graph G. Node 6 is simply present within the graph G. Node 7 is simply present within the graph G. Node 8 is simply present within the graph G. Node 9 is simply present within the graph G. Node 10 is simply present within the graph G. Node 11 is simply present within the graph G. Node 12 is simply present within the graph G. Node 13 is simply present within the graph G.""

This confirms that the graph contains **14 nodes** (from 0 to 13 inclusive).

---

### ✅ Final Answer:
**14 nodes** are in the graph.",241,False
node_count/20,node_count,filler,zero_shot, 14.,qwen3-1.7b,"To determine how many nodes are in the graph, let's analyze the information provided:

- The graph is described as containing **nodes 0 through 13**.
- The question explicitly states:  
  > ""Node 0 is simply present within the graph G. Node 1 is simply present within the graph G. Node 2 is simply present within the graph G. Node 3 is simply present within the graph G. Node 4 is simply present within the graph G. Node 5 is simply present within the graph G. Node 6 is simply present within the graph G. Node 7 is simply present within the graph G. Node 8 is simply present within the graph G. Node 9 is simply present within the graph G. Node 10 is simply present within the graph G. Node 11 is simply present within the graph G. Node 12 is simply present within the graph G. Node 13 is simply present within the graph G.""

This confirms that the graph contains **14 nodes** (from 0 to 13 inclusive).

---

### ✅ Final Answer:
**14 nodes** are in the graph.",241,False
node_count/19,node_count,components,zero_shot, 19.,qwen3-1.7b,"We are asked to determine how many **nodes** are in the graph described.

### Step-by-step Analysis:

The graph is described among **nodes 0 through 18**, which is a total of:

$$
18 - 0 + 1 = 19 \text{ nodes}
$$

This is explicitly stated in the question:

> ""This graph has 1 connected component. G describes a graph among nodes 0, 1, 2, 3, 4, 5, 6, 7, 8, 9, 10, 11, 12, 13, 14, 15, 16, 17, and 18.""

So, the number of **nodes** in the graph is:

$$
\boxed{19}
$$

---

### Final Answer:
$$
\boxed{19}
$$",192,False
node_count/20,node_count,none,zero_shot, 14.,qwen3-1.7b,"We are given a graph with nodes labeled from 0 to 13, and we are asked to determine how many **nodes** are in the graph.

### Step-by-step Analysis:

The nodes are:

- 0
- 1
- 2
- 3
- 4
- 5
- 6
- 7
- 8
- 9
- 10
- 11
- 12
- 13

These are all the nodes listed in the problem description.

### Conclusion:

There are **14 nodes** in the graph.

---

**Answer:** 14",135,False
node_count/20,node_count,none,zero_shot, 14.,qwen3-1.7b,"We are given a graph with nodes labeled from 0 to 13, and we are asked to determine how many **nodes** are in the graph.

### Step-by-step Analysis:

The nodes are:

- 0
- 1
- 2
- 3
- 4
- 5
- 6
- 7
- 8
- 9
- 10
- 11
- 12
- 13

These are all the nodes listed in the problem description.

### Conclusion:

There are **14 nodes** in the graph.

---

**Answer:** 14",135,False
node_count/19,node_count,degree,zero_shot, 19.,qwen3-1.7b,"We are given a list of degrees for each node in a graph, and we are told that the graph contains nodes from 0 to 18 (i.e., 19 nodes in total). The question is: **How many nodes are in this graph?**

### Step-by-step Analysis:

We are told:

- The graph contains **nodes 0 through 18**, which is a total of **19 nodes**.

This is explicitly stated in the question.

---

### Final Answer:

$$
\boxed{19}
$$",112,False
node_count/20,node_count,rwse,zero_shot, 14.,qwen3-1.7b,"We are given a list of nodes (0 through 13) and their return probabilities after 2 and 3 steps. The question is:

> **How many nodes are in this graph?**

### Step 1: Count the number of nodes
The nodes listed are:

- Node 0
- Node 1
- Node 2
- Node 3
- Node 4
- Node 5
- Node 6
- Node 7
- Node 8
- Node 9
- Node 10
- Node 11
- Node 12
- Node 13

That's **14 nodes**.

---

### ✅ Final Answer:
**14 nodes** are in the graph.",157,False
node_count/20,node_count,rwse,zero_shot, 14.,qwen3-1.7b,"We are given a list of nodes (0 through 13) and their return probabilities after 2 and 3 steps. The question is:

> **How many nodes are in this graph?**

### Step 1: Count the number of nodes
The nodes listed are:

- Node 0
- Node 1
- Node 2
- Node 3
- Node 4
- Node 5
- Node 6
- Node 7
- Node 8
- Node 9
- Node 10
- Node 11
- Node 12
- Node 13

That's **14 nodes**.

---

### ✅ Final Answer:
**14 nodes** are in the graph.",157,False
node_count/21,node_count,all,zero_shot, 16.,qwen3-1.7b,"To determine how many nodes are in the graph, we can simply count the number of distinct nodes listed in the problem.

From the problem description, the nodes are:

- Node 0  
- Node 1  
- Node 2  
- Node 3  
- Node 4  
- Node 5  
- Node 6  
- Node 7  
- Node 8  
- Node 9  
- Node 10  
- Node 11  
- Node 12  
- Node 13  
- Node 14  
- Node 15  

This is a total of **16 nodes**.

---

### ✅ Final Answer:
**16 nodes**.",144,False
node_count/21,node_count,all,zero_shot, 16.,qwen3-1.7b,"To determine how many nodes are in the graph, we can simply count the number of distinct nodes listed in the problem.

From the problem description, the nodes are:

- Node 0  
- Node 1  
- Node 2  
- Node 3  
- Node 4  
- Node 5  
- Node 6  
- Node 7  
- Node 8  
- Node 9  
- Node 10  
- Node 11  
- Node 12  
- Node 13  
- Node 14  
- Node 15  

This is a total of **16 nodes**.

---

### ✅ Final Answer:
**16 nodes**.",144,False
node_count/21,node_count,clustering,zero_shot, 16.,qwen3-1.7b,"To determine how many nodes are in the graph, we simply count the number of distinct nodes listed in the problem.

The nodes are:

**0, 1, 2, 3, 4, 5, 6, 7, 8, 9, 10, 11, 12, 13, 14, 15**

This is a total of **16 nodes**.

### ✅ Final Answer:
**16**",103,False
node_count/21,node_count,clustering,zero_shot, 16.,qwen3-1.7b,"To determine how many nodes are in the graph, we simply count the number of distinct nodes listed in the problem.

The nodes are:

**0, 1, 2, 3, 4, 5, 6, 7, 8, 9, 10, 11, 12, 13, 14, 15**

This is a total of **16 nodes**.

### ✅ Final Answer:
**16**",103,False
node_count/19,node_count,filler,zero_shot, 19.,qwen3-1.7b,"To determine how many nodes are in the graph, let's analyze the information provided:

- The graph is described as containing **nodes 0 through 18**.
- The question explicitly states:  
  > ""Node 0 is simply present within the graph G. Node 1 is simply present within the graph G. Node 2 is simply present within the graph G. Node 3 is simply present within the graph G. Node 4 is simply present within the graph G. Node 5 is simply present within the graph G. Node 6 is simply present within the graph G. Node 7 is simply present within the graph G. Node 8 is simply present within the graph G. Node 9 is simply present within the graph G. Node 10 is simply present within the graph G. Node 11 is simply present within the graph G. Node 12 is simply present within the graph G. Node 13 is simply present within the graph G. Node 14 is simply present within the graph G. Node 15 is simply present within the graph G. Node 16 is simply present within the graph G. Node 17 is simply present within the graph G. Node 18 is simply present within the graph G.""

This list includes all the nodes from **0 to 18**, which is a total of:

$$
18 - 0 + 1 = 19 \text{ nodes}
$$

---

### ✅ Final Answer:
**19 nodes** are in the graph.",321,False
node_count/21,node_count,components,zero_shot, 16.,qwen3-1.7b,"To determine how many nodes are in the graph, we are given that the graph has **1 connected component** and the nodes are labeled from **0 to 15**.

---

### ✅ Key Information:
- The graph is defined among **nodes 0 through 15**.
- The question asks: **How many nodes are in this graph?**

---

### ✅ Conclusion:
Since the graph is defined among nodes 0 through 15, and no other nodes are mentioned, the total number of nodes is:

$$
\boxed{16}
$$",118,False
node_count/21,node_count,components,zero_shot, 16.,qwen3-1.7b,"To determine how many nodes are in the graph, we are given that the graph has **1 connected component** and the nodes are labeled from **0 to 15**.

---

### ✅ Key Information:
- The graph is defined among **nodes 0 through 15**.
- The question asks: **How many nodes are in this graph?**

---

### ✅ Conclusion:
Since the graph is defined among nodes 0 through 15, and no other nodes are mentioned, the total number of nodes is:

$$
\boxed{16}
$$",118,False
node_count/19,node_count,none,zero_shot, 19.,qwen3-1.7b,"We are given a graph with nodes labeled from **0 to 18**, and we are asked to determine how many **nodes** are in the graph.

### Step-by-step Analysis:

- The nodes are labeled as:  
  **0, 1, 2, 3, 4, 5, 6, 7, 8, 9, 10, 11, 12, 13, 14, 15, 16, 17, 18**

- These are all the numbers from **0 to 18**, inclusive.

### Conclusion:

There are **19** nodes in the graph.

---

### Final Answer:
**19**",153,False
node_count/21,node_count,degree,zero_shot, 16.,qwen3-1.7b,"We are given a graph with nodes labeled from 0 to 15, and we are told the **degrees** of each node. The question is: **How many nodes are in this graph?**

### Step 1: Understand the problem
Each node has a degree, and the total number of nodes in the graph is the number of distinct labels given. The labels are from 0 to 15, which is a total of **16 nodes**.

### Step 2: Verify the degrees
We are given the degrees of all nodes:

- Node 0: 11  
- Node 1: 11  
- Node 2: 10  
- Node 3: 12  
- Node 4: 10  
- Node 5: 10  
- Node 6: 8  
- Node 7: 10  
- Node 8: 11  
- Node 9: 9  
- Node 10: 8  
- Node 11: 8  
- Node 12: 10  
- Node 13: 10  
- Node 14: 10  
- Node 15: 12  

All the degrees are listed, and the nodes are from 0 to 15, so there are **16 nodes** in the graph.

---

### ✅ Final Answer:
**16 nodes**.",304,False
node_count/21,node_count,degree,zero_shot, 16.,qwen3-1.7b,"We are given a graph with nodes labeled from 0 to 15, and we are told the **degrees** of each node. The question is: **How many nodes are in this graph?**

### Step 1: Understand the problem
Each node has a degree, and the total number of nodes in the graph is the number of distinct labels given. The labels are from 0 to 15, which is a total of **16 nodes**.

### Step 2: Verify the degrees
We are given the degrees of all nodes:

- Node 0: 11  
- Node 1: 11  
- Node 2: 10  
- Node 3: 12  
- Node 4: 10  
- Node 5: 10  
- Node 6: 8  
- Node 7: 10  
- Node 8: 11  
- Node 9: 9  
- Node 10: 8  
- Node 11: 8  
- Node 12: 10  
- Node 13: 10  
- Node 14: 10  
- Node 15: 12  

All the degrees are listed, and the nodes are from 0 to 15, so there are **16 nodes** in the graph.

---

### ✅ Final Answer:
**16 nodes**.",304,False
node_count/19,node_count,rwse,zero_shot, 19.,qwen3-1.7b,"To determine how many nodes are in the graph, we simply count the number of distinct nodes listed in the problem.

The nodes are:

- Node 0  
- Node 1  
- Node 2  
- Node 3  
- Node 4  
- Node 5  
- Node 6  
- Node 7  
- Node 8  
- Node 9  
- Node 10  
- Node 11  
- Node 12  
- Node 13  
- Node 14  
- Node 15  
- Node 16  
- Node 17  
- Node 18  

That's a total of **19 nodes**.

### ✅ Final Answer: **19**",153,False
node_count/21,node_count,filler,zero_shot, 16.,qwen3-1.7b,"The question asks: **How many nodes are in this graph?**

### Step-by-step Analysis:

- The graph is described as having **nodes numbered from 0 to 15**.
- This means there are **16 nodes** in total: 0, 1, 2, 3, 4, 5, 6, 7, 8, 9, 10, 11, 12, 13, 14, and 15.

### Conclusion:

The graph contains **16 nodes**.

**Answer: 16**",127,False
node_count/21,node_count,filler,zero_shot, 16.,qwen3-1.7b,"The question asks: **How many nodes are in this graph?**

### Step-by-step Analysis:

- The graph is described as having **nodes numbered from 0 to 15**.
- This means there are **16 nodes** in total: 0, 1, 2, 3, 4, 5, 6, 7, 8, 9, 10, 11, 12, 13, 14, and 15.

### Conclusion:

The graph contains **16 nodes**.

**Answer: 16**",127,False
node_count/20,node_count,all,zero_shot, 14.,qwen3-1.7b,"To determine how many nodes are in the graph, we can simply count the number of distinct nodes listed in the problem.

From the description:

- Node 0
- Node 1
- Node 2
- Node 3
- Node 4
- Node 5
- Node 6
- Node 7
- Node 8
- Node 9
- Node 10
- Node 11
- Node 12
- Node 13

That's a total of **14 nodes**.

---

### ✅ Final Answer:
**14 nodes** are in the graph.",131,False
node_count/21,node_count,none,zero_shot, 16.,qwen3-1.7b,"We are given a graph with nodes labeled from 0 to 15, and we are asked to determine how many **nodes** are in the graph.

### Step-by-step Analysis:

- The nodes are labeled as:  
  **0, 1, 2, 3, 4, 5, 6, 7, 8, 9, 10, 11, 12, 13, 14, 15**

- There are **16** distinct labels from 0 to 15.

### Conclusion:

The graph contains **16 nodes**.

---

### Final Answer:
**16**",140,False
node_count/21,node_count,none,zero_shot, 16.,qwen3-1.7b,"We are given a graph with nodes labeled from 0 to 15, and we are asked to determine how many **nodes** are in the graph.

### Step-by-step Analysis:

- The nodes are labeled as:  
  **0, 1, 2, 3, 4, 5, 6, 7, 8, 9, 10, 11, 12, 13, 14, 15**

- There are **16** distinct labels from 0 to 15.

### Conclusion:

The graph contains **16 nodes**.

---

### Final Answer:
**16**",140,False
node_count/21,node_count,rwse,zero_shot, 16.,qwen3-1.7b,"We are given a list of nodes (from 0 to 15) and their connections. The question is: **How many nodes are in this graph?**

### Step-by-step Analysis:

- The nodes are numbered from **0 to 15**.
- Each number in the range 0 to 15 represents a unique node.
- There are **16 nodes** in total (from 0 to 15 inclusive).

### Conclusion:

$$
\boxed{16}
$$

**Answer: 16**",112,False
node_count/20,node_count,clustering,zero_shot, 14.,qwen3-1.7b,"To determine how many nodes are in the graph, we can simply count the number of nodes listed in the description.

The nodes are:

- Node 0
- Node 1
- Node 2
- Node 3
- Node 4
- Node 5
- Node 6
- Node 7
- Node 8
- Node 9
- Node 10
- Node 11
- Node 12
- Node 13

That's a total of **14 nodes**.

### ✅ Final Answer:
**14** nodes are in the graph.",129,False
node_count/21,node_count,rwse,zero_shot, 16.,qwen3-1.7b,"We are given a list of nodes (from 0 to 15) and their connections. The question is: **How many nodes are in this graph?**

### Step-by-step Analysis:

- The nodes are numbered from **0 to 15**.
- Each number in the range 0 to 15 represents a unique node.
- There are **16 nodes** in total (from 0 to 15 inclusive).

### Conclusion:

$$
\boxed{16}
$$

**Answer: 16**",112,False
node_count/20,node_count,components,zero_shot, 14.,qwen3-1.7b,"We are asked to determine how many **nodes** are in the graph described.

### Step-by-step analysis:

The graph is described among **nodes 0, 1, 2, 3, 4, 5, 6, 7, 8, 9, 10, 11, 12, and 13**.

This is a list of **14 distinct nodes**.

---

### Final Answer:

$$
\boxed{14}
$$",104,False
node_count/21,node_count,degree,zero_shot, 16.,qwen3-1.7b,"We are given a graph with nodes labeled from 0 to 15, and we are told the **degrees** of each node. The question is: **How many nodes are in this graph?**

### Step 1: Understand the problem
Each node has a degree, and the total number of nodes in the graph is the number of distinct labels given. The labels are from 0 to 15, which is a total of **16 nodes**.

### Step 2: Verify the degrees
We are given the degrees of all nodes:

- Node 0: 11  
- Node 1: 11  
- Node 2: 10  
- Node 3: 12  
- Node 4: 10  
- Node 5: 10  
- Node 6: 8  
- Node 7: 10  
- Node 8: 11  
- Node 9: 9  
- Node 10: 8  
- Node 11: 8  
- Node 12: 10  
- Node 13: 10  
- Node 14: 10  
- Node 15: 12  

All the degrees are listed, and the nodes are from 0 to 15, so there are **16 nodes** in the graph.

---

### ✅ Final Answer:
**16 nodes**.",304,False
node_count/21,node_count,filler,zero_shot, 16.,qwen3-1.7b,"The question asks: **How many nodes are in this graph?**

### Step-by-step Analysis:

- The graph is described as having **nodes numbered from 0 to 15**.
- This means there are **16 nodes** in total: 0, 1, 2, 3, 4, 5, 6, 7, 8, 9, 10, 11, 12, 13, 14, and 15.

### Conclusion:

The graph contains **16 nodes**.

**Answer: 16**",127,False
node_count/21,node_count,none,zero_shot, 16.,qwen3-1.7b,"We are given a graph with nodes labeled from 0 to 15, and we are asked to determine how many **nodes** are in the graph.

### Step-by-step Analysis:

- The nodes are labeled as:  
  **0, 1, 2, 3, 4, 5, 6, 7, 8, 9, 10, 11, 12, 13, 14, 15**

- There are **16** distinct labels from 0 to 15.

### Conclusion:

The graph contains **16 nodes**.

---

### Final Answer:
**16**",140,False
node_count/21,node_count,rwse,zero_shot, 16.,qwen3-1.7b,"We are given a list of nodes (from 0 to 15) and their connections. The question is: **How many nodes are in this graph?**

### Step-by-step Analysis:

- The nodes are numbered from **0 to 15**.
- Each number in the range 0 to 15 represents a unique node.
- There are **16 nodes** in total (from 0 to 15 inclusive).

### Conclusion:

$$
\boxed{16}
$$

**Answer: 16**",112,False
